id,branch_code,customers_id,name,email,phone,address,cities_id,states_id,countries_id,pincode,GSTIN,CIN,PAN,TAN,MSME,IEC,data_fields,crc_search_schema,search_schema_id,bank_data,created_at,created_by,updated_at,updated_by,status,id,customer_code,name,email,phone,address,crc_search_schema,created_at,created_by,updated_at,updated_by,status,sector_id
"1","BLR","17","Bangalore","info@kbl.com","1234567890","#13, Bangalore","1558","17","101","560023","","","",\N,\N,\N,\N,\N,\N,\N,"2022-04-14 17:35:50","1",\N,\N,"20","17","KBL","Karnataka Bank","info@kbl.com","1234567890","#13, Bangalore","{\
  ""nameSearchQueries"": [\
    {\
      ""queryDHI"": {\
        ""multi_match"": {\
          ""query"": ""SEARCH_NAME"",\
          ""fields"": [\
            ""name""\
          ],\
          ""type"": ""phrase"",\
          ""analyzer"": ""dhi_term_analyzer"",\
          ""boost"": 10\
        }\
      }\
    }\
  ],\
  ""addressSearchQueries"": [\
    {\
      ""queryDHI"": {\
        ""match"": {\
          ""address"": {\
            ""query"": ""SEARCH_ADDRESS"",\
            ""analyzer"": ""dhi_term_analyzer""\
          }\
        }\
      }\
    }\
  ],\
  ""nameAddressQueries"": [\
    {\
      ""queryDHI"": {\
        ""bool"": {\
          ""must"": [\
            {\
              ""multi_match"": {\
                ""query"": ""SEARCH_NAME"",\
                ""fields"": [\
                  ""name""\
                ],\
                ""type"": ""phrase"",\
                ""analyzer"": ""dhi_term_analyzer"",\
                ""boost"": 10\
              }\
            },\
            {\
              ""multi_match"": {\
                ""query"": ""SEARCH_ADDRESS"",\
                ""type"": ""most_fields"",\
                ""fields"": [\
                  ""address""\
                ],\
                ""analyzer"": ""dhi_term_analyzer"",\
                ""boost"": 2\
              }\
            }\
          ]\
        }\
      }\
    },\
    {\
      ""queryDHI"": {\
        ""bool"": {\
          ""must"": [\
            {\
              ""multi_match"": {\
                ""query"": ""SEARCH_NAME"",\
                ""fields"": [\
                  ""name""\
                ],\
                ""type"": ""phrase"",\
                ""analyzer"": ""dhi_term_analyzer"",\
                ""boost"": 2\
              }\
            },\
            {\
              ""multi_match"": {\
                ""query"": ""SEARCH_ADDRESS"",\
                ""type"": ""most_fields"",\
                ""fields"": [\
                  ""address""\
                ],\
                ""analyzer"": ""dhi_term_analyzer"",\
                ""boost"": 10\
              }\
            }\
          ]\
        }\
      }\
    }\
  ]\
}","2022-04-14 17:34:19","1","2022-06-23 15:23:13","1","18","2"
"199","ADKMHL","17","Adakamaranahalli","adakamaranahalli@ktkbank.com","8951914369","Adakamaranahalli","1558","17","101","","","29AABCT5589K1ZL","","AABCT5589K",\N,"UDYAM-KR-03-0106234",\N,\N,\N,\N,"2022-07-13 16:02:54","21",\N,\N,"20","17","KBL","Karnataka Bank","info@kbl.com","1234567890","#13, Bangalore","{\
  ""nameSearchQueries"": [\
    {\
      ""queryDHI"": {\
        ""multi_match"": {\
          ""query"": ""SEARCH_NAME"",\
          ""fields"": [\
            ""name""\
          ],\
          ""type"": ""phrase"",\
          ""analyzer"": ""dhi_term_analyzer"",\
          ""boost"": 10\
        }\
      }\
    }\
  ],\
  ""addressSearchQueries"": [\
    {\
      ""queryDHI"": {\
        ""match"": {\
          ""address"": {\
            ""query"": ""SEARCH_ADDRESS"",\
            ""analyzer"": ""dhi_term_analyzer""\
          }\
        }\
      }\
    }\
  ],\
  ""nameAddressQueries"": [\
    {\
      ""queryDHI"": {\
        ""bool"": {\
          ""must"": [\
            {\
              ""multi_match"": {\
                ""query"": ""SEARCH_NAME"",\
                ""fields"": [\
                  ""name""\
                ],\
                ""type"": ""phrase"",\
                ""analyzer"": ""dhi_term_analyzer"",\
                ""boost"": 10\
              }\
            },\
            {\
              ""multi_match"": {\
                ""query"": ""SEARCH_ADDRESS"",\
                ""type"": ""most_fields"",\
                ""fields"": [\
                  ""address""\
                ],\
                ""analyzer"": ""dhi_term_analyzer"",\
                ""boost"": 2\
              }\
            }\
          ]\
        }\
      }\
    },\
    {\
      ""queryDHI"": {\
        ""bool"": {\
          ""must"": [\
            {\
              ""multi_match"": {\
                ""query"": ""SEARCH_NAME"",\
                ""fields"": [\
                  ""name""\
                ],\
                ""type"": ""phrase"",\
                ""analyzer"": ""dhi_term_analyzer"",\
                ""boost"": 2\
              }\
            },\
            {\
              ""multi_match"": {\
                ""query"": ""SEARCH_ADDRESS"",\
                ""type"": ""most_fields"",\
                ""fields"": [\
                  ""address""\
                ],\
                ""analyzer"": ""dhi_term_analyzer"",\
                ""boost"": 10\
              }\
            }\
          ]\
        }\
      }\
    }\
  ]\
}","2022-04-14 17:34:19","1","2022-06-23 15:23:13","1","18","2"
"200","AKSYNR","17","Akshaynagar","blr.akshayanagar@ktkbank.com","9148444020","Akshaynagar","1558","17","101","","","29AABCT5589K1ZL","","AABCT5589K",\N,"UDYAM-KR-03-0106234",\N,\N,\N,\N,"2022-07-13 16:02:54","21",\N,\N,"20","17","KBL","Karnataka Bank","info@kbl.com","1234567890","#13, Bangalore","{\
  ""nameSearchQueries"": [\
    {\
      ""queryDHI"": {\
        ""multi_match"": {\
          ""query"": ""SEARCH_NAME"",\
          ""fields"": [\
            ""name""\
          ],\
          ""type"": ""phrase"",\
          ""analyzer"": ""dhi_term_analyzer"",\
          ""boost"": 10\
        }\
      }\
    }\
  ],\
  ""addressSearchQueries"": [\
    {\
      ""queryDHI"": {\
        ""match"": {\
          ""address"": {\
            ""query"": ""SEARCH_ADDRESS"",\
            ""analyzer"": ""dhi_term_analyzer""\
          }\
        }\
      }\
    }\
  ],\
  ""nameAddressQueries"": [\
    {\
      ""queryDHI"": {\
        ""bool"": {\
          ""must"": [\
            {\
              ""multi_match"": {\
                ""query"": ""SEARCH_NAME"",\
                ""fields"": [\
                  ""name""\
                ],\
                ""type"": ""phrase"",\
                ""analyzer"": ""dhi_term_analyzer"",\
                ""boost"": 10\
              }\
            },\
            {\
              ""multi_match"": {\
                ""query"": ""SEARCH_ADDRESS"",\
                ""type"": ""most_fields"",\
                ""fields"": [\
                  ""address""\
                ],\
                ""analyzer"": ""dhi_term_analyzer"",\
                ""boost"": 2\
              }\
            }\
          ]\
        }\
      }\
    },\
    {\
      ""queryDHI"": {\
        ""bool"": {\
          ""must"": [\
            {\
              ""multi_match"": {\
                ""query"": ""SEARCH_NAME"",\
                ""fields"": [\
                  ""name""\
                ],\
                ""type"": ""phrase"",\
                ""analyzer"": ""dhi_term_analyzer"",\
                ""boost"": 2\
              }\
            },\
            {\
              ""multi_match"": {\
                ""query"": ""SEARCH_ADDRESS"",\
                ""type"": ""most_fields"",\
                ""fields"": [\
                  ""address""\
                ],\
                ""analyzer"": ""dhi_term_analyzer"",\
                ""boost"": 10\
              }\
            }\
          ]\
        }\
      }\
    }\
  ]\
}","2022-04-14 17:34:19","1","2022-06-23 15:23:13","1","18","2"
"201","AMJYNR","17","Amarjyothinagar","blr.amarjyothinagar@ktkbank.com","9449595409","Amarjyothinagar","1558","17","101","","","29AABCT5589K1ZL","","AABCT5589K",\N,"UDYAM-KR-03-0106234",\N,\N,\N,\N,"2022-07-13 16:02:54","21",\N,\N,"20","17","KBL","Karnataka Bank","info@kbl.com","1234567890","#13, Bangalore","{\
  ""nameSearchQueries"": [\
    {\
      ""queryDHI"": {\
        ""multi_match"": {\
          ""query"": ""SEARCH_NAME"",\
          ""fields"": [\
            ""name""\
          ],\
          ""type"": ""phrase"",\
          ""analyzer"": ""dhi_term_analyzer"",\
          ""boost"": 10\
        }\
      }\
    }\
  ],\
  ""addressSearchQueries"": [\
    {\
      ""queryDHI"": {\
        ""match"": {\
          ""address"": {\
            ""query"": ""SEARCH_ADDRESS"",\
            ""analyzer"": ""dhi_term_analyzer""\
          }\
        }\
      }\
    }\
  ],\
  ""nameAddressQueries"": [\
    {\
      ""queryDHI"": {\
        ""bool"": {\
          ""must"": [\
            {\
              ""multi_match"": {\
                ""query"": ""SEARCH_NAME"",\
                ""fields"": [\
                  ""name""\
                ],\
                ""type"": ""phrase"",\
                ""analyzer"": ""dhi_term_analyzer"",\
                ""boost"": 10\
              }\
            },\
            {\
              ""multi_match"": {\
                ""query"": ""SEARCH_ADDRESS"",\
                ""type"": ""most_fields"",\
                ""fields"": [\
                  ""address""\
                ],\
                ""analyzer"": ""dhi_term_analyzer"",\
                ""boost"": 2\
              }\
            }\
          ]\
        }\
      }\
    },\
    {\
      ""queryDHI"": {\
        ""bool"": {\
          ""must"": [\
            {\
              ""multi_match"": {\
                ""query"": ""SEARCH_NAME"",\
                ""fields"": [\
                  ""name""\
                ],\
                ""type"": ""phrase"",\
                ""analyzer"": ""dhi_term_analyzer"",\
                ""boost"": 2\
              }\
            },\
            {\
              ""multi_match"": {\
                ""query"": ""SEARCH_ADDRESS"",\
                ""type"": ""most_fields"",\
                ""fields"": [\
                  ""address""\
                ],\
                ""analyzer"": ""dhi_term_analyzer"",\
                ""boost"": 10\
              }\
            }\
          ]\
        }\
      }\
    }\
  ]\
}","2022-04-14 17:34:19","1","2022-06-23 15:23:13","1","18","2"
"202","ANDAPR","17","Anandapura","blr.anandapura@ktkbank.com","9483421665","Anandapura","1558","17","101","","","29AABCT5589K1ZL","","AABCT5589K",\N,"UDYAM-KR-03-0106234",\N,\N,"6",\N,"2022-07-13 16:02:54","21",\N,\N,"20","17","KBL","Karnataka Bank","info@kbl.com","1234567890","#13, Bangalore","{\
  ""nameSearchQueries"": [\
    {\
      ""queryDHI"": {\
        ""multi_match"": {\
          ""query"": ""SEARCH_NAME"",\
          ""fields"": [\
            ""name""\
          ],\
          ""type"": ""phrase"",\
          ""analyzer"": ""dhi_term_analyzer"",\
          ""boost"": 10\
        }\
      }\
    }\
  ],\
  ""addressSearchQueries"": [\
    {\
      ""queryDHI"": {\
        ""match"": {\
          ""address"": {\
            ""query"": ""SEARCH_ADDRESS"",\
            ""analyzer"": ""dhi_term_analyzer""\
          }\
        }\
      }\
    }\
  ],\
  ""nameAddressQueries"": [\
    {\
      ""queryDHI"": {\
        ""bool"": {\
          ""must"": [\
            {\
              ""multi_match"": {\
                ""query"": ""SEARCH_NAME"",\
                ""fields"": [\
                  ""name""\
                ],\
                ""type"": ""phrase"",\
                ""analyzer"": ""dhi_term_analyzer"",\
                ""boost"": 10\
              }\
            },\
            {\
              ""multi_match"": {\
                ""query"": ""SEARCH_ADDRESS"",\
                ""type"": ""most_fields"",\
                ""fields"": [\
                  ""address""\
                ],\
                ""analyzer"": ""dhi_term_analyzer"",\
                ""boost"": 2\
              }\
            }\
          ]\
        }\
      }\
    },\
    {\
      ""queryDHI"": {\
        ""bool"": {\
          ""must"": [\
            {\
              ""multi_match"": {\
                ""query"": ""SEARCH_NAME"",\
                ""fields"": [\
                  ""name""\
                ],\
                ""type"": ""phrase"",\
                ""analyzer"": ""dhi_term_analyzer"",\
                ""boost"": 2\
              }\
            },\
            {\
              ""multi_match"": {\
                ""query"": ""SEARCH_ADDRESS"",\
                ""type"": ""most_fields"",\
                ""fields"": [\
                  ""address""\
                ],\
                ""analyzer"": ""dhi_term_analyzer"",\
                ""boost"": 10\
              }\
            }\
          ]\
        }\
      }\
    }\
  ]\
}","2022-04-14 17:34:19","1","2022-06-23 15:23:13","1","18","2"
"203","ANDRHL","17","Andrahalli","blr.andrahalli@ktkbank.com","9448594956","Andrahalli","1558","17","101","","","29AABCT5589K1ZL","","AABCT5589K",\N,"UDYAM-KR-03-0106234",\N,\N,\N,\N,"2022-07-13 16:02:54","21",\N,\N,"20","17","KBL","Karnataka Bank","info@kbl.com","1234567890","#13, Bangalore","{\
  ""nameSearchQueries"": [\
    {\
      ""queryDHI"": {\
        ""multi_match"": {\
          ""query"": ""SEARCH_NAME"",\
          ""fields"": [\
            ""name""\
          ],\
          ""type"": ""phrase"",\
          ""analyzer"": ""dhi_term_analyzer"",\
          ""boost"": 10\
        }\
      }\
    }\
  ],\
  ""addressSearchQueries"": [\
    {\
      ""queryDHI"": {\
        ""match"": {\
          ""address"": {\
            ""query"": ""SEARCH_ADDRESS"",\
            ""analyzer"": ""dhi_term_analyzer""\
          }\
        }\
      }\
    }\
  ],\
  ""nameAddressQueries"": [\
    {\
      ""queryDHI"": {\
        ""bool"": {\
          ""must"": [\
            {\
              ""multi_match"": {\
                ""query"": ""SEARCH_NAME"",\
                ""fields"": [\
                  ""name""\
                ],\
                ""type"": ""phrase"",\
                ""analyzer"": ""dhi_term_analyzer"",\
                ""boost"": 10\
              }\
            },\
            {\
              ""multi_match"": {\
                ""query"": ""SEARCH_ADDRESS"",\
                ""type"": ""most_fields"",\
                ""fields"": [\
                  ""address""\
                ],\
                ""analyzer"": ""dhi_term_analyzer"",\
                ""boost"": 2\
              }\
            }\
          ]\
        }\
      }\
    },\
    {\
      ""queryDHI"": {\
        ""bool"": {\
          ""must"": [\
            {\
              ""multi_match"": {\
                ""query"": ""SEARCH_NAME"",\
                ""fields"": [\
                  ""name""\
                ],\
                ""type"": ""phrase"",\
                ""analyzer"": ""dhi_term_analyzer"",\
                ""boost"": 2\
              }\
            },\
            {\
              ""multi_match"": {\
                ""query"": ""SEARCH_ADDRESS"",\
                ""type"": ""most_fields"",\
                ""fields"": [\
                  ""address""\
                ],\
                ""analyzer"": ""dhi_term_analyzer"",\
                ""boost"": 10\
              }\
            }\
          ]\
        }\
      }\
    }\
  ]\
}","2022-04-14 17:34:19","1","2022-06-23 15:23:13","1","18","2"
"204","ASHKNR","17","Ashoknagar","blr.ashoknagar@ktkbank.com","9449595720","Ashoknagar","1558","17","101","","","29AABCT5589K1ZL","","AABCT5589K",\N,"UDYAM-KR-03-0106234",\N,\N,\N,\N,"2022-07-13 16:02:54","21",\N,\N,"20","17","KBL","Karnataka Bank","info@kbl.com","1234567890","#13, Bangalore","{\
  ""nameSearchQueries"": [\
    {\
      ""queryDHI"": {\
        ""multi_match"": {\
          ""query"": ""SEARCH_NAME"",\
          ""fields"": [\
            ""name""\
          ],\
          ""type"": ""phrase"",\
          ""analyzer"": ""dhi_term_analyzer"",\
          ""boost"": 10\
        }\
      }\
    }\
  ],\
  ""addressSearchQueries"": [\
    {\
      ""queryDHI"": {\
        ""match"": {\
          ""address"": {\
            ""query"": ""SEARCH_ADDRESS"",\
            ""analyzer"": ""dhi_term_analyzer""\
          }\
        }\
      }\
    }\
  ],\
  ""nameAddressQueries"": [\
    {\
      ""queryDHI"": {\
        ""bool"": {\
          ""must"": [\
            {\
              ""multi_match"": {\
                ""query"": ""SEARCH_NAME"",\
                ""fields"": [\
                  ""name""\
                ],\
                ""type"": ""phrase"",\
                ""analyzer"": ""dhi_term_analyzer"",\
                ""boost"": 10\
              }\
            },\
            {\
              ""multi_match"": {\
                ""query"": ""SEARCH_ADDRESS"",\
                ""type"": ""most_fields"",\
                ""fields"": [\
                  ""address""\
                ],\
                ""analyzer"": ""dhi_term_analyzer"",\
                ""boost"": 2\
              }\
            }\
          ]\
        }\
      }\
    },\
    {\
      ""queryDHI"": {\
        ""bool"": {\
          ""must"": [\
            {\
              ""multi_match"": {\
                ""query"": ""SEARCH_NAME"",\
                ""fields"": [\
                  ""name""\
                ],\
                ""type"": ""phrase"",\
                ""analyzer"": ""dhi_term_analyzer"",\
                ""boost"": 2\
              }\
            },\
            {\
              ""multi_match"": {\
                ""query"": ""SEARCH_ADDRESS"",\
                ""type"": ""most_fields"",\
                ""fields"": [\
                  ""address""\
                ],\
                ""analyzer"": ""dhi_term_analyzer"",\
                ""boost"": 10\
              }\
            }\
          ]\
        }\
      }\
    }\
  ]\
}","2022-04-14 17:34:19","1","2022-06-23 15:23:13","1","18","2"
"205","BSK3ST","17","Banashankari 3rd stage","blr.bsk3stg@ktkbank.com","9449595417","Banashankari 3rd stage","1558","17","101","","","29AABCT5589K1ZL","","AABCT5589K",\N,"UDYAM-KR-03-0106234",\N,\N,\N,\N,"2022-07-13 16:02:54","21",\N,\N,"20","17","KBL","Karnataka Bank","info@kbl.com","1234567890","#13, Bangalore","{\
  ""nameSearchQueries"": [\
    {\
      ""queryDHI"": {\
        ""multi_match"": {\
          ""query"": ""SEARCH_NAME"",\
          ""fields"": [\
            ""name""\
          ],\
          ""type"": ""phrase"",\
          ""analyzer"": ""dhi_term_analyzer"",\
          ""boost"": 10\
        }\
      }\
    }\
  ],\
  ""addressSearchQueries"": [\
    {\
      ""queryDHI"": {\
        ""match"": {\
          ""address"": {\
            ""query"": ""SEARCH_ADDRESS"",\
            ""analyzer"": ""dhi_term_analyzer""\
          }\
        }\
      }\
    }\
  ],\
  ""nameAddressQueries"": [\
    {\
      ""queryDHI"": {\
        ""bool"": {\
          ""must"": [\
            {\
              ""multi_match"": {\
                ""query"": ""SEARCH_NAME"",\
                ""fields"": [\
                  ""name""\
                ],\
                ""type"": ""phrase"",\
                ""analyzer"": ""dhi_term_analyzer"",\
                ""boost"": 10\
              }\
            },\
            {\
              ""multi_match"": {\
                ""query"": ""SEARCH_ADDRESS"",\
                ""type"": ""most_fields"",\
                ""fields"": [\
                  ""address""\
                ],\
                ""analyzer"": ""dhi_term_analyzer"",\
                ""boost"": 2\
              }\
            }\
          ]\
        }\
      }\
    },\
    {\
      ""queryDHI"": {\
        ""bool"": {\
          ""must"": [\
            {\
              ""multi_match"": {\
                ""query"": ""SEARCH_NAME"",\
                ""fields"": [\
                  ""name""\
                ],\
                ""type"": ""phrase"",\
                ""analyzer"": ""dhi_term_analyzer"",\
                ""boost"": 2\
              }\
            },\
            {\
              ""multi_match"": {\
                ""query"": ""SEARCH_ADDRESS"",\
                ""type"": ""most_fields"",\
                ""fields"": [\
                  ""address""\
                ],\
                ""analyzer"": ""dhi_term_analyzer"",\
                ""boost"": 10\
              }\
            }\
          ]\
        }\
      }\
    }\
  ]\
}","2022-04-14 17:34:19","1","2022-06-23 15:23:13","1","18","2"
"206","BSK2ST","17","Banashankari 2nd stage","blr.bsk2stg@ktkbank.com","9845405824","Banashankari 2nd stage","1558","17","101","","","29AABCT5589K1ZL","","AABCT5589K",\N,"UDYAM-KR-03-0106234",\N,\N,\N,\N,"2022-07-13 16:02:54","21",\N,\N,"20","17","KBL","Karnataka Bank","info@kbl.com","1234567890","#13, Bangalore","{\
  ""nameSearchQueries"": [\
    {\
      ""queryDHI"": {\
        ""multi_match"": {\
          ""query"": ""SEARCH_NAME"",\
          ""fields"": [\
            ""name""\
          ],\
          ""type"": ""phrase"",\
          ""analyzer"": ""dhi_term_analyzer"",\
          ""boost"": 10\
        }\
      }\
    }\
  ],\
  ""addressSearchQueries"": [\
    {\
      ""queryDHI"": {\
        ""match"": {\
          ""address"": {\
            ""query"": ""SEARCH_ADDRESS"",\
            ""analyzer"": ""dhi_term_analyzer""\
          }\
        }\
      }\
    }\
  ],\
  ""nameAddressQueries"": [\
    {\
      ""queryDHI"": {\
        ""bool"": {\
          ""must"": [\
            {\
              ""multi_match"": {\
                ""query"": ""SEARCH_NAME"",\
                ""fields"": [\
                  ""name""\
                ],\
                ""type"": ""phrase"",\
                ""analyzer"": ""dhi_term_analyzer"",\
                ""boost"": 10\
              }\
            },\
            {\
              ""multi_match"": {\
                ""query"": ""SEARCH_ADDRESS"",\
                ""type"": ""most_fields"",\
                ""fields"": [\
                  ""address""\
                ],\
                ""analyzer"": ""dhi_term_analyzer"",\
                ""boost"": 2\
              }\
            }\
          ]\
        }\
      }\
    },\
    {\
      ""queryDHI"": {\
        ""bool"": {\
          ""must"": [\
            {\
              ""multi_match"": {\
                ""query"": ""SEARCH_NAME"",\
                ""fields"": [\
                  ""name""\
                ],\
                ""type"": ""phrase"",\
                ""analyzer"": ""dhi_term_analyzer"",\
                ""boost"": 2\
              }\
            },\
            {\
              ""multi_match"": {\
                ""query"": ""SEARCH_ADDRESS"",\
                ""type"": ""most_fields"",\
                ""fields"": [\
                  ""address""\
                ],\
                ""analyzer"": ""dhi_term_analyzer"",\
                ""boost"": 10\
              }\
            }\
          ]\
        }\
      }\
    }\
  ]\
}","2022-04-14 17:34:19","1","2022-06-23 15:23:13","1","18","2"
"207","BNSWDI","17","Banaswadi","blr.banaswadi@ktkbank.com","9449595424","Banaswadi","1558","17","101","","","29AABCT5589K1ZL","","AABCT5589K",\N,"UDYAM-KR-03-0106234",\N,\N,\N,\N,"2022-07-13 16:02:54","21",\N,\N,"20","17","KBL","Karnataka Bank","info@kbl.com","1234567890","#13, Bangalore","{\
  ""nameSearchQueries"": [\
    {\
      ""queryDHI"": {\
        ""multi_match"": {\
          ""query"": ""SEARCH_NAME"",\
          ""fields"": [\
            ""name""\
          ],\
          ""type"": ""phrase"",\
          ""analyzer"": ""dhi_term_analyzer"",\
          ""boost"": 10\
        }\
      }\
    }\
  ],\
  ""addressSearchQueries"": [\
    {\
      ""queryDHI"": {\
        ""match"": {\
          ""address"": {\
            ""query"": ""SEARCH_ADDRESS"",\
            ""analyzer"": ""dhi_term_analyzer""\
          }\
        }\
      }\
    }\
  ],\
  ""nameAddressQueries"": [\
    {\
      ""queryDHI"": {\
        ""bool"": {\
          ""must"": [\
            {\
              ""multi_match"": {\
                ""query"": ""SEARCH_NAME"",\
                ""fields"": [\
                  ""name""\
                ],\
                ""type"": ""phrase"",\
                ""analyzer"": ""dhi_term_analyzer"",\
                ""boost"": 10\
              }\
            },\
            {\
              ""multi_match"": {\
                ""query"": ""SEARCH_ADDRESS"",\
                ""type"": ""most_fields"",\
                ""fields"": [\
                  ""address""\
                ],\
                ""analyzer"": ""dhi_term_analyzer"",\
                ""boost"": 2\
              }\
            }\
          ]\
        }\
      }\
    },\
    {\
      ""queryDHI"": {\
        ""bool"": {\
          ""must"": [\
            {\
              ""multi_match"": {\
                ""query"": ""SEARCH_NAME"",\
                ""fields"": [\
                  ""name""\
                ],\
                ""type"": ""phrase"",\
                ""analyzer"": ""dhi_term_analyzer"",\
                ""boost"": 2\
              }\
            },\
            {\
              ""multi_match"": {\
                ""query"": ""SEARCH_ADDRESS"",\
                ""type"": ""most_fields"",\
                ""fields"": [\
                  ""address""\
                ],\
                ""analyzer"": ""dhi_term_analyzer"",\
                ""boost"": 10\
              }\
            }\
          ]\
        }\
      }\
    }\
  ]\
}","2022-04-14 17:34:19","1","2022-06-23 15:23:13","1","18","2"
"208","BSVNGD","17","Basavanagudi","blr.basavanagudi@ktkbank.com","9606574777","Basavanagudi","1558","17","101","","","29AABCT5589K1ZL","","AABCT5589K",\N,"UDYAM-KR-03-0106234",\N,\N,\N,\N,"2022-07-13 16:02:54","21",\N,\N,"20","17","KBL","Karnataka Bank","info@kbl.com","1234567890","#13, Bangalore","{\
  ""nameSearchQueries"": [\
    {\
      ""queryDHI"": {\
        ""multi_match"": {\
          ""query"": ""SEARCH_NAME"",\
          ""fields"": [\
            ""name""\
          ],\
          ""type"": ""phrase"",\
          ""analyzer"": ""dhi_term_analyzer"",\
          ""boost"": 10\
        }\
      }\
    }\
  ],\
  ""addressSearchQueries"": [\
    {\
      ""queryDHI"": {\
        ""match"": {\
          ""address"": {\
            ""query"": ""SEARCH_ADDRESS"",\
            ""analyzer"": ""dhi_term_analyzer""\
          }\
        }\
      }\
    }\
  ],\
  ""nameAddressQueries"": [\
    {\
      ""queryDHI"": {\
        ""bool"": {\
          ""must"": [\
            {\
              ""multi_match"": {\
                ""query"": ""SEARCH_NAME"",\
                ""fields"": [\
                  ""name""\
                ],\
                ""type"": ""phrase"",\
                ""analyzer"": ""dhi_term_analyzer"",\
                ""boost"": 10\
              }\
            },\
            {\
              ""multi_match"": {\
                ""query"": ""SEARCH_ADDRESS"",\
                ""type"": ""most_fields"",\
                ""fields"": [\
                  ""address""\
                ],\
                ""analyzer"": ""dhi_term_analyzer"",\
                ""boost"": 2\
              }\
            }\
          ]\
        }\
      }\
    },\
    {\
      ""queryDHI"": {\
        ""bool"": {\
          ""must"": [\
            {\
              ""multi_match"": {\
                ""query"": ""SEARCH_NAME"",\
                ""fields"": [\
                  ""name""\
                ],\
                ""type"": ""phrase"",\
                ""analyzer"": ""dhi_term_analyzer"",\
                ""boost"": 2\
              }\
            },\
            {\
              ""multi_match"": {\
                ""query"": ""SEARCH_ADDRESS"",\
                ""type"": ""most_fields"",\
                ""fields"": [\
                  ""address""\
                ],\
                ""analyzer"": ""dhi_term_analyzer"",\
                ""boost"": 10\
              }\
            }\
          ]\
        }\
      }\
    }\
  ]\
}","2022-04-14 17:34:19","1","2022-06-23 15:23:13","1","18","2"
"209","BSAWNR","17","Basaveshwaranagar","blr.basaveshwaranagar@ktkbank.com","9606053600","Basaveshwaranagar","1558","17","101","","","29AABCT5589K1ZL","","AABCT5589K",\N,"UDYAM-KR-03-0106234",\N,\N,\N,\N,"2022-07-13 16:02:54","21",\N,\N,"20","17","KBL","Karnataka Bank","info@kbl.com","1234567890","#13, Bangalore","{\
  ""nameSearchQueries"": [\
    {\
      ""queryDHI"": {\
        ""multi_match"": {\
          ""query"": ""SEARCH_NAME"",\
          ""fields"": [\
            ""name""\
          ],\
          ""type"": ""phrase"",\
          ""analyzer"": ""dhi_term_analyzer"",\
          ""boost"": 10\
        }\
      }\
    }\
  ],\
  ""addressSearchQueries"": [\
    {\
      ""queryDHI"": {\
        ""match"": {\
          ""address"": {\
            ""query"": ""SEARCH_ADDRESS"",\
            ""analyzer"": ""dhi_term_analyzer""\
          }\
        }\
      }\
    }\
  ],\
  ""nameAddressQueries"": [\
    {\
      ""queryDHI"": {\
        ""bool"": {\
          ""must"": [\
            {\
              ""multi_match"": {\
                ""query"": ""SEARCH_NAME"",\
                ""fields"": [\
                  ""name""\
                ],\
                ""type"": ""phrase"",\
                ""analyzer"": ""dhi_term_analyzer"",\
                ""boost"": 10\
              }\
            },\
            {\
              ""multi_match"": {\
                ""query"": ""SEARCH_ADDRESS"",\
                ""type"": ""most_fields"",\
                ""fields"": [\
                  ""address""\
                ],\
                ""analyzer"": ""dhi_term_analyzer"",\
                ""boost"": 2\
              }\
            }\
          ]\
        }\
      }\
    },\
    {\
      ""queryDHI"": {\
        ""bool"": {\
          ""must"": [\
            {\
              ""multi_match"": {\
                ""query"": ""SEARCH_NAME"",\
                ""fields"": [\
                  ""name""\
                ],\
                ""type"": ""phrase"",\
                ""analyzer"": ""dhi_term_analyzer"",\
                ""boost"": 2\
              }\
            },\
            {\
              ""multi_match"": {\
                ""query"": ""SEARCH_ADDRESS"",\
                ""type"": ""most_fields"",\
                ""fields"": [\
                  ""address""\
                ],\
                ""analyzer"": ""dhi_term_analyzer"",\
                ""boost"": 10\
              }\
            }\
          ]\
        }\
      }\
    }\
  ]\
}","2022-04-14 17:34:19","1","2022-06-23 15:23:13","1","18","2"
"210","BELDHR","17","Bellandhur ","bellandur@ktkbank.com","9449595681","Bellandhur ","1558","17","101","","","29AABCT5589K1ZL","","AABCT5589K",\N,"UDYAM-KR-03-0106234",\N,\N,\N,\N,"2022-07-13 16:02:54","21",\N,\N,"20","17","KBL","Karnataka Bank","info@kbl.com","1234567890","#13, Bangalore","{\
  ""nameSearchQueries"": [\
    {\
      ""queryDHI"": {\
        ""multi_match"": {\
          ""query"": ""SEARCH_NAME"",\
          ""fields"": [\
            ""name""\
          ],\
          ""type"": ""phrase"",\
          ""analyzer"": ""dhi_term_analyzer"",\
          ""boost"": 10\
        }\
      }\
    }\
  ],\
  ""addressSearchQueries"": [\
    {\
      ""queryDHI"": {\
        ""match"": {\
          ""address"": {\
            ""query"": ""SEARCH_ADDRESS"",\
            ""analyzer"": ""dhi_term_analyzer""\
          }\
        }\
      }\
    }\
  ],\
  ""nameAddressQueries"": [\
    {\
      ""queryDHI"": {\
        ""bool"": {\
          ""must"": [\
            {\
              ""multi_match"": {\
                ""query"": ""SEARCH_NAME"",\
                ""fields"": [\
                  ""name""\
                ],\
                ""type"": ""phrase"",\
                ""analyzer"": ""dhi_term_analyzer"",\
                ""boost"": 10\
              }\
            },\
            {\
              ""multi_match"": {\
                ""query"": ""SEARCH_ADDRESS"",\
                ""type"": ""most_fields"",\
                ""fields"": [\
                  ""address""\
                ],\
                ""analyzer"": ""dhi_term_analyzer"",\
                ""boost"": 2\
              }\
            }\
          ]\
        }\
      }\
    },\
    {\
      ""queryDHI"": {\
        ""bool"": {\
          ""must"": [\
            {\
              ""multi_match"": {\
                ""query"": ""SEARCH_NAME"",\
                ""fields"": [\
                  ""name""\
                ],\
                ""type"": ""phrase"",\
                ""analyzer"": ""dhi_term_analyzer"",\
                ""boost"": 2\
              }\
            },\
            {\
              ""multi_match"": {\
                ""query"": ""SEARCH_ADDRESS"",\
                ""type"": ""most_fields"",\
                ""fields"": [\
                  ""address""\
                ],\
                ""analyzer"": ""dhi_term_analyzer"",\
                ""boost"": 10\
              }\
            }\
          ]\
        }\
      }\
    }\
  ]\
}","2022-04-14 17:34:19","1","2022-06-23 15:23:13","1","18","2"
"211","BEMLLT","17","BEML Layout","blr.bemllayout@ktkbank.com","9483927100","BEML Layout","1558","17","101","","","29AABCT5589K1ZL","","AABCT5589K",\N,"UDYAM-KR-03-0106234",\N,\N,\N,\N,"2022-07-13 16:02:54","21",\N,\N,"20","17","KBL","Karnataka Bank","info@kbl.com","1234567890","#13, Bangalore","{\
  ""nameSearchQueries"": [\
    {\
      ""queryDHI"": {\
        ""multi_match"": {\
          ""query"": ""SEARCH_NAME"",\
          ""fields"": [\
            ""name""\
          ],\
          ""type"": ""phrase"",\
          ""analyzer"": ""dhi_term_analyzer"",\
          ""boost"": 10\
        }\
      }\
    }\
  ],\
  ""addressSearchQueries"": [\
    {\
      ""queryDHI"": {\
        ""match"": {\
          ""address"": {\
            ""query"": ""SEARCH_ADDRESS"",\
            ""analyzer"": ""dhi_term_analyzer""\
          }\
        }\
      }\
    }\
  ],\
  ""nameAddressQueries"": [\
    {\
      ""queryDHI"": {\
        ""bool"": {\
          ""must"": [\
            {\
              ""multi_match"": {\
                ""query"": ""SEARCH_NAME"",\
                ""fields"": [\
                  ""name""\
                ],\
                ""type"": ""phrase"",\
                ""analyzer"": ""dhi_term_analyzer"",\
                ""boost"": 10\
              }\
            },\
            {\
              ""multi_match"": {\
                ""query"": ""SEARCH_ADDRESS"",\
                ""type"": ""most_fields"",\
                ""fields"": [\
                  ""address""\
                ],\
                ""analyzer"": ""dhi_term_analyzer"",\
                ""boost"": 2\
              }\
            }\
          ]\
        }\
      }\
    },\
    {\
      ""queryDHI"": {\
        ""bool"": {\
          ""must"": [\
            {\
              ""multi_match"": {\
                ""query"": ""SEARCH_NAME"",\
                ""fields"": [\
                  ""name""\
                ],\
                ""type"": ""phrase"",\
                ""analyzer"": ""dhi_term_analyzer"",\
                ""boost"": 2\
              }\
            },\
            {\
              ""multi_match"": {\
                ""query"": ""SEARCH_ADDRESS"",\
                ""type"": ""most_fields"",\
                ""fields"": [\
                  ""address""\
                ],\
                ""analyzer"": ""dhi_term_analyzer"",\
                ""boost"": 10\
              }\
            }\
          ]\
        }\
      }\
    }\
  ]\
}","2022-04-14 17:34:19","1","2022-06-23 15:23:13","1","18","2"
"212","BHUVNR","17","Bhuvaneshwarnagar","blr.bhuvaneshwarinagar@ktkbank.com","9845034814","Bhuvaneshwarnagar","1558","17","101","","","29AABCT5589K1ZL","","AABCT5589K",\N,"UDYAM-KR-03-0106234",\N,\N,\N,\N,"2022-07-13 16:02:54","21",\N,\N,"20","17","KBL","Karnataka Bank","info@kbl.com","1234567890","#13, Bangalore","{\
  ""nameSearchQueries"": [\
    {\
      ""queryDHI"": {\
        ""multi_match"": {\
          ""query"": ""SEARCH_NAME"",\
          ""fields"": [\
            ""name""\
          ],\
          ""type"": ""phrase"",\
          ""analyzer"": ""dhi_term_analyzer"",\
          ""boost"": 10\
        }\
      }\
    }\
  ],\
  ""addressSearchQueries"": [\
    {\
      ""queryDHI"": {\
        ""match"": {\
          ""address"": {\
            ""query"": ""SEARCH_ADDRESS"",\
            ""analyzer"": ""dhi_term_analyzer""\
          }\
        }\
      }\
    }\
  ],\
  ""nameAddressQueries"": [\
    {\
      ""queryDHI"": {\
        ""bool"": {\
          ""must"": [\
            {\
              ""multi_match"": {\
                ""query"": ""SEARCH_NAME"",\
                ""fields"": [\
                  ""name""\
                ],\
                ""type"": ""phrase"",\
                ""analyzer"": ""dhi_term_analyzer"",\
                ""boost"": 10\
              }\
            },\
            {\
              ""multi_match"": {\
                ""query"": ""SEARCH_ADDRESS"",\
                ""type"": ""most_fields"",\
                ""fields"": [\
                  ""address""\
                ],\
                ""analyzer"": ""dhi_term_analyzer"",\
                ""boost"": 2\
              }\
            }\
          ]\
        }\
      }\
    },\
    {\
      ""queryDHI"": {\
        ""bool"": {\
          ""must"": [\
            {\
              ""multi_match"": {\
                ""query"": ""SEARCH_NAME"",\
                ""fields"": [\
                  ""name""\
                ],\
                ""type"": ""phrase"",\
                ""analyzer"": ""dhi_term_analyzer"",\
                ""boost"": 2\
              }\
            },\
            {\
              ""multi_match"": {\
                ""query"": ""SEARCH_ADDRESS"",\
                ""type"": ""most_fields"",\
                ""fields"": [\
                  ""address""\
                ],\
                ""analyzer"": ""dhi_term_analyzer"",\
                ""boost"": 10\
              }\
            }\
          ]\
        }\
      }\
    }\
  ]\
}","2022-04-14 17:34:19","1","2022-06-23 15:23:13","1","18","2"
"213","BLKHAL","17","Bilekahalli ","blr.bilekahalli@ktkbank.com","9535347844","Bilekahalli ","1558","17","101","","","29AABCT5589K1ZL","","AABCT5589K",\N,"UDYAM-KR-03-0106234",\N,\N,\N,\N,"2022-07-13 16:02:55","21",\N,\N,"20","17","KBL","Karnataka Bank","info@kbl.com","1234567890","#13, Bangalore","{\
  ""nameSearchQueries"": [\
    {\
      ""queryDHI"": {\
        ""multi_match"": {\
          ""query"": ""SEARCH_NAME"",\
          ""fields"": [\
            ""name""\
          ],\
          ""type"": ""phrase"",\
          ""analyzer"": ""dhi_term_analyzer"",\
          ""boost"": 10\
        }\
      }\
    }\
  ],\
  ""addressSearchQueries"": [\
    {\
      ""queryDHI"": {\
        ""match"": {\
          ""address"": {\
            ""query"": ""SEARCH_ADDRESS"",\
            ""analyzer"": ""dhi_term_analyzer""\
          }\
        }\
      }\
    }\
  ],\
  ""nameAddressQueries"": [\
    {\
      ""queryDHI"": {\
        ""bool"": {\
          ""must"": [\
            {\
              ""multi_match"": {\
                ""query"": ""SEARCH_NAME"",\
                ""fields"": [\
                  ""name""\
                ],\
                ""type"": ""phrase"",\
                ""analyzer"": ""dhi_term_analyzer"",\
                ""boost"": 10\
              }\
            },\
            {\
              ""multi_match"": {\
                ""query"": ""SEARCH_ADDRESS"",\
                ""type"": ""most_fields"",\
                ""fields"": [\
                  ""address""\
                ],\
                ""analyzer"": ""dhi_term_analyzer"",\
                ""boost"": 2\
              }\
            }\
          ]\
        }\
      }\
    },\
    {\
      ""queryDHI"": {\
        ""bool"": {\
          ""must"": [\
            {\
              ""multi_match"": {\
                ""query"": ""SEARCH_NAME"",\
                ""fields"": [\
                  ""name""\
                ],\
                ""type"": ""phrase"",\
                ""analyzer"": ""dhi_term_analyzer"",\
                ""boost"": 2\
              }\
            },\
            {\
              ""multi_match"": {\
                ""query"": ""SEARCH_ADDRESS"",\
                ""type"": ""most_fields"",\
                ""fields"": [\
                  ""address""\
                ],\
                ""analyzer"": ""dhi_term_analyzer"",\
                ""boost"": 10\
              }\
            }\
          ]\
        }\
      }\
    }\
  ]\
}","2022-04-14 17:34:19","1","2022-06-23 15:23:13","1","18","2"
"214","BOMHAL","17","Bommanahalli ","blr.bommanahalli@ktkbank.com","9449025741","Bommanahalli ","1558","17","101","","","29AABCT5589K1ZL","","AABCT5589K",\N,"UDYAM-KR-03-0106234",\N,\N,\N,\N,"2022-07-13 16:02:55","21",\N,\N,"20","17","KBL","Karnataka Bank","info@kbl.com","1234567890","#13, Bangalore","{\
  ""nameSearchQueries"": [\
    {\
      ""queryDHI"": {\
        ""multi_match"": {\
          ""query"": ""SEARCH_NAME"",\
          ""fields"": [\
            ""name""\
          ],\
          ""type"": ""phrase"",\
          ""analyzer"": ""dhi_term_analyzer"",\
          ""boost"": 10\
        }\
      }\
    }\
  ],\
  ""addressSearchQueries"": [\
    {\
      ""queryDHI"": {\
        ""match"": {\
          ""address"": {\
            ""query"": ""SEARCH_ADDRESS"",\
            ""analyzer"": ""dhi_term_analyzer""\
          }\
        }\
      }\
    }\
  ],\
  ""nameAddressQueries"": [\
    {\
      ""queryDHI"": {\
        ""bool"": {\
          ""must"": [\
            {\
              ""multi_match"": {\
                ""query"": ""SEARCH_NAME"",\
                ""fields"": [\
                  ""name""\
                ],\
                ""type"": ""phrase"",\
                ""analyzer"": ""dhi_term_analyzer"",\
                ""boost"": 10\
              }\
            },\
            {\
              ""multi_match"": {\
                ""query"": ""SEARCH_ADDRESS"",\
                ""type"": ""most_fields"",\
                ""fields"": [\
                  ""address""\
                ],\
                ""analyzer"": ""dhi_term_analyzer"",\
                ""boost"": 2\
              }\
            }\
          ]\
        }\
      }\
    },\
    {\
      ""queryDHI"": {\
        ""bool"": {\
          ""must"": [\
            {\
              ""multi_match"": {\
                ""query"": ""SEARCH_NAME"",\
                ""fields"": [\
                  ""name""\
                ],\
                ""type"": ""phrase"",\
                ""analyzer"": ""dhi_term_analyzer"",\
                ""boost"": 2\
              }\
            },\
            {\
              ""multi_match"": {\
                ""query"": ""SEARCH_ADDRESS"",\
                ""type"": ""most_fields"",\
                ""fields"": [\
                  ""address""\
                ],\
                ""analyzer"": ""dhi_term_analyzer"",\
                ""boost"": 10\
              }\
            }\
          ]\
        }\
      }\
    }\
  ]\
}","2022-04-14 17:34:19","1","2022-06-23 15:23:13","1","18","2"
"215","BOMSDR","17","Bommasandra","blr.bommasandra@ktkbank.com","9449595673","Bommasandra","1558","17","101","","","29AABCT5589K1ZL","","AABCT5589K",\N,"UDYAM-KR-03-0106234",\N,\N,\N,\N,"2022-07-13 16:02:55","21",\N,\N,"20","17","KBL","Karnataka Bank","info@kbl.com","1234567890","#13, Bangalore","{\
  ""nameSearchQueries"": [\
    {\
      ""queryDHI"": {\
        ""multi_match"": {\
          ""query"": ""SEARCH_NAME"",\
          ""fields"": [\
            ""name""\
          ],\
          ""type"": ""phrase"",\
          ""analyzer"": ""dhi_term_analyzer"",\
          ""boost"": 10\
        }\
      }\
    }\
  ],\
  ""addressSearchQueries"": [\
    {\
      ""queryDHI"": {\
        ""match"": {\
          ""address"": {\
            ""query"": ""SEARCH_ADDRESS"",\
            ""analyzer"": ""dhi_term_analyzer""\
          }\
        }\
      }\
    }\
  ],\
  ""nameAddressQueries"": [\
    {\
      ""queryDHI"": {\
        ""bool"": {\
          ""must"": [\
            {\
              ""multi_match"": {\
                ""query"": ""SEARCH_NAME"",\
                ""fields"": [\
                  ""name""\
                ],\
                ""type"": ""phrase"",\
                ""analyzer"": ""dhi_term_analyzer"",\
                ""boost"": 10\
              }\
            },\
            {\
              ""multi_match"": {\
                ""query"": ""SEARCH_ADDRESS"",\
                ""type"": ""most_fields"",\
                ""fields"": [\
                  ""address""\
                ],\
                ""analyzer"": ""dhi_term_analyzer"",\
                ""boost"": 2\
              }\
            }\
          ]\
        }\
      }\
    },\
    {\
      ""queryDHI"": {\
        ""bool"": {\
          ""must"": [\
            {\
              ""multi_match"": {\
                ""query"": ""SEARCH_NAME"",\
                ""fields"": [\
                  ""name""\
                ],\
                ""type"": ""phrase"",\
                ""analyzer"": ""dhi_term_analyzer"",\
                ""boost"": 2\
              }\
            },\
            {\
              ""multi_match"": {\
                ""query"": ""SEARCH_ADDRESS"",\
                ""type"": ""most_fields"",\
                ""fields"": [\
                  ""address""\
                ],\
                ""analyzer"": ""dhi_term_analyzer"",\
                ""boost"": 10\
              }\
            }\
          ]\
        }\
      }\
    }\
  ]\
}","2022-04-14 17:34:19","1","2022-06-23 15:23:13","1","18","2"
"216","BTMLAT","17","BTM Layout","blr.btm@ktkbank.com","9449595578","BTM Layout","1558","17","101","","","29AABCT5589K1ZL","","AABCT5589K",\N,"UDYAM-KR-03-0106234",\N,\N,\N,\N,"2022-07-13 16:02:55","21",\N,\N,"20","17","KBL","Karnataka Bank","info@kbl.com","1234567890","#13, Bangalore","{\
  ""nameSearchQueries"": [\
    {\
      ""queryDHI"": {\
        ""multi_match"": {\
          ""query"": ""SEARCH_NAME"",\
          ""fields"": [\
            ""name""\
          ],\
          ""type"": ""phrase"",\
          ""analyzer"": ""dhi_term_analyzer"",\
          ""boost"": 10\
        }\
      }\
    }\
  ],\
  ""addressSearchQueries"": [\
    {\
      ""queryDHI"": {\
        ""match"": {\
          ""address"": {\
            ""query"": ""SEARCH_ADDRESS"",\
            ""analyzer"": ""dhi_term_analyzer""\
          }\
        }\
      }\
    }\
  ],\
  ""nameAddressQueries"": [\
    {\
      ""queryDHI"": {\
        ""bool"": {\
          ""must"": [\
            {\
              ""multi_match"": {\
                ""query"": ""SEARCH_NAME"",\
                ""fields"": [\
                  ""name""\
                ],\
                ""type"": ""phrase"",\
                ""analyzer"": ""dhi_term_analyzer"",\
                ""boost"": 10\
              }\
            },\
            {\
              ""multi_match"": {\
                ""query"": ""SEARCH_ADDRESS"",\
                ""type"": ""most_fields"",\
                ""fields"": [\
                  ""address""\
                ],\
                ""analyzer"": ""dhi_term_analyzer"",\
                ""boost"": 2\
              }\
            }\
          ]\
        }\
      }\
    },\
    {\
      ""queryDHI"": {\
        ""bool"": {\
          ""must"": [\
            {\
              ""multi_match"": {\
                ""query"": ""SEARCH_NAME"",\
                ""fields"": [\
                  ""name""\
                ],\
                ""type"": ""phrase"",\
                ""analyzer"": ""dhi_term_analyzer"",\
                ""boost"": 2\
              }\
            },\
            {\
              ""multi_match"": {\
                ""query"": ""SEARCH_ADDRESS"",\
                ""type"": ""most_fields"",\
                ""fields"": [\
                  ""address""\
                ],\
                ""analyzer"": ""dhi_term_analyzer"",\
                ""boost"": 10\
              }\
            }\
          ]\
        }\
      }\
    }\
  ]\
}","2022-04-14 17:34:19","1","2022-06-23 15:23:13","1","18","2"
"217","BUJYNR","17","Budha Jyothi nagar ","blr.buddhajyothi@ktkbank.com","9513309330","Budha Jyothi nagar ","1558","17","101","","","29AABCT5589K1ZL","","AABCT5589K",\N,"UDYAM-KR-03-0106234",\N,\N,\N,\N,"2022-07-13 16:02:55","21",\N,\N,"20","17","KBL","Karnataka Bank","info@kbl.com","1234567890","#13, Bangalore","{\
  ""nameSearchQueries"": [\
    {\
      ""queryDHI"": {\
        ""multi_match"": {\
          ""query"": ""SEARCH_NAME"",\
          ""fields"": [\
            ""name""\
          ],\
          ""type"": ""phrase"",\
          ""analyzer"": ""dhi_term_analyzer"",\
          ""boost"": 10\
        }\
      }\
    }\
  ],\
  ""addressSearchQueries"": [\
    {\
      ""queryDHI"": {\
        ""match"": {\
          ""address"": {\
            ""query"": ""SEARCH_ADDRESS"",\
            ""analyzer"": ""dhi_term_analyzer""\
          }\
        }\
      }\
    }\
  ],\
  ""nameAddressQueries"": [\
    {\
      ""queryDHI"": {\
        ""bool"": {\
          ""must"": [\
            {\
              ""multi_match"": {\
                ""query"": ""SEARCH_NAME"",\
                ""fields"": [\
                  ""name""\
                ],\
                ""type"": ""phrase"",\
                ""analyzer"": ""dhi_term_analyzer"",\
                ""boost"": 10\
              }\
            },\
            {\
              ""multi_match"": {\
                ""query"": ""SEARCH_ADDRESS"",\
                ""type"": ""most_fields"",\
                ""fields"": [\
                  ""address""\
                ],\
                ""analyzer"": ""dhi_term_analyzer"",\
                ""boost"": 2\
              }\
            }\
          ]\
        }\
      }\
    },\
    {\
      ""queryDHI"": {\
        ""bool"": {\
          ""must"": [\
            {\
              ""multi_match"": {\
                ""query"": ""SEARCH_NAME"",\
                ""fields"": [\
                  ""name""\
                ],\
                ""type"": ""phrase"",\
                ""analyzer"": ""dhi_term_analyzer"",\
                ""boost"": 2\
              }\
            },\
            {\
              ""multi_match"": {\
                ""query"": ""SEARCH_ADDRESS"",\
                ""type"": ""most_fields"",\
                ""fields"": [\
                  ""address""\
                ],\
                ""analyzer"": ""dhi_term_analyzer"",\
                ""boost"": 10\
              }\
            }\
          ]\
        }\
      }\
    }\
  ]\
}","2022-04-14 17:34:19","1","2022-06-23 15:23:13","1","18","2"
"218","BLTPRD","17","Bull Temple Road","blr.bulltempleroad@ktkbank.com","7618796410","Bull Temple Road","1558","17","101","","","29AABCT5589K1ZL","","AABCT5589K",\N,"UDYAM-KR-03-0106234",\N,\N,\N,\N,"2022-07-13 16:02:55","21",\N,\N,"20","17","KBL","Karnataka Bank","info@kbl.com","1234567890","#13, Bangalore","{\
  ""nameSearchQueries"": [\
    {\
      ""queryDHI"": {\
        ""multi_match"": {\
          ""query"": ""SEARCH_NAME"",\
          ""fields"": [\
            ""name""\
          ],\
          ""type"": ""phrase"",\
          ""analyzer"": ""dhi_term_analyzer"",\
          ""boost"": 10\
        }\
      }\
    }\
  ],\
  ""addressSearchQueries"": [\
    {\
      ""queryDHI"": {\
        ""match"": {\
          ""address"": {\
            ""query"": ""SEARCH_ADDRESS"",\
            ""analyzer"": ""dhi_term_analyzer""\
          }\
        }\
      }\
    }\
  ],\
  ""nameAddressQueries"": [\
    {\
      ""queryDHI"": {\
        ""bool"": {\
          ""must"": [\
            {\
              ""multi_match"": {\
                ""query"": ""SEARCH_NAME"",\
                ""fields"": [\
                  ""name""\
                ],\
                ""type"": ""phrase"",\
                ""analyzer"": ""dhi_term_analyzer"",\
                ""boost"": 10\
              }\
            },\
            {\
              ""multi_match"": {\
                ""query"": ""SEARCH_ADDRESS"",\
                ""type"": ""most_fields"",\
                ""fields"": [\
                  ""address""\
                ],\
                ""analyzer"": ""dhi_term_analyzer"",\
                ""boost"": 2\
              }\
            }\
          ]\
        }\
      }\
    },\
    {\
      ""queryDHI"": {\
        ""bool"": {\
          ""must"": [\
            {\
              ""multi_match"": {\
                ""query"": ""SEARCH_NAME"",\
                ""fields"": [\
                  ""name""\
                ],\
                ""type"": ""phrase"",\
                ""analyzer"": ""dhi_term_analyzer"",\
                ""boost"": 2\
              }\
            },\
            {\
              ""multi_match"": {\
                ""query"": ""SEARCH_ADDRESS"",\
                ""type"": ""most_fields"",\
                ""fields"": [\
                  ""address""\
                ],\
                ""analyzer"": ""dhi_term_analyzer"",\
                ""boost"": 10\
              }\
            }\
          ]\
        }\
      }\
    }\
  ]\
}","2022-04-14 17:34:19","1","2022-06-23 15:23:13","1","18","2"
"219","BYALKR","17","Byalakere","bylakere.kasaghattapura@ktkbank.com","9148422888","Byalakere","1558","17","101","","","29AABCT5589K1ZL","","AABCT5589K",\N,"UDYAM-KR-03-0106234",\N,\N,\N,\N,"2022-07-13 16:02:55","21",\N,\N,"20","17","KBL","Karnataka Bank","info@kbl.com","1234567890","#13, Bangalore","{\
  ""nameSearchQueries"": [\
    {\
      ""queryDHI"": {\
        ""multi_match"": {\
          ""query"": ""SEARCH_NAME"",\
          ""fields"": [\
            ""name""\
          ],\
          ""type"": ""phrase"",\
          ""analyzer"": ""dhi_term_analyzer"",\
          ""boost"": 10\
        }\
      }\
    }\
  ],\
  ""addressSearchQueries"": [\
    {\
      ""queryDHI"": {\
        ""match"": {\
          ""address"": {\
            ""query"": ""SEARCH_ADDRESS"",\
            ""analyzer"": ""dhi_term_analyzer""\
          }\
        }\
      }\
    }\
  ],\
  ""nameAddressQueries"": [\
    {\
      ""queryDHI"": {\
        ""bool"": {\
          ""must"": [\
            {\
              ""multi_match"": {\
                ""query"": ""SEARCH_NAME"",\
                ""fields"": [\
                  ""name""\
                ],\
                ""type"": ""phrase"",\
                ""analyzer"": ""dhi_term_analyzer"",\
                ""boost"": 10\
              }\
            },\
            {\
              ""multi_match"": {\
                ""query"": ""SEARCH_ADDRESS"",\
                ""type"": ""most_fields"",\
                ""fields"": [\
                  ""address""\
                ],\
                ""analyzer"": ""dhi_term_analyzer"",\
                ""boost"": 2\
              }\
            }\
          ]\
        }\
      }\
    },\
    {\
      ""queryDHI"": {\
        ""bool"": {\
          ""must"": [\
            {\
              ""multi_match"": {\
                ""query"": ""SEARCH_NAME"",\
                ""fields"": [\
                  ""name""\
                ],\
                ""type"": ""phrase"",\
                ""analyzer"": ""dhi_term_analyzer"",\
                ""boost"": 2\
              }\
            },\
            {\
              ""multi_match"": {\
                ""query"": ""SEARCH_ADDRESS"",\
                ""type"": ""most_fields"",\
                ""fields"": [\
                  ""address""\
                ],\
                ""analyzer"": ""dhi_term_analyzer"",\
                ""boost"": 10\
              }\
            }\
          ]\
        }\
      }\
    }\
  ]\
}","2022-04-14 17:34:19","1","2022-06-23 15:23:13","1","18","2"
"220","CHAMPT","17","Chamrajpet","blr.chamarajpet@ktkbank.com","9880863870","Chamrajpet","1558","17","101","","","29AABCT5589K1ZL","","AABCT5589K",\N,"UDYAM-KR-03-0106234",\N,\N,\N,\N,"2022-07-13 16:02:55","21",\N,\N,"20","17","KBL","Karnataka Bank","info@kbl.com","1234567890","#13, Bangalore","{\
  ""nameSearchQueries"": [\
    {\
      ""queryDHI"": {\
        ""multi_match"": {\
          ""query"": ""SEARCH_NAME"",\
          ""fields"": [\
            ""name""\
          ],\
          ""type"": ""phrase"",\
          ""analyzer"": ""dhi_term_analyzer"",\
          ""boost"": 10\
        }\
      }\
    }\
  ],\
  ""addressSearchQueries"": [\
    {\
      ""queryDHI"": {\
        ""match"": {\
          ""address"": {\
            ""query"": ""SEARCH_ADDRESS"",\
            ""analyzer"": ""dhi_term_analyzer""\
          }\
        }\
      }\
    }\
  ],\
  ""nameAddressQueries"": [\
    {\
      ""queryDHI"": {\
        ""bool"": {\
          ""must"": [\
            {\
              ""multi_match"": {\
                ""query"": ""SEARCH_NAME"",\
                ""fields"": [\
                  ""name""\
                ],\
                ""type"": ""phrase"",\
                ""analyzer"": ""dhi_term_analyzer"",\
                ""boost"": 10\
              }\
            },\
            {\
              ""multi_match"": {\
                ""query"": ""SEARCH_ADDRESS"",\
                ""type"": ""most_fields"",\
                ""fields"": [\
                  ""address""\
                ],\
                ""analyzer"": ""dhi_term_analyzer"",\
                ""boost"": 2\
              }\
            }\
          ]\
        }\
      }\
    },\
    {\
      ""queryDHI"": {\
        ""bool"": {\
          ""must"": [\
            {\
              ""multi_match"": {\
                ""query"": ""SEARCH_NAME"",\
                ""fields"": [\
                  ""name""\
                ],\
                ""type"": ""phrase"",\
                ""analyzer"": ""dhi_term_analyzer"",\
                ""boost"": 2\
              }\
            },\
            {\
              ""multi_match"": {\
                ""query"": ""SEARCH_ADDRESS"",\
                ""type"": ""most_fields"",\
                ""fields"": [\
                  ""address""\
                ],\
                ""analyzer"": ""dhi_term_analyzer"",\
                ""boost"": 10\
              }\
            }\
          ]\
        }\
      }\
    }\
  ]\
}","2022-04-14 17:34:19","1","2022-06-23 15:23:13","1","18","2"
"221","CHNDLT","17","Chandra Layout ","blr.chandralayout@ktkbank.com","9449595674","Chandra Layout ","1558","17","101","","","29AABCT5589K1ZL","","AABCT5589K",\N,"UDYAM-KR-03-0106234",\N,\N,\N,\N,"2022-07-13 16:02:55","21",\N,\N,"20","17","KBL","Karnataka Bank","info@kbl.com","1234567890","#13, Bangalore","{\
  ""nameSearchQueries"": [\
    {\
      ""queryDHI"": {\
        ""multi_match"": {\
          ""query"": ""SEARCH_NAME"",\
          ""fields"": [\
            ""name""\
          ],\
          ""type"": ""phrase"",\
          ""analyzer"": ""dhi_term_analyzer"",\
          ""boost"": 10\
        }\
      }\
    }\
  ],\
  ""addressSearchQueries"": [\
    {\
      ""queryDHI"": {\
        ""match"": {\
          ""address"": {\
            ""query"": ""SEARCH_ADDRESS"",\
            ""analyzer"": ""dhi_term_analyzer""\
          }\
        }\
      }\
    }\
  ],\
  ""nameAddressQueries"": [\
    {\
      ""queryDHI"": {\
        ""bool"": {\
          ""must"": [\
            {\
              ""multi_match"": {\
                ""query"": ""SEARCH_NAME"",\
                ""fields"": [\
                  ""name""\
                ],\
                ""type"": ""phrase"",\
                ""analyzer"": ""dhi_term_analyzer"",\
                ""boost"": 10\
              }\
            },\
            {\
              ""multi_match"": {\
                ""query"": ""SEARCH_ADDRESS"",\
                ""type"": ""most_fields"",\
                ""fields"": [\
                  ""address""\
                ],\
                ""analyzer"": ""dhi_term_analyzer"",\
                ""boost"": 2\
              }\
            }\
          ]\
        }\
      }\
    },\
    {\
      ""queryDHI"": {\
        ""bool"": {\
          ""must"": [\
            {\
              ""multi_match"": {\
                ""query"": ""SEARCH_NAME"",\
                ""fields"": [\
                  ""name""\
                ],\
                ""type"": ""phrase"",\
                ""analyzer"": ""dhi_term_analyzer"",\
                ""boost"": 2\
              }\
            },\
            {\
              ""multi_match"": {\
                ""query"": ""SEARCH_ADDRESS"",\
                ""type"": ""most_fields"",\
                ""fields"": [\
                  ""address""\
                ],\
                ""analyzer"": ""dhi_term_analyzer"",\
                ""boost"": 10\
              }\
            }\
          ]\
        }\
      }\
    }\
  ]\
}","2022-04-14 17:34:19","1","2022-06-23 15:23:13","1","18","2"
"222","CHCKPT","17","Chickpet","blr.chickpet@ktkbank.com","9880863828","Chickpet","1558","17","101","","","29AABCT5589K1ZL","","AABCT5589K",\N,"UDYAM-KR-03-0106234",\N,\N,\N,\N,"2022-07-13 16:02:55","21",\N,\N,"20","17","KBL","Karnataka Bank","info@kbl.com","1234567890","#13, Bangalore","{\
  ""nameSearchQueries"": [\
    {\
      ""queryDHI"": {\
        ""multi_match"": {\
          ""query"": ""SEARCH_NAME"",\
          ""fields"": [\
            ""name""\
          ],\
          ""type"": ""phrase"",\
          ""analyzer"": ""dhi_term_analyzer"",\
          ""boost"": 10\
        }\
      }\
    }\
  ],\
  ""addressSearchQueries"": [\
    {\
      ""queryDHI"": {\
        ""match"": {\
          ""address"": {\
            ""query"": ""SEARCH_ADDRESS"",\
            ""analyzer"": ""dhi_term_analyzer""\
          }\
        }\
      }\
    }\
  ],\
  ""nameAddressQueries"": [\
    {\
      ""queryDHI"": {\
        ""bool"": {\
          ""must"": [\
            {\
              ""multi_match"": {\
                ""query"": ""SEARCH_NAME"",\
                ""fields"": [\
                  ""name""\
                ],\
                ""type"": ""phrase"",\
                ""analyzer"": ""dhi_term_analyzer"",\
                ""boost"": 10\
              }\
            },\
            {\
              ""multi_match"": {\
                ""query"": ""SEARCH_ADDRESS"",\
                ""type"": ""most_fields"",\
                ""fields"": [\
                  ""address""\
                ],\
                ""analyzer"": ""dhi_term_analyzer"",\
                ""boost"": 2\
              }\
            }\
          ]\
        }\
      }\
    },\
    {\
      ""queryDHI"": {\
        ""bool"": {\
          ""must"": [\
            {\
              ""multi_match"": {\
                ""query"": ""SEARCH_NAME"",\
                ""fields"": [\
                  ""name""\
                ],\
                ""type"": ""phrase"",\
                ""analyzer"": ""dhi_term_analyzer"",\
                ""boost"": 2\
              }\
            },\
            {\
              ""multi_match"": {\
                ""query"": ""SEARCH_ADDRESS"",\
                ""type"": ""most_fields"",\
                ""fields"": [\
                  ""address""\
                ],\
                ""analyzer"": ""dhi_term_analyzer"",\
                ""boost"": 10\
              }\
            }\
          ]\
        }\
      }\
    }\
  ]\
}","2022-04-14 17:34:19","1","2022-06-23 15:23:13","1","18","2"
"223","CTCVCT","17","City Civil Court","blr.citycivilcourt@ktkbank.com","9880859692","City Civil Court","1558","17","101","","","29AABCT5589K1ZL","","AABCT5589K",\N,"UDYAM-KR-03-0106234",\N,\N,\N,\N,"2022-07-13 16:02:55","21",\N,\N,"20","17","KBL","Karnataka Bank","info@kbl.com","1234567890","#13, Bangalore","{\
  ""nameSearchQueries"": [\
    {\
      ""queryDHI"": {\
        ""multi_match"": {\
          ""query"": ""SEARCH_NAME"",\
          ""fields"": [\
            ""name""\
          ],\
          ""type"": ""phrase"",\
          ""analyzer"": ""dhi_term_analyzer"",\
          ""boost"": 10\
        }\
      }\
    }\
  ],\
  ""addressSearchQueries"": [\
    {\
      ""queryDHI"": {\
        ""match"": {\
          ""address"": {\
            ""query"": ""SEARCH_ADDRESS"",\
            ""analyzer"": ""dhi_term_analyzer""\
          }\
        }\
      }\
    }\
  ],\
  ""nameAddressQueries"": [\
    {\
      ""queryDHI"": {\
        ""bool"": {\
          ""must"": [\
            {\
              ""multi_match"": {\
                ""query"": ""SEARCH_NAME"",\
                ""fields"": [\
                  ""name""\
                ],\
                ""type"": ""phrase"",\
                ""analyzer"": ""dhi_term_analyzer"",\
                ""boost"": 10\
              }\
            },\
            {\
              ""multi_match"": {\
                ""query"": ""SEARCH_ADDRESS"",\
                ""type"": ""most_fields"",\
                ""fields"": [\
                  ""address""\
                ],\
                ""analyzer"": ""dhi_term_analyzer"",\
                ""boost"": 2\
              }\
            }\
          ]\
        }\
      }\
    },\
    {\
      ""queryDHI"": {\
        ""bool"": {\
          ""must"": [\
            {\
              ""multi_match"": {\
                ""query"": ""SEARCH_NAME"",\
                ""fields"": [\
                  ""name""\
                ],\
                ""type"": ""phrase"",\
                ""analyzer"": ""dhi_term_analyzer"",\
                ""boost"": 2\
              }\
            },\
            {\
              ""multi_match"": {\
                ""query"": ""SEARCH_ADDRESS"",\
                ""type"": ""most_fields"",\
                ""fields"": [\
                  ""address""\
                ],\
                ""analyzer"": ""dhi_term_analyzer"",\
                ""boost"": 10\
              }\
            }\
          ]\
        }\
      }\
    }\
  ]\
}","2022-04-14 17:34:19","1","2022-06-23 15:23:13","1","18","2"
"224","CITYMT","17","City Market","blr.citymarket@ktkbank.com","9880255801 / 9663380","City Market","1558","17","101","","","29AABCT5589K1ZL","","AABCT5589K",\N,"UDYAM-KR-03-0106234",\N,\N,\N,\N,"2022-07-13 16:02:55","21",\N,\N,"20","17","KBL","Karnataka Bank","info@kbl.com","1234567890","#13, Bangalore","{\
  ""nameSearchQueries"": [\
    {\
      ""queryDHI"": {\
        ""multi_match"": {\
          ""query"": ""SEARCH_NAME"",\
          ""fields"": [\
            ""name""\
          ],\
          ""type"": ""phrase"",\
          ""analyzer"": ""dhi_term_analyzer"",\
          ""boost"": 10\
        }\
      }\
    }\
  ],\
  ""addressSearchQueries"": [\
    {\
      ""queryDHI"": {\
        ""match"": {\
          ""address"": {\
            ""query"": ""SEARCH_ADDRESS"",\
            ""analyzer"": ""dhi_term_analyzer""\
          }\
        }\
      }\
    }\
  ],\
  ""nameAddressQueries"": [\
    {\
      ""queryDHI"": {\
        ""bool"": {\
          ""must"": [\
            {\
              ""multi_match"": {\
                ""query"": ""SEARCH_NAME"",\
                ""fields"": [\
                  ""name""\
                ],\
                ""type"": ""phrase"",\
                ""analyzer"": ""dhi_term_analyzer"",\
                ""boost"": 10\
              }\
            },\
            {\
              ""multi_match"": {\
                ""query"": ""SEARCH_ADDRESS"",\
                ""type"": ""most_fields"",\
                ""fields"": [\
                  ""address""\
                ],\
                ""analyzer"": ""dhi_term_analyzer"",\
                ""boost"": 2\
              }\
            }\
          ]\
        }\
      }\
    },\
    {\
      ""queryDHI"": {\
        ""bool"": {\
          ""must"": [\
            {\
              ""multi_match"": {\
                ""query"": ""SEARCH_NAME"",\
                ""fields"": [\
                  ""name""\
                ],\
                ""type"": ""phrase"",\
                ""analyzer"": ""dhi_term_analyzer"",\
                ""boost"": 2\
              }\
            },\
            {\
              ""multi_match"": {\
                ""query"": ""SEARCH_ADDRESS"",\
                ""type"": ""most_fields"",\
                ""fields"": [\
                  ""address""\
                ],\
                ""analyzer"": ""dhi_term_analyzer"",\
                ""boost"": 10\
              }\
            }\
          ]\
        }\
      }\
    }\
  ]\
}","2022-04-14 17:34:19","1","2022-06-23 15:23:13","1","18","2"
"225","DIGILN","17","Digiloan","digiloan@ktkbank.com","123456789","Digiloan","1558","17","101","","","29AABCT5589K1ZL","","AABCT5589K",\N,"UDYAM-KR-03-0106234",\N,\N,\N,\N,"2022-07-13 16:02:55","21",\N,\N,"20","17","KBL","Karnataka Bank","info@kbl.com","1234567890","#13, Bangalore","{\
  ""nameSearchQueries"": [\
    {\
      ""queryDHI"": {\
        ""multi_match"": {\
          ""query"": ""SEARCH_NAME"",\
          ""fields"": [\
            ""name""\
          ],\
          ""type"": ""phrase"",\
          ""analyzer"": ""dhi_term_analyzer"",\
          ""boost"": 10\
        }\
      }\
    }\
  ],\
  ""addressSearchQueries"": [\
    {\
      ""queryDHI"": {\
        ""match"": {\
          ""address"": {\
            ""query"": ""SEARCH_ADDRESS"",\
            ""analyzer"": ""dhi_term_analyzer""\
          }\
        }\
      }\
    }\
  ],\
  ""nameAddressQueries"": [\
    {\
      ""queryDHI"": {\
        ""bool"": {\
          ""must"": [\
            {\
              ""multi_match"": {\
                ""query"": ""SEARCH_NAME"",\
                ""fields"": [\
                  ""name""\
                ],\
                ""type"": ""phrase"",\
                ""analyzer"": ""dhi_term_analyzer"",\
                ""boost"": 10\
              }\
            },\
            {\
              ""multi_match"": {\
                ""query"": ""SEARCH_ADDRESS"",\
                ""type"": ""most_fields"",\
                ""fields"": [\
                  ""address""\
                ],\
                ""analyzer"": ""dhi_term_analyzer"",\
                ""boost"": 2\
              }\
            }\
          ]\
        }\
      }\
    },\
    {\
      ""queryDHI"": {\
        ""bool"": {\
          ""must"": [\
            {\
              ""multi_match"": {\
                ""query"": ""SEARCH_NAME"",\
                ""fields"": [\
                  ""name""\
                ],\
                ""type"": ""phrase"",\
                ""analyzer"": ""dhi_term_analyzer"",\
                ""boost"": 2\
              }\
            },\
            {\
              ""multi_match"": {\
                ""query"": ""SEARCH_ADDRESS"",\
                ""type"": ""most_fields"",\
                ""fields"": [\
                  ""address""\
                ],\
                ""analyzer"": ""dhi_term_analyzer"",\
                ""boost"": 10\
              }\
            }\
          ]\
        }\
      }\
    }\
  ]\
}","2022-04-14 17:34:19","1","2022-06-23 15:23:13","1","18","2"
"226","DALDMR","17","Dodda Aaladamara","dodda.aaladamara@ktkbank.com","9481412650","Dodda Aaladamara","1558","17","101","","","29AABCT5589K1ZL","","AABCT5589K",\N,"UDYAM-KR-03-0106234",\N,\N,\N,\N,"2022-07-13 16:02:55","21",\N,\N,"20","17","KBL","Karnataka Bank","info@kbl.com","1234567890","#13, Bangalore","{\
  ""nameSearchQueries"": [\
    {\
      ""queryDHI"": {\
        ""multi_match"": {\
          ""query"": ""SEARCH_NAME"",\
          ""fields"": [\
            ""name""\
          ],\
          ""type"": ""phrase"",\
          ""analyzer"": ""dhi_term_analyzer"",\
          ""boost"": 10\
        }\
      }\
    }\
  ],\
  ""addressSearchQueries"": [\
    {\
      ""queryDHI"": {\
        ""match"": {\
          ""address"": {\
            ""query"": ""SEARCH_ADDRESS"",\
            ""analyzer"": ""dhi_term_analyzer""\
          }\
        }\
      }\
    }\
  ],\
  ""nameAddressQueries"": [\
    {\
      ""queryDHI"": {\
        ""bool"": {\
          ""must"": [\
            {\
              ""multi_match"": {\
                ""query"": ""SEARCH_NAME"",\
                ""fields"": [\
                  ""name""\
                ],\
                ""type"": ""phrase"",\
                ""analyzer"": ""dhi_term_analyzer"",\
                ""boost"": 10\
              }\
            },\
            {\
              ""multi_match"": {\
                ""query"": ""SEARCH_ADDRESS"",\
                ""type"": ""most_fields"",\
                ""fields"": [\
                  ""address""\
                ],\
                ""analyzer"": ""dhi_term_analyzer"",\
                ""boost"": 2\
              }\
            }\
          ]\
        }\
      }\
    },\
    {\
      ""queryDHI"": {\
        ""bool"": {\
          ""must"": [\
            {\
              ""multi_match"": {\
                ""query"": ""SEARCH_NAME"",\
                ""fields"": [\
                  ""name""\
                ],\
                ""type"": ""phrase"",\
                ""analyzer"": ""dhi_term_analyzer"",\
                ""boost"": 2\
              }\
            },\
            {\
              ""multi_match"": {\
                ""query"": ""SEARCH_ADDRESS"",\
                ""type"": ""most_fields"",\
                ""fields"": [\
                  ""address""\
                ],\
                ""analyzer"": ""dhi_term_analyzer"",\
                ""boost"": 10\
              }\
            }\
          ]\
        }\
      }\
    }\
  ]\
}","2022-04-14 17:34:19","1","2022-06-23 15:23:13","1","18","2"
"227","DODGUB","17","Doddagubi","doddagubbi@ktkbank.com","9008019922","Doddagubi","1558","17","101","","","29AABCT5589K1ZL","","AABCT5589K",\N,"UDYAM-KR-03-0106234",\N,\N,\N,\N,"2022-07-13 16:02:55","21",\N,\N,"20","17","KBL","Karnataka Bank","info@kbl.com","1234567890","#13, Bangalore","{\
  ""nameSearchQueries"": [\
    {\
      ""queryDHI"": {\
        ""multi_match"": {\
          ""query"": ""SEARCH_NAME"",\
          ""fields"": [\
            ""name""\
          ],\
          ""type"": ""phrase"",\
          ""analyzer"": ""dhi_term_analyzer"",\
          ""boost"": 10\
        }\
      }\
    }\
  ],\
  ""addressSearchQueries"": [\
    {\
      ""queryDHI"": {\
        ""match"": {\
          ""address"": {\
            ""query"": ""SEARCH_ADDRESS"",\
            ""analyzer"": ""dhi_term_analyzer""\
          }\
        }\
      }\
    }\
  ],\
  ""nameAddressQueries"": [\
    {\
      ""queryDHI"": {\
        ""bool"": {\
          ""must"": [\
            {\
              ""multi_match"": {\
                ""query"": ""SEARCH_NAME"",\
                ""fields"": [\
                  ""name""\
                ],\
                ""type"": ""phrase"",\
                ""analyzer"": ""dhi_term_analyzer"",\
                ""boost"": 10\
              }\
            },\
            {\
              ""multi_match"": {\
                ""query"": ""SEARCH_ADDRESS"",\
                ""type"": ""most_fields"",\
                ""fields"": [\
                  ""address""\
                ],\
                ""analyzer"": ""dhi_term_analyzer"",\
                ""boost"": 2\
              }\
            }\
          ]\
        }\
      }\
    },\
    {\
      ""queryDHI"": {\
        ""bool"": {\
          ""must"": [\
            {\
              ""multi_match"": {\
                ""query"": ""SEARCH_NAME"",\
                ""fields"": [\
                  ""name""\
                ],\
                ""type"": ""phrase"",\
                ""analyzer"": ""dhi_term_analyzer"",\
                ""boost"": 2\
              }\
            },\
            {\
              ""multi_match"": {\
                ""query"": ""SEARCH_ADDRESS"",\
                ""type"": ""most_fields"",\
                ""fields"": [\
                  ""address""\
                ],\
                ""analyzer"": ""dhi_term_analyzer"",\
                ""boost"": 10\
              }\
            }\
          ]\
        }\
      }\
    }\
  ]\
}","2022-04-14 17:34:19","1","2022-06-23 15:23:13","1","18","2"
"228","ELKDHL","17","Ele Kodigehalli","elekodigehalli@ktkbank.com","9448680980 ","Ele Kodigehalli","1558","17","101","","","29AABCT5589K1ZL","","AABCT5589K",\N,"UDYAM-KR-03-0106234",\N,\N,\N,\N,"2022-07-13 16:02:55","21",\N,\N,"20","17","KBL","Karnataka Bank","info@kbl.com","1234567890","#13, Bangalore","{\
  ""nameSearchQueries"": [\
    {\
      ""queryDHI"": {\
        ""multi_match"": {\
          ""query"": ""SEARCH_NAME"",\
          ""fields"": [\
            ""name""\
          ],\
          ""type"": ""phrase"",\
          ""analyzer"": ""dhi_term_analyzer"",\
          ""boost"": 10\
        }\
      }\
    }\
  ],\
  ""addressSearchQueries"": [\
    {\
      ""queryDHI"": {\
        ""match"": {\
          ""address"": {\
            ""query"": ""SEARCH_ADDRESS"",\
            ""analyzer"": ""dhi_term_analyzer""\
          }\
        }\
      }\
    }\
  ],\
  ""nameAddressQueries"": [\
    {\
      ""queryDHI"": {\
        ""bool"": {\
          ""must"": [\
            {\
              ""multi_match"": {\
                ""query"": ""SEARCH_NAME"",\
                ""fields"": [\
                  ""name""\
                ],\
                ""type"": ""phrase"",\
                ""analyzer"": ""dhi_term_analyzer"",\
                ""boost"": 10\
              }\
            },\
            {\
              ""multi_match"": {\
                ""query"": ""SEARCH_ADDRESS"",\
                ""type"": ""most_fields"",\
                ""fields"": [\
                  ""address""\
                ],\
                ""analyzer"": ""dhi_term_analyzer"",\
                ""boost"": 2\
              }\
            }\
          ]\
        }\
      }\
    },\
    {\
      ""queryDHI"": {\
        ""bool"": {\
          ""must"": [\
            {\
              ""multi_match"": {\
                ""query"": ""SEARCH_NAME"",\
                ""fields"": [\
                  ""name""\
                ],\
                ""type"": ""phrase"",\
                ""analyzer"": ""dhi_term_analyzer"",\
                ""boost"": 2\
              }\
            },\
            {\
              ""multi_match"": {\
                ""query"": ""SEARCH_ADDRESS"",\
                ""type"": ""most_fields"",\
                ""fields"": [\
                  ""address""\
                ],\
                ""analyzer"": ""dhi_term_analyzer"",\
                ""boost"": 10\
              }\
            }\
          ]\
        }\
      }\
    }\
  ]\
}","2022-04-14 17:34:19","1","2022-06-23 15:23:13","1","18","2"
"229","ELECTY","17","Electronic City","blr.electroniccityphase1@ktkbank.com","9108291963","Electronic City","1558","17","101","","","29AABCT5589K1ZL","","AABCT5589K",\N,"UDYAM-KR-03-0106234",\N,\N,\N,\N,"2022-07-13 16:02:55","21",\N,\N,"20","17","KBL","Karnataka Bank","info@kbl.com","1234567890","#13, Bangalore","{\
  ""nameSearchQueries"": [\
    {\
      ""queryDHI"": {\
        ""multi_match"": {\
          ""query"": ""SEARCH_NAME"",\
          ""fields"": [\
            ""name""\
          ],\
          ""type"": ""phrase"",\
          ""analyzer"": ""dhi_term_analyzer"",\
          ""boost"": 10\
        }\
      }\
    }\
  ],\
  ""addressSearchQueries"": [\
    {\
      ""queryDHI"": {\
        ""match"": {\
          ""address"": {\
            ""query"": ""SEARCH_ADDRESS"",\
            ""analyzer"": ""dhi_term_analyzer""\
          }\
        }\
      }\
    }\
  ],\
  ""nameAddressQueries"": [\
    {\
      ""queryDHI"": {\
        ""bool"": {\
          ""must"": [\
            {\
              ""multi_match"": {\
                ""query"": ""SEARCH_NAME"",\
                ""fields"": [\
                  ""name""\
                ],\
                ""type"": ""phrase"",\
                ""analyzer"": ""dhi_term_analyzer"",\
                ""boost"": 10\
              }\
            },\
            {\
              ""multi_match"": {\
                ""query"": ""SEARCH_ADDRESS"",\
                ""type"": ""most_fields"",\
                ""fields"": [\
                  ""address""\
                ],\
                ""analyzer"": ""dhi_term_analyzer"",\
                ""boost"": 2\
              }\
            }\
          ]\
        }\
      }\
    },\
    {\
      ""queryDHI"": {\
        ""bool"": {\
          ""must"": [\
            {\
              ""multi_match"": {\
                ""query"": ""SEARCH_NAME"",\
                ""fields"": [\
                  ""name""\
                ],\
                ""type"": ""phrase"",\
                ""analyzer"": ""dhi_term_analyzer"",\
                ""boost"": 2\
              }\
            },\
            {\
              ""multi_match"": {\
                ""query"": ""SEARCH_ADDRESS"",\
                ""type"": ""most_fields"",\
                ""fields"": [\
                  ""address""\
                ],\
                ""analyzer"": ""dhi_term_analyzer"",\
                ""boost"": 10\
              }\
            }\
          ]\
        }\
      }\
    }\
  ]\
}","2022-04-14 17:34:19","1","2022-06-23 15:23:13","1","18","2"
"230","ELCTP1","17","Electronic City Phase 1","blr.electroniccityphase1@ktkbank.com","9108291963","Electronic City Phase 1","1558","17","101","","","29AABCT5589K1ZL","","AABCT5589K",\N,"UDYAM-KR-03-0106234",\N,\N,\N,\N,"2022-07-13 16:02:55","21",\N,\N,"20","17","KBL","Karnataka Bank","info@kbl.com","1234567890","#13, Bangalore","{\
  ""nameSearchQueries"": [\
    {\
      ""queryDHI"": {\
        ""multi_match"": {\
          ""query"": ""SEARCH_NAME"",\
          ""fields"": [\
            ""name""\
          ],\
          ""type"": ""phrase"",\
          ""analyzer"": ""dhi_term_analyzer"",\
          ""boost"": 10\
        }\
      }\
    }\
  ],\
  ""addressSearchQueries"": [\
    {\
      ""queryDHI"": {\
        ""match"": {\
          ""address"": {\
            ""query"": ""SEARCH_ADDRESS"",\
            ""analyzer"": ""dhi_term_analyzer""\
          }\
        }\
      }\
    }\
  ],\
  ""nameAddressQueries"": [\
    {\
      ""queryDHI"": {\
        ""bool"": {\
          ""must"": [\
            {\
              ""multi_match"": {\
                ""query"": ""SEARCH_NAME"",\
                ""fields"": [\
                  ""name""\
                ],\
                ""type"": ""phrase"",\
                ""analyzer"": ""dhi_term_analyzer"",\
                ""boost"": 10\
              }\
            },\
            {\
              ""multi_match"": {\
                ""query"": ""SEARCH_ADDRESS"",\
                ""type"": ""most_fields"",\
                ""fields"": [\
                  ""address""\
                ],\
                ""analyzer"": ""dhi_term_analyzer"",\
                ""boost"": 2\
              }\
            }\
          ]\
        }\
      }\
    },\
    {\
      ""queryDHI"": {\
        ""bool"": {\
          ""must"": [\
            {\
              ""multi_match"": {\
                ""query"": ""SEARCH_NAME"",\
                ""fields"": [\
                  ""name""\
                ],\
                ""type"": ""phrase"",\
                ""analyzer"": ""dhi_term_analyzer"",\
                ""boost"": 2\
              }\
            },\
            {\
              ""multi_match"": {\
                ""query"": ""SEARCH_ADDRESS"",\
                ""type"": ""most_fields"",\
                ""fields"": [\
                  ""address""\
                ],\
                ""analyzer"": ""dhi_term_analyzer"",\
                ""boost"": 10\
              }\
            }\
          ]\
        }\
      }\
    }\
  ]\
}","2022-04-14 17:34:19","1","2022-06-23 15:23:13","1","18","2"
"231","GBALVG","17","Global Village","blr.global@ktkbank.com","8951914371","Global Village","1558","17","101","","","29AABCT5589K1ZL","","AABCT5589K",\N,"UDYAM-KR-03-0106234",\N,\N,\N,\N,"2022-07-13 16:02:55","21",\N,\N,"20","17","KBL","Karnataka Bank","info@kbl.com","1234567890","#13, Bangalore","{\
  ""nameSearchQueries"": [\
    {\
      ""queryDHI"": {\
        ""multi_match"": {\
          ""query"": ""SEARCH_NAME"",\
          ""fields"": [\
            ""name""\
          ],\
          ""type"": ""phrase"",\
          ""analyzer"": ""dhi_term_analyzer"",\
          ""boost"": 10\
        }\
      }\
    }\
  ],\
  ""addressSearchQueries"": [\
    {\
      ""queryDHI"": {\
        ""match"": {\
          ""address"": {\
            ""query"": ""SEARCH_ADDRESS"",\
            ""analyzer"": ""dhi_term_analyzer""\
          }\
        }\
      }\
    }\
  ],\
  ""nameAddressQueries"": [\
    {\
      ""queryDHI"": {\
        ""bool"": {\
          ""must"": [\
            {\
              ""multi_match"": {\
                ""query"": ""SEARCH_NAME"",\
                ""fields"": [\
                  ""name""\
                ],\
                ""type"": ""phrase"",\
                ""analyzer"": ""dhi_term_analyzer"",\
                ""boost"": 10\
              }\
            },\
            {\
              ""multi_match"": {\
                ""query"": ""SEARCH_ADDRESS"",\
                ""type"": ""most_fields"",\
                ""fields"": [\
                  ""address""\
                ],\
                ""analyzer"": ""dhi_term_analyzer"",\
                ""boost"": 2\
              }\
            }\
          ]\
        }\
      }\
    },\
    {\
      ""queryDHI"": {\
        ""bool"": {\
          ""must"": [\
            {\
              ""multi_match"": {\
                ""query"": ""SEARCH_NAME"",\
                ""fields"": [\
                  ""name""\
                ],\
                ""type"": ""phrase"",\
                ""analyzer"": ""dhi_term_analyzer"",\
                ""boost"": 2\
              }\
            },\
            {\
              ""multi_match"": {\
                ""query"": ""SEARCH_ADDRESS"",\
                ""type"": ""most_fields"",\
                ""fields"": [\
                  ""address""\
                ],\
                ""analyzer"": ""dhi_term_analyzer"",\
                ""boost"": 10\
              }\
            }\
          ]\
        }\
      }\
    }\
  ]\
}","2022-04-14 17:34:19","1","2022-06-23 15:23:13","1","18","2"
"232","GOKULA","17","Gokula","blr.gokul@ktkbank.com","9880789935","Gokula","1558","17","101","","","29AABCT5589K1ZL","","AABCT5589K",\N,"UDYAM-KR-03-0106234",\N,\N,\N,\N,"2022-07-13 16:02:55","21",\N,\N,"20","17","KBL","Karnataka Bank","info@kbl.com","1234567890","#13, Bangalore","{\
  ""nameSearchQueries"": [\
    {\
      ""queryDHI"": {\
        ""multi_match"": {\
          ""query"": ""SEARCH_NAME"",\
          ""fields"": [\
            ""name""\
          ],\
          ""type"": ""phrase"",\
          ""analyzer"": ""dhi_term_analyzer"",\
          ""boost"": 10\
        }\
      }\
    }\
  ],\
  ""addressSearchQueries"": [\
    {\
      ""queryDHI"": {\
        ""match"": {\
          ""address"": {\
            ""query"": ""SEARCH_ADDRESS"",\
            ""analyzer"": ""dhi_term_analyzer""\
          }\
        }\
      }\
    }\
  ],\
  ""nameAddressQueries"": [\
    {\
      ""queryDHI"": {\
        ""bool"": {\
          ""must"": [\
            {\
              ""multi_match"": {\
                ""query"": ""SEARCH_NAME"",\
                ""fields"": [\
                  ""name""\
                ],\
                ""type"": ""phrase"",\
                ""analyzer"": ""dhi_term_analyzer"",\
                ""boost"": 10\
              }\
            },\
            {\
              ""multi_match"": {\
                ""query"": ""SEARCH_ADDRESS"",\
                ""type"": ""most_fields"",\
                ""fields"": [\
                  ""address""\
                ],\
                ""analyzer"": ""dhi_term_analyzer"",\
                ""boost"": 2\
              }\
            }\
          ]\
        }\
      }\
    },\
    {\
      ""queryDHI"": {\
        ""bool"": {\
          ""must"": [\
            {\
              ""multi_match"": {\
                ""query"": ""SEARCH_NAME"",\
                ""fields"": [\
                  ""name""\
                ],\
                ""type"": ""phrase"",\
                ""analyzer"": ""dhi_term_analyzer"",\
                ""boost"": 2\
              }\
            },\
            {\
              ""multi_match"": {\
                ""query"": ""SEARCH_ADDRESS"",\
                ""type"": ""most_fields"",\
                ""fields"": [\
                  ""address""\
                ],\
                ""analyzer"": ""dhi_term_analyzer"",\
                ""boost"": 10\
              }\
            }\
          ]\
        }\
      }\
    }\
  ]\
}","2022-04-14 17:34:19","1","2022-06-23 15:23:13","1","18","2"
"233","GOTTGR","17","Gottigere","blr.gottigere@ktkbank.com","7619115444","Gottigere","1558","17","101","","","29AABCT5589K1ZL","","AABCT5589K",\N,"UDYAM-KR-03-0106234",\N,\N,\N,\N,"2022-07-13 16:02:55","21",\N,\N,"20","17","KBL","Karnataka Bank","info@kbl.com","1234567890","#13, Bangalore","{\
  ""nameSearchQueries"": [\
    {\
      ""queryDHI"": {\
        ""multi_match"": {\
          ""query"": ""SEARCH_NAME"",\
          ""fields"": [\
            ""name""\
          ],\
          ""type"": ""phrase"",\
          ""analyzer"": ""dhi_term_analyzer"",\
          ""boost"": 10\
        }\
      }\
    }\
  ],\
  ""addressSearchQueries"": [\
    {\
      ""queryDHI"": {\
        ""match"": {\
          ""address"": {\
            ""query"": ""SEARCH_ADDRESS"",\
            ""analyzer"": ""dhi_term_analyzer""\
          }\
        }\
      }\
    }\
  ],\
  ""nameAddressQueries"": [\
    {\
      ""queryDHI"": {\
        ""bool"": {\
          ""must"": [\
            {\
              ""multi_match"": {\
                ""query"": ""SEARCH_NAME"",\
                ""fields"": [\
                  ""name""\
                ],\
                ""type"": ""phrase"",\
                ""analyzer"": ""dhi_term_analyzer"",\
                ""boost"": 10\
              }\
            },\
            {\
              ""multi_match"": {\
                ""query"": ""SEARCH_ADDRESS"",\
                ""type"": ""most_fields"",\
                ""fields"": [\
                  ""address""\
                ],\
                ""analyzer"": ""dhi_term_analyzer"",\
                ""boost"": 2\
              }\
            }\
          ]\
        }\
      }\
    },\
    {\
      ""queryDHI"": {\
        ""bool"": {\
          ""must"": [\
            {\
              ""multi_match"": {\
                ""query"": ""SEARCH_NAME"",\
                ""fields"": [\
                  ""name""\
                ],\
                ""type"": ""phrase"",\
                ""analyzer"": ""dhi_term_analyzer"",\
                ""boost"": 2\
              }\
            },\
            {\
              ""multi_match"": {\
                ""query"": ""SEARCH_ADDRESS"",\
                ""type"": ""most_fields"",\
                ""fields"": [\
                  ""address""\
                ],\
                ""analyzer"": ""dhi_term_analyzer"",\
                ""boost"": 10\
              }\
            }\
          ]\
        }\
      }\
    }\
  ]\
}","2022-04-14 17:34:19","1","2022-06-23 15:23:13","1","18","2"
"234","GUBBLA","17","Gubbalala","blr.gubbalala@ktkbank.com","7619438062","Gubbalala","1558","17","101","","","29AABCT5589K1ZL","","AABCT5589K",\N,"UDYAM-KR-03-0106234",\N,\N,\N,\N,"2022-07-13 16:02:55","21",\N,\N,"20","17","KBL","Karnataka Bank","info@kbl.com","1234567890","#13, Bangalore","{\
  ""nameSearchQueries"": [\
    {\
      ""queryDHI"": {\
        ""multi_match"": {\
          ""query"": ""SEARCH_NAME"",\
          ""fields"": [\
            ""name""\
          ],\
          ""type"": ""phrase"",\
          ""analyzer"": ""dhi_term_analyzer"",\
          ""boost"": 10\
        }\
      }\
    }\
  ],\
  ""addressSearchQueries"": [\
    {\
      ""queryDHI"": {\
        ""match"": {\
          ""address"": {\
            ""query"": ""SEARCH_ADDRESS"",\
            ""analyzer"": ""dhi_term_analyzer""\
          }\
        }\
      }\
    }\
  ],\
  ""nameAddressQueries"": [\
    {\
      ""queryDHI"": {\
        ""bool"": {\
          ""must"": [\
            {\
              ""multi_match"": {\
                ""query"": ""SEARCH_NAME"",\
                ""fields"": [\
                  ""name""\
                ],\
                ""type"": ""phrase"",\
                ""analyzer"": ""dhi_term_analyzer"",\
                ""boost"": 10\
              }\
            },\
            {\
              ""multi_match"": {\
                ""query"": ""SEARCH_ADDRESS"",\
                ""type"": ""most_fields"",\
                ""fields"": [\
                  ""address""\
                ],\
                ""analyzer"": ""dhi_term_analyzer"",\
                ""boost"": 2\
              }\
            }\
          ]\
        }\
      }\
    },\
    {\
      ""queryDHI"": {\
        ""bool"": {\
          ""must"": [\
            {\
              ""multi_match"": {\
                ""query"": ""SEARCH_NAME"",\
                ""fields"": [\
                  ""name""\
                ],\
                ""type"": ""phrase"",\
                ""analyzer"": ""dhi_term_analyzer"",\
                ""boost"": 2\
              }\
            },\
            {\
              ""multi_match"": {\
                ""query"": ""SEARCH_ADDRESS"",\
                ""type"": ""most_fields"",\
                ""fields"": [\
                  ""address""\
                ],\
                ""analyzer"": ""dhi_term_analyzer"",\
                ""boost"": 10\
              }\
            }\
          ]\
        }\
      }\
    }\
  ]\
}","2022-04-14 17:34:19","1","2022-06-23 15:23:13","1","18","2"
"235","GUNJUR","17","Gunjur","blr.gunjur@ktkbank.com","7619531888","Gunjur","1558","17","101","","","29AABCT5589K1ZL","","AABCT5589K",\N,"UDYAM-KR-03-0106234",\N,\N,\N,\N,"2022-07-13 16:02:55","21",\N,\N,"20","17","KBL","Karnataka Bank","info@kbl.com","1234567890","#13, Bangalore","{\
  ""nameSearchQueries"": [\
    {\
      ""queryDHI"": {\
        ""multi_match"": {\
          ""query"": ""SEARCH_NAME"",\
          ""fields"": [\
            ""name""\
          ],\
          ""type"": ""phrase"",\
          ""analyzer"": ""dhi_term_analyzer"",\
          ""boost"": 10\
        }\
      }\
    }\
  ],\
  ""addressSearchQueries"": [\
    {\
      ""queryDHI"": {\
        ""match"": {\
          ""address"": {\
            ""query"": ""SEARCH_ADDRESS"",\
            ""analyzer"": ""dhi_term_analyzer""\
          }\
        }\
      }\
    }\
  ],\
  ""nameAddressQueries"": [\
    {\
      ""queryDHI"": {\
        ""bool"": {\
          ""must"": [\
            {\
              ""multi_match"": {\
                ""query"": ""SEARCH_NAME"",\
                ""fields"": [\
                  ""name""\
                ],\
                ""type"": ""phrase"",\
                ""analyzer"": ""dhi_term_analyzer"",\
                ""boost"": 10\
              }\
            },\
            {\
              ""multi_match"": {\
                ""query"": ""SEARCH_ADDRESS"",\
                ""type"": ""most_fields"",\
                ""fields"": [\
                  ""address""\
                ],\
                ""analyzer"": ""dhi_term_analyzer"",\
                ""boost"": 2\
              }\
            }\
          ]\
        }\
      }\
    },\
    {\
      ""queryDHI"": {\
        ""bool"": {\
          ""must"": [\
            {\
              ""multi_match"": {\
                ""query"": ""SEARCH_NAME"",\
                ""fields"": [\
                  ""name""\
                ],\
                ""type"": ""phrase"",\
                ""analyzer"": ""dhi_term_analyzer"",\
                ""boost"": 2\
              }\
            },\
            {\
              ""multi_match"": {\
                ""query"": ""SEARCH_ADDRESS"",\
                ""type"": ""most_fields"",\
                ""fields"": [\
                  ""address""\
                ],\
                ""analyzer"": ""dhi_term_analyzer"",\
                ""boost"": 10\
              }\
            }\
          ]\
        }\
      }\
    }\
  ]\
}","2022-04-14 17:34:19","1","2022-06-23 15:23:13","1","18","2"
"236","HBRLYT","17","HBR Layout","blr.hbrlayout@ktkbank.com","9980542227","HBR Layout","1558","17","101","","","29AABCT5589K1ZL","","AABCT5589K",\N,"UDYAM-KR-03-0106234",\N,\N,\N,\N,"2022-07-13 16:02:55","21",\N,\N,"20","17","KBL","Karnataka Bank","info@kbl.com","1234567890","#13, Bangalore","{\
  ""nameSearchQueries"": [\
    {\
      ""queryDHI"": {\
        ""multi_match"": {\
          ""query"": ""SEARCH_NAME"",\
          ""fields"": [\
            ""name""\
          ],\
          ""type"": ""phrase"",\
          ""analyzer"": ""dhi_term_analyzer"",\
          ""boost"": 10\
        }\
      }\
    }\
  ],\
  ""addressSearchQueries"": [\
    {\
      ""queryDHI"": {\
        ""match"": {\
          ""address"": {\
            ""query"": ""SEARCH_ADDRESS"",\
            ""analyzer"": ""dhi_term_analyzer""\
          }\
        }\
      }\
    }\
  ],\
  ""nameAddressQueries"": [\
    {\
      ""queryDHI"": {\
        ""bool"": {\
          ""must"": [\
            {\
              ""multi_match"": {\
                ""query"": ""SEARCH_NAME"",\
                ""fields"": [\
                  ""name""\
                ],\
                ""type"": ""phrase"",\
                ""analyzer"": ""dhi_term_analyzer"",\
                ""boost"": 10\
              }\
            },\
            {\
              ""multi_match"": {\
                ""query"": ""SEARCH_ADDRESS"",\
                ""type"": ""most_fields"",\
                ""fields"": [\
                  ""address""\
                ],\
                ""analyzer"": ""dhi_term_analyzer"",\
                ""boost"": 2\
              }\
            }\
          ]\
        }\
      }\
    },\
    {\
      ""queryDHI"": {\
        ""bool"": {\
          ""must"": [\
            {\
              ""multi_match"": {\
                ""query"": ""SEARCH_NAME"",\
                ""fields"": [\
                  ""name""\
                ],\
                ""type"": ""phrase"",\
                ""analyzer"": ""dhi_term_analyzer"",\
                ""boost"": 2\
              }\
            },\
            {\
              ""multi_match"": {\
                ""query"": ""SEARCH_ADDRESS"",\
                ""type"": ""most_fields"",\
                ""fields"": [\
                  ""address""\
                ],\
                ""analyzer"": ""dhi_term_analyzer"",\
                ""boost"": 10\
              }\
            }\
          ]\
        }\
      }\
    }\
  ]\
}","2022-04-14 17:34:19","1","2022-06-23 15:23:13","1","18","2"
"237","HEGVPR","17","Heggadevanapura ","heggadadevanapura@ktkbank.com","7406629473","Heggadevanapura ","1558","17","101","","","29AABCT5589K1ZL","","AABCT5589K",\N,"UDYAM-KR-03-0106234",\N,\N,\N,\N,"2022-07-13 16:02:55","21",\N,\N,"20","17","KBL","Karnataka Bank","info@kbl.com","1234567890","#13, Bangalore","{\
  ""nameSearchQueries"": [\
    {\
      ""queryDHI"": {\
        ""multi_match"": {\
          ""query"": ""SEARCH_NAME"",\
          ""fields"": [\
            ""name""\
          ],\
          ""type"": ""phrase"",\
          ""analyzer"": ""dhi_term_analyzer"",\
          ""boost"": 10\
        }\
      }\
    }\
  ],\
  ""addressSearchQueries"": [\
    {\
      ""queryDHI"": {\
        ""match"": {\
          ""address"": {\
            ""query"": ""SEARCH_ADDRESS"",\
            ""analyzer"": ""dhi_term_analyzer""\
          }\
        }\
      }\
    }\
  ],\
  ""nameAddressQueries"": [\
    {\
      ""queryDHI"": {\
        ""bool"": {\
          ""must"": [\
            {\
              ""multi_match"": {\
                ""query"": ""SEARCH_NAME"",\
                ""fields"": [\
                  ""name""\
                ],\
                ""type"": ""phrase"",\
                ""analyzer"": ""dhi_term_analyzer"",\
                ""boost"": 10\
              }\
            },\
            {\
              ""multi_match"": {\
                ""query"": ""SEARCH_ADDRESS"",\
                ""type"": ""most_fields"",\
                ""fields"": [\
                  ""address""\
                ],\
                ""analyzer"": ""dhi_term_analyzer"",\
                ""boost"": 2\
              }\
            }\
          ]\
        }\
      }\
    },\
    {\
      ""queryDHI"": {\
        ""bool"": {\
          ""must"": [\
            {\
              ""multi_match"": {\
                ""query"": ""SEARCH_NAME"",\
                ""fields"": [\
                  ""name""\
                ],\
                ""type"": ""phrase"",\
                ""analyzer"": ""dhi_term_analyzer"",\
                ""boost"": 2\
              }\
            },\
            {\
              ""multi_match"": {\
                ""query"": ""SEARCH_ADDRESS"",\
                ""type"": ""most_fields"",\
                ""fields"": [\
                  ""address""\
                ],\
                ""analyzer"": ""dhi_term_analyzer"",\
                ""boost"": 10\
              }\
            }\
          ]\
        }\
      }\
    }\
  ]\
}","2022-04-14 17:34:19","1","2022-06-23 15:23:13","1","18","2"
"238","HEROHL","17","Herohalli","blr.herohalli@ktkbank.com","9845501953","Herohalli","1558","17","101","","","29AABCT5589K1ZL","","AABCT5589K",\N,"UDYAM-KR-03-0106234",\N,\N,\N,\N,"2022-07-13 16:02:55","21",\N,\N,"20","17","KBL","Karnataka Bank","info@kbl.com","1234567890","#13, Bangalore","{\
  ""nameSearchQueries"": [\
    {\
      ""queryDHI"": {\
        ""multi_match"": {\
          ""query"": ""SEARCH_NAME"",\
          ""fields"": [\
            ""name""\
          ],\
          ""type"": ""phrase"",\
          ""analyzer"": ""dhi_term_analyzer"",\
          ""boost"": 10\
        }\
      }\
    }\
  ],\
  ""addressSearchQueries"": [\
    {\
      ""queryDHI"": {\
        ""match"": {\
          ""address"": {\
            ""query"": ""SEARCH_ADDRESS"",\
            ""analyzer"": ""dhi_term_analyzer""\
          }\
        }\
      }\
    }\
  ],\
  ""nameAddressQueries"": [\
    {\
      ""queryDHI"": {\
        ""bool"": {\
          ""must"": [\
            {\
              ""multi_match"": {\
                ""query"": ""SEARCH_NAME"",\
                ""fields"": [\
                  ""name""\
                ],\
                ""type"": ""phrase"",\
                ""analyzer"": ""dhi_term_analyzer"",\
                ""boost"": 10\
              }\
            },\
            {\
              ""multi_match"": {\
                ""query"": ""SEARCH_ADDRESS"",\
                ""type"": ""most_fields"",\
                ""fields"": [\
                  ""address""\
                ],\
                ""analyzer"": ""dhi_term_analyzer"",\
                ""boost"": 2\
              }\
            }\
          ]\
        }\
      }\
    },\
    {\
      ""queryDHI"": {\
        ""bool"": {\
          ""must"": [\
            {\
              ""multi_match"": {\
                ""query"": ""SEARCH_NAME"",\
                ""fields"": [\
                  ""name""\
                ],\
                ""type"": ""phrase"",\
                ""analyzer"": ""dhi_term_analyzer"",\
                ""boost"": 2\
              }\
            },\
            {\
              ""multi_match"": {\
                ""query"": ""SEARCH_ADDRESS"",\
                ""type"": ""most_fields"",\
                ""fields"": [\
                  ""address""\
                ],\
                ""analyzer"": ""dhi_term_analyzer"",\
                ""boost"": 10\
              }\
            }\
          ]\
        }\
      }\
    }\
  ]\
}","2022-04-14 17:34:19","1","2022-06-23 15:23:13","1","18","2"
"239","HSGMRD","17","Hesarghatta Main Road","blr.hesaraghatta@ktkbank.com","9449595657","Hesarghatta Main Road","1558","17","101","","","29AABCT5589K1ZL","","AABCT5589K",\N,"UDYAM-KR-03-0106234",\N,\N,\N,\N,"2022-07-13 16:02:55","21",\N,\N,"20","17","KBL","Karnataka Bank","info@kbl.com","1234567890","#13, Bangalore","{\
  ""nameSearchQueries"": [\
    {\
      ""queryDHI"": {\
        ""multi_match"": {\
          ""query"": ""SEARCH_NAME"",\
          ""fields"": [\
            ""name""\
          ],\
          ""type"": ""phrase"",\
          ""analyzer"": ""dhi_term_analyzer"",\
          ""boost"": 10\
        }\
      }\
    }\
  ],\
  ""addressSearchQueries"": [\
    {\
      ""queryDHI"": {\
        ""match"": {\
          ""address"": {\
            ""query"": ""SEARCH_ADDRESS"",\
            ""analyzer"": ""dhi_term_analyzer""\
          }\
        }\
      }\
    }\
  ],\
  ""nameAddressQueries"": [\
    {\
      ""queryDHI"": {\
        ""bool"": {\
          ""must"": [\
            {\
              ""multi_match"": {\
                ""query"": ""SEARCH_NAME"",\
                ""fields"": [\
                  ""name""\
                ],\
                ""type"": ""phrase"",\
                ""analyzer"": ""dhi_term_analyzer"",\
                ""boost"": 10\
              }\
            },\
            {\
              ""multi_match"": {\
                ""query"": ""SEARCH_ADDRESS"",\
                ""type"": ""most_fields"",\
                ""fields"": [\
                  ""address""\
                ],\
                ""analyzer"": ""dhi_term_analyzer"",\
                ""boost"": 2\
              }\
            }\
          ]\
        }\
      }\
    },\
    {\
      ""queryDHI"": {\
        ""bool"": {\
          ""must"": [\
            {\
              ""multi_match"": {\
                ""query"": ""SEARCH_NAME"",\
                ""fields"": [\
                  ""name""\
                ],\
                ""type"": ""phrase"",\
                ""analyzer"": ""dhi_term_analyzer"",\
                ""boost"": 2\
              }\
            },\
            {\
              ""multi_match"": {\
                ""query"": ""SEARCH_ADDRESS"",\
                ""type"": ""most_fields"",\
                ""fields"": [\
                  ""address""\
                ],\
                ""analyzer"": ""dhi_term_analyzer"",\
                ""boost"": 10\
              }\
            }\
          ]\
        }\
      }\
    }\
  ]\
}","2022-04-14 17:34:19","1","2022-06-23 15:23:13","1","18","2"
"240","HINDPR","17","Hindupur ","hindupur@ktkbank.com","9440683098","Hindupur ","1558","17","101","","","29AABCT5589K1ZL","","AABCT5589K",\N,"UDYAM-KR-03-0106234",\N,\N,\N,\N,"2022-07-13 16:02:55","21",\N,\N,"20","17","KBL","Karnataka Bank","info@kbl.com","1234567890","#13, Bangalore","{\
  ""nameSearchQueries"": [\
    {\
      ""queryDHI"": {\
        ""multi_match"": {\
          ""query"": ""SEARCH_NAME"",\
          ""fields"": [\
            ""name""\
          ],\
          ""type"": ""phrase"",\
          ""analyzer"": ""dhi_term_analyzer"",\
          ""boost"": 10\
        }\
      }\
    }\
  ],\
  ""addressSearchQueries"": [\
    {\
      ""queryDHI"": {\
        ""match"": {\
          ""address"": {\
            ""query"": ""SEARCH_ADDRESS"",\
            ""analyzer"": ""dhi_term_analyzer""\
          }\
        }\
      }\
    }\
  ],\
  ""nameAddressQueries"": [\
    {\
      ""queryDHI"": {\
        ""bool"": {\
          ""must"": [\
            {\
              ""multi_match"": {\
                ""query"": ""SEARCH_NAME"",\
                ""fields"": [\
                  ""name""\
                ],\
                ""type"": ""phrase"",\
                ""analyzer"": ""dhi_term_analyzer"",\
                ""boost"": 10\
              }\
            },\
            {\
              ""multi_match"": {\
                ""query"": ""SEARCH_ADDRESS"",\
                ""type"": ""most_fields"",\
                ""fields"": [\
                  ""address""\
                ],\
                ""analyzer"": ""dhi_term_analyzer"",\
                ""boost"": 2\
              }\
            }\
          ]\
        }\
      }\
    },\
    {\
      ""queryDHI"": {\
        ""bool"": {\
          ""must"": [\
            {\
              ""multi_match"": {\
                ""query"": ""SEARCH_NAME"",\
                ""fields"": [\
                  ""name""\
                ],\
                ""type"": ""phrase"",\
                ""analyzer"": ""dhi_term_analyzer"",\
                ""boost"": 2\
              }\
            },\
            {\
              ""multi_match"": {\
                ""query"": ""SEARCH_ADDRESS"",\
                ""type"": ""most_fields"",\
                ""fields"": [\
                  ""address""\
                ],\
                ""analyzer"": ""dhi_term_analyzer"",\
                ""boost"": 10\
              }\
            }\
          ]\
        }\
      }\
    }\
  ]\
}","2022-04-14 17:34:19","1","2022-06-23 15:23:13","1","18","2"
"241","HMTLYT","17","HMT Layout","blr.hmtlayout@ktkbank.com","9972867968","HMT Layout","1558","17","101","","","29AABCT5589K1ZL","","AABCT5589K",\N,"UDYAM-KR-03-0106234",\N,\N,\N,\N,"2022-07-13 16:02:55","21",\N,\N,"20","17","KBL","Karnataka Bank","info@kbl.com","1234567890","#13, Bangalore","{\
  ""nameSearchQueries"": [\
    {\
      ""queryDHI"": {\
        ""multi_match"": {\
          ""query"": ""SEARCH_NAME"",\
          ""fields"": [\
            ""name""\
          ],\
          ""type"": ""phrase"",\
          ""analyzer"": ""dhi_term_analyzer"",\
          ""boost"": 10\
        }\
      }\
    }\
  ],\
  ""addressSearchQueries"": [\
    {\
      ""queryDHI"": {\
        ""match"": {\
          ""address"": {\
            ""query"": ""SEARCH_ADDRESS"",\
            ""analyzer"": ""dhi_term_analyzer""\
          }\
        }\
      }\
    }\
  ],\
  ""nameAddressQueries"": [\
    {\
      ""queryDHI"": {\
        ""bool"": {\
          ""must"": [\
            {\
              ""multi_match"": {\
                ""query"": ""SEARCH_NAME"",\
                ""fields"": [\
                  ""name""\
                ],\
                ""type"": ""phrase"",\
                ""analyzer"": ""dhi_term_analyzer"",\
                ""boost"": 10\
              }\
            },\
            {\
              ""multi_match"": {\
                ""query"": ""SEARCH_ADDRESS"",\
                ""type"": ""most_fields"",\
                ""fields"": [\
                  ""address""\
                ],\
                ""analyzer"": ""dhi_term_analyzer"",\
                ""boost"": 2\
              }\
            }\
          ]\
        }\
      }\
    },\
    {\
      ""queryDHI"": {\
        ""bool"": {\
          ""must"": [\
            {\
              ""multi_match"": {\
                ""query"": ""SEARCH_NAME"",\
                ""fields"": [\
                  ""name""\
                ],\
                ""type"": ""phrase"",\
                ""analyzer"": ""dhi_term_analyzer"",\
                ""boost"": 2\
              }\
            },\
            {\
              ""multi_match"": {\
                ""query"": ""SEARCH_ADDRESS"",\
                ""type"": ""most_fields"",\
                ""fields"": [\
                  ""address""\
                ],\
                ""analyzer"": ""dhi_term_analyzer"",\
                ""boost"": 10\
              }\
            }\
          ]\
        }\
      }\
    }\
  ]\
}","2022-04-14 17:34:19","1","2022-06-23 15:23:13","1","18","2"
"242","HSRLYT","17","HSR Layout ","blr.hsrlayout@ktkbank.com","9449595570","HSR Layout ","1558","17","101","","","29AABCT5589K1ZL","","AABCT5589K",\N,"UDYAM-KR-03-0106234",\N,\N,\N,\N,"2022-07-13 16:02:55","21",\N,\N,"20","17","KBL","Karnataka Bank","info@kbl.com","1234567890","#13, Bangalore","{\
  ""nameSearchQueries"": [\
    {\
      ""queryDHI"": {\
        ""multi_match"": {\
          ""query"": ""SEARCH_NAME"",\
          ""fields"": [\
            ""name""\
          ],\
          ""type"": ""phrase"",\
          ""analyzer"": ""dhi_term_analyzer"",\
          ""boost"": 10\
        }\
      }\
    }\
  ],\
  ""addressSearchQueries"": [\
    {\
      ""queryDHI"": {\
        ""match"": {\
          ""address"": {\
            ""query"": ""SEARCH_ADDRESS"",\
            ""analyzer"": ""dhi_term_analyzer""\
          }\
        }\
      }\
    }\
  ],\
  ""nameAddressQueries"": [\
    {\
      ""queryDHI"": {\
        ""bool"": {\
          ""must"": [\
            {\
              ""multi_match"": {\
                ""query"": ""SEARCH_NAME"",\
                ""fields"": [\
                  ""name""\
                ],\
                ""type"": ""phrase"",\
                ""analyzer"": ""dhi_term_analyzer"",\
                ""boost"": 10\
              }\
            },\
            {\
              ""multi_match"": {\
                ""query"": ""SEARCH_ADDRESS"",\
                ""type"": ""most_fields"",\
                ""fields"": [\
                  ""address""\
                ],\
                ""analyzer"": ""dhi_term_analyzer"",\
                ""boost"": 2\
              }\
            }\
          ]\
        }\
      }\
    },\
    {\
      ""queryDHI"": {\
        ""bool"": {\
          ""must"": [\
            {\
              ""multi_match"": {\
                ""query"": ""SEARCH_NAME"",\
                ""fields"": [\
                  ""name""\
                ],\
                ""type"": ""phrase"",\
                ""analyzer"": ""dhi_term_analyzer"",\
                ""boost"": 2\
              }\
            },\
            {\
              ""multi_match"": {\
                ""query"": ""SEARCH_ADDRESS"",\
                ""type"": ""most_fields"",\
                ""fields"": [\
                  ""address""\
                ],\
                ""analyzer"": ""dhi_term_analyzer"",\
                ""boost"": 10\
              }\
            }\
          ]\
        }\
      }\
    }\
  ]\
}","2022-04-14 17:34:19","1","2022-06-23 15:23:13","1","18","2"
"243","HMHALI","17","Hunasamaranahalli ","blr.hmhalli@ktkbank.com","9449595685","Hunasamaranahalli ","1558","17","101","","","29AABCT5589K1ZL","","AABCT5589K",\N,"UDYAM-KR-03-0106234",\N,\N,\N,\N,"2022-07-13 16:02:55","21",\N,\N,"20","17","KBL","Karnataka Bank","info@kbl.com","1234567890","#13, Bangalore","{\
  ""nameSearchQueries"": [\
    {\
      ""queryDHI"": {\
        ""multi_match"": {\
          ""query"": ""SEARCH_NAME"",\
          ""fields"": [\
            ""name""\
          ],\
          ""type"": ""phrase"",\
          ""analyzer"": ""dhi_term_analyzer"",\
          ""boost"": 10\
        }\
      }\
    }\
  ],\
  ""addressSearchQueries"": [\
    {\
      ""queryDHI"": {\
        ""match"": {\
          ""address"": {\
            ""query"": ""SEARCH_ADDRESS"",\
            ""analyzer"": ""dhi_term_analyzer""\
          }\
        }\
      }\
    }\
  ],\
  ""nameAddressQueries"": [\
    {\
      ""queryDHI"": {\
        ""bool"": {\
          ""must"": [\
            {\
              ""multi_match"": {\
                ""query"": ""SEARCH_NAME"",\
                ""fields"": [\
                  ""name""\
                ],\
                ""type"": ""phrase"",\
                ""analyzer"": ""dhi_term_analyzer"",\
                ""boost"": 10\
              }\
            },\
            {\
              ""multi_match"": {\
                ""query"": ""SEARCH_ADDRESS"",\
                ""type"": ""most_fields"",\
                ""fields"": [\
                  ""address""\
                ],\
                ""analyzer"": ""dhi_term_analyzer"",\
                ""boost"": 2\
              }\
            }\
          ]\
        }\
      }\
    },\
    {\
      ""queryDHI"": {\
        ""bool"": {\
          ""must"": [\
            {\
              ""multi_match"": {\
                ""query"": ""SEARCH_NAME"",\
                ""fields"": [\
                  ""name""\
                ],\
                ""type"": ""phrase"",\
                ""analyzer"": ""dhi_term_analyzer"",\
                ""boost"": 2\
              }\
            },\
            {\
              ""multi_match"": {\
                ""query"": ""SEARCH_ADDRESS"",\
                ""type"": ""most_fields"",\
                ""fields"": [\
                  ""address""\
                ],\
                ""analyzer"": ""dhi_term_analyzer"",\
                ""boost"": 10\
              }\
            }\
          ]\
        }\
      }\
    }\
  ]\
}","2022-04-14 17:34:19","1","2022-06-23 15:23:13","1","18","2"
"244","INDRNR","17","Indiranagar","blr.indiranagar@ktkbank.com","9449595410","Indiranagar","1558","17","101","","","29AABCT5589K1ZL","","AABCT5589K",\N,"UDYAM-KR-03-0106234",\N,\N,\N,\N,"2022-07-13 16:02:55","21",\N,\N,"20","17","KBL","Karnataka Bank","info@kbl.com","1234567890","#13, Bangalore","{\
  ""nameSearchQueries"": [\
    {\
      ""queryDHI"": {\
        ""multi_match"": {\
          ""query"": ""SEARCH_NAME"",\
          ""fields"": [\
            ""name""\
          ],\
          ""type"": ""phrase"",\
          ""analyzer"": ""dhi_term_analyzer"",\
          ""boost"": 10\
        }\
      }\
    }\
  ],\
  ""addressSearchQueries"": [\
    {\
      ""queryDHI"": {\
        ""match"": {\
          ""address"": {\
            ""query"": ""SEARCH_ADDRESS"",\
            ""analyzer"": ""dhi_term_analyzer""\
          }\
        }\
      }\
    }\
  ],\
  ""nameAddressQueries"": [\
    {\
      ""queryDHI"": {\
        ""bool"": {\
          ""must"": [\
            {\
              ""multi_match"": {\
                ""query"": ""SEARCH_NAME"",\
                ""fields"": [\
                  ""name""\
                ],\
                ""type"": ""phrase"",\
                ""analyzer"": ""dhi_term_analyzer"",\
                ""boost"": 10\
              }\
            },\
            {\
              ""multi_match"": {\
                ""query"": ""SEARCH_ADDRESS"",\
                ""type"": ""most_fields"",\
                ""fields"": [\
                  ""address""\
                ],\
                ""analyzer"": ""dhi_term_analyzer"",\
                ""boost"": 2\
              }\
            }\
          ]\
        }\
      }\
    },\
    {\
      ""queryDHI"": {\
        ""bool"": {\
          ""must"": [\
            {\
              ""multi_match"": {\
                ""query"": ""SEARCH_NAME"",\
                ""fields"": [\
                  ""name""\
                ],\
                ""type"": ""phrase"",\
                ""analyzer"": ""dhi_term_analyzer"",\
                ""boost"": 2\
              }\
            },\
            {\
              ""multi_match"": {\
                ""query"": ""SEARCH_ADDRESS"",\
                ""type"": ""most_fields"",\
                ""fields"": [\
                  ""address""\
                ],\
                ""analyzer"": ""dhi_term_analyzer"",\
                ""boost"": 10\
              }\
            }\
          ]\
        }\
      }\
    }\
  ]\
}","2022-04-14 17:34:19","1","2022-06-23 15:23:13","1","18","2"
"245","INDFIN","17","Industrial finance","blr.ifb@ktkbank.com","9449595662","Industrial finance","1558","17","101","","","29AABCT5589K1ZL","","AABCT5589K",\N,"UDYAM-KR-03-0106234",\N,\N,\N,\N,"2022-07-13 16:02:55","21",\N,\N,"20","17","KBL","Karnataka Bank","info@kbl.com","1234567890","#13, Bangalore","{\
  ""nameSearchQueries"": [\
    {\
      ""queryDHI"": {\
        ""multi_match"": {\
          ""query"": ""SEARCH_NAME"",\
          ""fields"": [\
            ""name""\
          ],\
          ""type"": ""phrase"",\
          ""analyzer"": ""dhi_term_analyzer"",\
          ""boost"": 10\
        }\
      }\
    }\
  ],\
  ""addressSearchQueries"": [\
    {\
      ""queryDHI"": {\
        ""match"": {\
          ""address"": {\
            ""query"": ""SEARCH_ADDRESS"",\
            ""analyzer"": ""dhi_term_analyzer""\
          }\
        }\
      }\
    }\
  ],\
  ""nameAddressQueries"": [\
    {\
      ""queryDHI"": {\
        ""bool"": {\
          ""must"": [\
            {\
              ""multi_match"": {\
                ""query"": ""SEARCH_NAME"",\
                ""fields"": [\
                  ""name""\
                ],\
                ""type"": ""phrase"",\
                ""analyzer"": ""dhi_term_analyzer"",\
                ""boost"": 10\
              }\
            },\
            {\
              ""multi_match"": {\
                ""query"": ""SEARCH_ADDRESS"",\
                ""type"": ""most_fields"",\
                ""fields"": [\
                  ""address""\
                ],\
                ""analyzer"": ""dhi_term_analyzer"",\
                ""boost"": 2\
              }\
            }\
          ]\
        }\
      }\
    },\
    {\
      ""queryDHI"": {\
        ""bool"": {\
          ""must"": [\
            {\
              ""multi_match"": {\
                ""query"": ""SEARCH_NAME"",\
                ""fields"": [\
                  ""name""\
                ],\
                ""type"": ""phrase"",\
                ""analyzer"": ""dhi_term_analyzer"",\
                ""boost"": 2\
              }\
            },\
            {\
              ""multi_match"": {\
                ""query"": ""SEARCH_ADDRESS"",\
                ""type"": ""most_fields"",\
                ""fields"": [\
                  ""address""\
                ],\
                ""analyzer"": ""dhi_term_analyzer"",\
                ""boost"": 10\
              }\
            }\
          ]\
        }\
      }\
    }\
  ]\
}","2022-04-14 17:34:19","1","2022-06-23 15:23:13","1","18","2"
"246","HCHIHL","17","Huralichikkanahalli","hurali.chikkanahalli@ktkbank.com","9449536528","Huralichikkanahalli","1558","17","101","","","29AABCT5589K1ZL","","AABCT5589K",\N,"UDYAM-KR-03-0106234",\N,\N,\N,\N,"2022-07-13 16:02:55","21",\N,\N,"20","17","KBL","Karnataka Bank","info@kbl.com","1234567890","#13, Bangalore","{\
  ""nameSearchQueries"": [\
    {\
      ""queryDHI"": {\
        ""multi_match"": {\
          ""query"": ""SEARCH_NAME"",\
          ""fields"": [\
            ""name""\
          ],\
          ""type"": ""phrase"",\
          ""analyzer"": ""dhi_term_analyzer"",\
          ""boost"": 10\
        }\
      }\
    }\
  ],\
  ""addressSearchQueries"": [\
    {\
      ""queryDHI"": {\
        ""match"": {\
          ""address"": {\
            ""query"": ""SEARCH_ADDRESS"",\
            ""analyzer"": ""dhi_term_analyzer""\
          }\
        }\
      }\
    }\
  ],\
  ""nameAddressQueries"": [\
    {\
      ""queryDHI"": {\
        ""bool"": {\
          ""must"": [\
            {\
              ""multi_match"": {\
                ""query"": ""SEARCH_NAME"",\
                ""fields"": [\
                  ""name""\
                ],\
                ""type"": ""phrase"",\
                ""analyzer"": ""dhi_term_analyzer"",\
                ""boost"": 10\
              }\
            },\
            {\
              ""multi_match"": {\
                ""query"": ""SEARCH_ADDRESS"",\
                ""type"": ""most_fields"",\
                ""fields"": [\
                  ""address""\
                ],\
                ""analyzer"": ""dhi_term_analyzer"",\
                ""boost"": 2\
              }\
            }\
          ]\
        }\
      }\
    },\
    {\
      ""queryDHI"": {\
        ""bool"": {\
          ""must"": [\
            {\
              ""multi_match"": {\
                ""query"": ""SEARCH_NAME"",\
                ""fields"": [\
                  ""name""\
                ],\
                ""type"": ""phrase"",\
                ""analyzer"": ""dhi_term_analyzer"",\
                ""boost"": 2\
              }\
            },\
            {\
              ""multi_match"": {\
                ""query"": ""SEARCH_ADDRESS"",\
                ""type"": ""most_fields"",\
                ""fields"": [\
                  ""address""\
                ],\
                ""analyzer"": ""dhi_term_analyzer"",\
                ""boost"": 10\
              }\
            }\
          ]\
        }\
      }\
    }\
  ]\
}","2022-04-14 17:34:19","1","2022-06-23 15:23:13","1","18","2"
"247","JAY4BK","17","Jayanagar 4th Block ","blr.jnr4blk@ktkbank.com","9986989123","Jayanagar 4th Block ","1558","17","101","","","29AABCT5589K1ZL","","AABCT5589K",\N,"UDYAM-KR-03-0106234",\N,\N,\N,\N,"2022-07-13 16:02:55","21",\N,\N,"20","17","KBL","Karnataka Bank","info@kbl.com","1234567890","#13, Bangalore","{\
  ""nameSearchQueries"": [\
    {\
      ""queryDHI"": {\
        ""multi_match"": {\
          ""query"": ""SEARCH_NAME"",\
          ""fields"": [\
            ""name""\
          ],\
          ""type"": ""phrase"",\
          ""analyzer"": ""dhi_term_analyzer"",\
          ""boost"": 10\
        }\
      }\
    }\
  ],\
  ""addressSearchQueries"": [\
    {\
      ""queryDHI"": {\
        ""match"": {\
          ""address"": {\
            ""query"": ""SEARCH_ADDRESS"",\
            ""analyzer"": ""dhi_term_analyzer""\
          }\
        }\
      }\
    }\
  ],\
  ""nameAddressQueries"": [\
    {\
      ""queryDHI"": {\
        ""bool"": {\
          ""must"": [\
            {\
              ""multi_match"": {\
                ""query"": ""SEARCH_NAME"",\
                ""fields"": [\
                  ""name""\
                ],\
                ""type"": ""phrase"",\
                ""analyzer"": ""dhi_term_analyzer"",\
                ""boost"": 10\
              }\
            },\
            {\
              ""multi_match"": {\
                ""query"": ""SEARCH_ADDRESS"",\
                ""type"": ""most_fields"",\
                ""fields"": [\
                  ""address""\
                ],\
                ""analyzer"": ""dhi_term_analyzer"",\
                ""boost"": 2\
              }\
            }\
          ]\
        }\
      }\
    },\
    {\
      ""queryDHI"": {\
        ""bool"": {\
          ""must"": [\
            {\
              ""multi_match"": {\
                ""query"": ""SEARCH_NAME"",\
                ""fields"": [\
                  ""name""\
                ],\
                ""type"": ""phrase"",\
                ""analyzer"": ""dhi_term_analyzer"",\
                ""boost"": 2\
              }\
            },\
            {\
              ""multi_match"": {\
                ""query"": ""SEARCH_ADDRESS"",\
                ""type"": ""most_fields"",\
                ""fields"": [\
                  ""address""\
                ],\
                ""analyzer"": ""dhi_term_analyzer"",\
                ""boost"": 10\
              }\
            }\
          ]\
        }\
      }\
    }\
  ]\
}","2022-04-14 17:34:19","1","2022-06-23 15:23:13","1","18","2"
"248","JVBMNR","17","Jeevan Bheem Nagar","239@ktkbank.com","8951970696","Jeevan Bheem Nagar","1558","17","101","","","29AABCT5589K1ZL","","AABCT5589K",\N,"UDYAM-KR-03-0106234",\N,\N,\N,\N,"2022-07-13 16:02:55","21",\N,\N,"20","17","KBL","Karnataka Bank","info@kbl.com","1234567890","#13, Bangalore","{\
  ""nameSearchQueries"": [\
    {\
      ""queryDHI"": {\
        ""multi_match"": {\
          ""query"": ""SEARCH_NAME"",\
          ""fields"": [\
            ""name""\
          ],\
          ""type"": ""phrase"",\
          ""analyzer"": ""dhi_term_analyzer"",\
          ""boost"": 10\
        }\
      }\
    }\
  ],\
  ""addressSearchQueries"": [\
    {\
      ""queryDHI"": {\
        ""match"": {\
          ""address"": {\
            ""query"": ""SEARCH_ADDRESS"",\
            ""analyzer"": ""dhi_term_analyzer""\
          }\
        }\
      }\
    }\
  ],\
  ""nameAddressQueries"": [\
    {\
      ""queryDHI"": {\
        ""bool"": {\
          ""must"": [\
            {\
              ""multi_match"": {\
                ""query"": ""SEARCH_NAME"",\
                ""fields"": [\
                  ""name""\
                ],\
                ""type"": ""phrase"",\
                ""analyzer"": ""dhi_term_analyzer"",\
                ""boost"": 10\
              }\
            },\
            {\
              ""multi_match"": {\
                ""query"": ""SEARCH_ADDRESS"",\
                ""type"": ""most_fields"",\
                ""fields"": [\
                  ""address""\
                ],\
                ""analyzer"": ""dhi_term_analyzer"",\
                ""boost"": 2\
              }\
            }\
          ]\
        }\
      }\
    },\
    {\
      ""queryDHI"": {\
        ""bool"": {\
          ""must"": [\
            {\
              ""multi_match"": {\
                ""query"": ""SEARCH_NAME"",\
                ""fields"": [\
                  ""name""\
                ],\
                ""type"": ""phrase"",\
                ""analyzer"": ""dhi_term_analyzer"",\
                ""boost"": 2\
              }\
            },\
            {\
              ""multi_match"": {\
                ""query"": ""SEARCH_ADDRESS"",\
                ""type"": ""most_fields"",\
                ""fields"": [\
                  ""address""\
                ],\
                ""analyzer"": ""dhi_term_analyzer"",\
                ""boost"": 10\
              }\
            }\
          ]\
        }\
      }\
    }\
  ]\
}","2022-04-14 17:34:19","1","2022-06-23 15:23:13","1","18","2"
"249","JAY9BL","17","Jayanagar 9th Block ","blr.jnr9blk@ktkbank.com","9449605061","Jayanagar 9th Block ","1558","17","101","","","29AABCT5589K1ZL","","AABCT5589K",\N,"UDYAM-KR-03-0106234",\N,\N,\N,\N,"2022-07-13 16:02:55","21",\N,\N,"20","17","KBL","Karnataka Bank","info@kbl.com","1234567890","#13, Bangalore","{\
  ""nameSearchQueries"": [\
    {\
      ""queryDHI"": {\
        ""multi_match"": {\
          ""query"": ""SEARCH_NAME"",\
          ""fields"": [\
            ""name""\
          ],\
          ""type"": ""phrase"",\
          ""analyzer"": ""dhi_term_analyzer"",\
          ""boost"": 10\
        }\
      }\
    }\
  ],\
  ""addressSearchQueries"": [\
    {\
      ""queryDHI"": {\
        ""match"": {\
          ""address"": {\
            ""query"": ""SEARCH_ADDRESS"",\
            ""analyzer"": ""dhi_term_analyzer""\
          }\
        }\
      }\
    }\
  ],\
  ""nameAddressQueries"": [\
    {\
      ""queryDHI"": {\
        ""bool"": {\
          ""must"": [\
            {\
              ""multi_match"": {\
                ""query"": ""SEARCH_NAME"",\
                ""fields"": [\
                  ""name""\
                ],\
                ""type"": ""phrase"",\
                ""analyzer"": ""dhi_term_analyzer"",\
                ""boost"": 10\
              }\
            },\
            {\
              ""multi_match"": {\
                ""query"": ""SEARCH_ADDRESS"",\
                ""type"": ""most_fields"",\
                ""fields"": [\
                  ""address""\
                ],\
                ""analyzer"": ""dhi_term_analyzer"",\
                ""boost"": 2\
              }\
            }\
          ]\
        }\
      }\
    },\
    {\
      ""queryDHI"": {\
        ""bool"": {\
          ""must"": [\
            {\
              ""multi_match"": {\
                ""query"": ""SEARCH_NAME"",\
                ""fields"": [\
                  ""name""\
                ],\
                ""type"": ""phrase"",\
                ""analyzer"": ""dhi_term_analyzer"",\
                ""boost"": 2\
              }\
            },\
            {\
              ""multi_match"": {\
                ""query"": ""SEARCH_ADDRESS"",\
                ""type"": ""most_fields"",\
                ""fields"": [\
                  ""address""\
                ],\
                ""analyzer"": ""dhi_term_analyzer"",\
                ""boost"": 10\
              }\
            }\
          ]\
        }\
      }\
    }\
  ]\
}","2022-04-14 17:34:19","1","2022-06-23 15:23:13","1","18","2"
"250","JGGANI","17","Jigani","jigani@ktkbank.com","9880122334","Jigani","1558","17","101","","","29AABCT5589K1ZL","","AABCT5589K",\N,"UDYAM-KR-03-0106234",\N,\N,\N,\N,"2022-07-13 16:02:55","21",\N,\N,"20","17","KBL","Karnataka Bank","info@kbl.com","1234567890","#13, Bangalore","{\
  ""nameSearchQueries"": [\
    {\
      ""queryDHI"": {\
        ""multi_match"": {\
          ""query"": ""SEARCH_NAME"",\
          ""fields"": [\
            ""name""\
          ],\
          ""type"": ""phrase"",\
          ""analyzer"": ""dhi_term_analyzer"",\
          ""boost"": 10\
        }\
      }\
    }\
  ],\
  ""addressSearchQueries"": [\
    {\
      ""queryDHI"": {\
        ""match"": {\
          ""address"": {\
            ""query"": ""SEARCH_ADDRESS"",\
            ""analyzer"": ""dhi_term_analyzer""\
          }\
        }\
      }\
    }\
  ],\
  ""nameAddressQueries"": [\
    {\
      ""queryDHI"": {\
        ""bool"": {\
          ""must"": [\
            {\
              ""multi_match"": {\
                ""query"": ""SEARCH_NAME"",\
                ""fields"": [\
                  ""name""\
                ],\
                ""type"": ""phrase"",\
                ""analyzer"": ""dhi_term_analyzer"",\
                ""boost"": 10\
              }\
            },\
            {\
              ""multi_match"": {\
                ""query"": ""SEARCH_ADDRESS"",\
                ""type"": ""most_fields"",\
                ""fields"": [\
                  ""address""\
                ],\
                ""analyzer"": ""dhi_term_analyzer"",\
                ""boost"": 2\
              }\
            }\
          ]\
        }\
      }\
    },\
    {\
      ""queryDHI"": {\
        ""bool"": {\
          ""must"": [\
            {\
              ""multi_match"": {\
                ""query"": ""SEARCH_NAME"",\
                ""fields"": [\
                  ""name""\
                ],\
                ""type"": ""phrase"",\
                ""analyzer"": ""dhi_term_analyzer"",\
                ""boost"": 2\
              }\
            },\
            {\
              ""multi_match"": {\
                ""query"": ""SEARCH_ADDRESS"",\
                ""type"": ""most_fields"",\
                ""fields"": [\
                  ""address""\
                ],\
                ""analyzer"": ""dhi_term_analyzer"",\
                ""boost"": 10\
              }\
            }\
          ]\
        }\
      }\
    }\
  ]\
}","2022-04-14 17:34:19","1","2022-06-23 15:23:13","1","18","2"
"251","JPNR7P","17","JP Nagar 7th Phase","blr.jpnagar7phase@ktkbank.com","8197525455","JP Nagar 7th Phase","1558","17","101","","","29AABCT5589K1ZL","","AABCT5589K",\N,"UDYAM-KR-03-0106234",\N,\N,\N,\N,"2022-07-13 16:02:55","21",\N,\N,"20","17","KBL","Karnataka Bank","info@kbl.com","1234567890","#13, Bangalore","{\
  ""nameSearchQueries"": [\
    {\
      ""queryDHI"": {\
        ""multi_match"": {\
          ""query"": ""SEARCH_NAME"",\
          ""fields"": [\
            ""name""\
          ],\
          ""type"": ""phrase"",\
          ""analyzer"": ""dhi_term_analyzer"",\
          ""boost"": 10\
        }\
      }\
    }\
  ],\
  ""addressSearchQueries"": [\
    {\
      ""queryDHI"": {\
        ""match"": {\
          ""address"": {\
            ""query"": ""SEARCH_ADDRESS"",\
            ""analyzer"": ""dhi_term_analyzer""\
          }\
        }\
      }\
    }\
  ],\
  ""nameAddressQueries"": [\
    {\
      ""queryDHI"": {\
        ""bool"": {\
          ""must"": [\
            {\
              ""multi_match"": {\
                ""query"": ""SEARCH_NAME"",\
                ""fields"": [\
                  ""name""\
                ],\
                ""type"": ""phrase"",\
                ""analyzer"": ""dhi_term_analyzer"",\
                ""boost"": 10\
              }\
            },\
            {\
              ""multi_match"": {\
                ""query"": ""SEARCH_ADDRESS"",\
                ""type"": ""most_fields"",\
                ""fields"": [\
                  ""address""\
                ],\
                ""analyzer"": ""dhi_term_analyzer"",\
                ""boost"": 2\
              }\
            }\
          ]\
        }\
      }\
    },\
    {\
      ""queryDHI"": {\
        ""bool"": {\
          ""must"": [\
            {\
              ""multi_match"": {\
                ""query"": ""SEARCH_NAME"",\
                ""fields"": [\
                  ""name""\
                ],\
                ""type"": ""phrase"",\
                ""analyzer"": ""dhi_term_analyzer"",\
                ""boost"": 2\
              }\
            },\
            {\
              ""multi_match"": {\
                ""query"": ""SEARCH_ADDRESS"",\
                ""type"": ""most_fields"",\
                ""fields"": [\
                  ""address""\
                ],\
                ""analyzer"": ""dhi_term_analyzer"",\
                ""boost"": 10\
              }\
            }\
          ]\
        }\
      }\
    }\
  ]\
}","2022-04-14 17:34:19","1","2022-06-23 15:23:13","1","18","2"
"252","JUDILT","17","Judicial Layout","blr.judiciallayout@ktkbank.com","8951750791","Judicial Layout","1558","17","101","","","29AABCT5589K1ZL","","AABCT5589K",\N,"UDYAM-KR-03-0106234",\N,\N,\N,\N,"2022-07-13 16:02:55","21",\N,\N,"20","17","KBL","Karnataka Bank","info@kbl.com","1234567890","#13, Bangalore","{\
  ""nameSearchQueries"": [\
    {\
      ""queryDHI"": {\
        ""multi_match"": {\
          ""query"": ""SEARCH_NAME"",\
          ""fields"": [\
            ""name""\
          ],\
          ""type"": ""phrase"",\
          ""analyzer"": ""dhi_term_analyzer"",\
          ""boost"": 10\
        }\
      }\
    }\
  ],\
  ""addressSearchQueries"": [\
    {\
      ""queryDHI"": {\
        ""match"": {\
          ""address"": {\
            ""query"": ""SEARCH_ADDRESS"",\
            ""analyzer"": ""dhi_term_analyzer""\
          }\
        }\
      }\
    }\
  ],\
  ""nameAddressQueries"": [\
    {\
      ""queryDHI"": {\
        ""bool"": {\
          ""must"": [\
            {\
              ""multi_match"": {\
                ""query"": ""SEARCH_NAME"",\
                ""fields"": [\
                  ""name""\
                ],\
                ""type"": ""phrase"",\
                ""analyzer"": ""dhi_term_analyzer"",\
                ""boost"": 10\
              }\
            },\
            {\
              ""multi_match"": {\
                ""query"": ""SEARCH_ADDRESS"",\
                ""type"": ""most_fields"",\
                ""fields"": [\
                  ""address""\
                ],\
                ""analyzer"": ""dhi_term_analyzer"",\
                ""boost"": 2\
              }\
            }\
          ]\
        }\
      }\
    },\
    {\
      ""queryDHI"": {\
        ""bool"": {\
          ""must"": [\
            {\
              ""multi_match"": {\
                ""query"": ""SEARCH_NAME"",\
                ""fields"": [\
                  ""name""\
                ],\
                ""type"": ""phrase"",\
                ""analyzer"": ""dhi_term_analyzer"",\
                ""boost"": 2\
              }\
            },\
            {\
              ""multi_match"": {\
                ""query"": ""SEARCH_ADDRESS"",\
                ""type"": ""most_fields"",\
                ""fields"": [\
                  ""address""\
                ],\
                ""analyzer"": ""dhi_term_analyzer"",\
                ""boost"": 10\
              }\
            }\
          ]\
        }\
      }\
    }\
  ]\
}","2022-04-14 17:34:19","1","2022-06-23 15:23:13","1","18","2"
"253","KGROAD","17","K G Road ","blr.kg@ktkbank.com","9482673854","K G Road ","1558","17","101","","","29AABCT5589K1ZL","","AABCT5589K",\N,"UDYAM-KR-03-0106234",\N,\N,\N,\N,"2022-07-13 16:02:55","21",\N,\N,"20","17","KBL","Karnataka Bank","info@kbl.com","1234567890","#13, Bangalore","{\
  ""nameSearchQueries"": [\
    {\
      ""queryDHI"": {\
        ""multi_match"": {\
          ""query"": ""SEARCH_NAME"",\
          ""fields"": [\
            ""name""\
          ],\
          ""type"": ""phrase"",\
          ""analyzer"": ""dhi_term_analyzer"",\
          ""boost"": 10\
        }\
      }\
    }\
  ],\
  ""addressSearchQueries"": [\
    {\
      ""queryDHI"": {\
        ""match"": {\
          ""address"": {\
            ""query"": ""SEARCH_ADDRESS"",\
            ""analyzer"": ""dhi_term_analyzer""\
          }\
        }\
      }\
    }\
  ],\
  ""nameAddressQueries"": [\
    {\
      ""queryDHI"": {\
        ""bool"": {\
          ""must"": [\
            {\
              ""multi_match"": {\
                ""query"": ""SEARCH_NAME"",\
                ""fields"": [\
                  ""name""\
                ],\
                ""type"": ""phrase"",\
                ""analyzer"": ""dhi_term_analyzer"",\
                ""boost"": 10\
              }\
            },\
            {\
              ""multi_match"": {\
                ""query"": ""SEARCH_ADDRESS"",\
                ""type"": ""most_fields"",\
                ""fields"": [\
                  ""address""\
                ],\
                ""analyzer"": ""dhi_term_analyzer"",\
                ""boost"": 2\
              }\
            }\
          ]\
        }\
      }\
    },\
    {\
      ""queryDHI"": {\
        ""bool"": {\
          ""must"": [\
            {\
              ""multi_match"": {\
                ""query"": ""SEARCH_NAME"",\
                ""fields"": [\
                  ""name""\
                ],\
                ""type"": ""phrase"",\
                ""analyzer"": ""dhi_term_analyzer"",\
                ""boost"": 2\
              }\
            },\
            {\
              ""multi_match"": {\
                ""query"": ""SEARCH_ADDRESS"",\
                ""type"": ""most_fields"",\
                ""fields"": [\
                  ""address""\
                ],\
                ""analyzer"": ""dhi_term_analyzer"",\
                ""boost"": 10\
              }\
            }\
          ]\
        }\
      }\
    }\
  ]\
}","2022-04-14 17:34:19","1","2022-06-23 15:23:13","1","18","2"
"254","KRPURM","17","K R Puram","blr.krpuram@ktkbank.com","7411066701","K R Puram","1558","17","101","","","29AABCT5589K1ZL","","AABCT5589K",\N,"UDYAM-KR-03-0106234",\N,\N,\N,\N,"2022-07-13 16:02:55","21",\N,\N,"20","17","KBL","Karnataka Bank","info@kbl.com","1234567890","#13, Bangalore","{\
  ""nameSearchQueries"": [\
    {\
      ""queryDHI"": {\
        ""multi_match"": {\
          ""query"": ""SEARCH_NAME"",\
          ""fields"": [\
            ""name""\
          ],\
          ""type"": ""phrase"",\
          ""analyzer"": ""dhi_term_analyzer"",\
          ""boost"": 10\
        }\
      }\
    }\
  ],\
  ""addressSearchQueries"": [\
    {\
      ""queryDHI"": {\
        ""match"": {\
          ""address"": {\
            ""query"": ""SEARCH_ADDRESS"",\
            ""analyzer"": ""dhi_term_analyzer""\
          }\
        }\
      }\
    }\
  ],\
  ""nameAddressQueries"": [\
    {\
      ""queryDHI"": {\
        ""bool"": {\
          ""must"": [\
            {\
              ""multi_match"": {\
                ""query"": ""SEARCH_NAME"",\
                ""fields"": [\
                  ""name""\
                ],\
                ""type"": ""phrase"",\
                ""analyzer"": ""dhi_term_analyzer"",\
                ""boost"": 10\
              }\
            },\
            {\
              ""multi_match"": {\
                ""query"": ""SEARCH_ADDRESS"",\
                ""type"": ""most_fields"",\
                ""fields"": [\
                  ""address""\
                ],\
                ""analyzer"": ""dhi_term_analyzer"",\
                ""boost"": 2\
              }\
            }\
          ]\
        }\
      }\
    },\
    {\
      ""queryDHI"": {\
        ""bool"": {\
          ""must"": [\
            {\
              ""multi_match"": {\
                ""query"": ""SEARCH_NAME"",\
                ""fields"": [\
                  ""name""\
                ],\
                ""type"": ""phrase"",\
                ""analyzer"": ""dhi_term_analyzer"",\
                ""boost"": 2\
              }\
            },\
            {\
              ""multi_match"": {\
                ""query"": ""SEARCH_ADDRESS"",\
                ""type"": ""most_fields"",\
                ""fields"": [\
                  ""address""\
                ],\
                ""analyzer"": ""dhi_term_analyzer"",\
                ""boost"": 10\
              }\
            }\
          ]\
        }\
      }\
    }\
  ]\
}","2022-04-14 17:34:19","1","2022-06-23 15:23:13","1","18","2"
"255","KHROAD","17","K H Road ","blr.khroad@ktkbank.com","9449595413","K H Road ","1558","17","101","","","29AABCT5589K1ZL","","AABCT5589K",\N,"UDYAM-KR-03-0106234",\N,\N,\N,\N,"2022-07-13 16:02:55","21",\N,\N,"20","17","KBL","Karnataka Bank","info@kbl.com","1234567890","#13, Bangalore","{\
  ""nameSearchQueries"": [\
    {\
      ""queryDHI"": {\
        ""multi_match"": {\
          ""query"": ""SEARCH_NAME"",\
          ""fields"": [\
            ""name""\
          ],\
          ""type"": ""phrase"",\
          ""analyzer"": ""dhi_term_analyzer"",\
          ""boost"": 10\
        }\
      }\
    }\
  ],\
  ""addressSearchQueries"": [\
    {\
      ""queryDHI"": {\
        ""match"": {\
          ""address"": {\
            ""query"": ""SEARCH_ADDRESS"",\
            ""analyzer"": ""dhi_term_analyzer""\
          }\
        }\
      }\
    }\
  ],\
  ""nameAddressQueries"": [\
    {\
      ""queryDHI"": {\
        ""bool"": {\
          ""must"": [\
            {\
              ""multi_match"": {\
                ""query"": ""SEARCH_NAME"",\
                ""fields"": [\
                  ""name""\
                ],\
                ""type"": ""phrase"",\
                ""analyzer"": ""dhi_term_analyzer"",\
                ""boost"": 10\
              }\
            },\
            {\
              ""multi_match"": {\
                ""query"": ""SEARCH_ADDRESS"",\
                ""type"": ""most_fields"",\
                ""fields"": [\
                  ""address""\
                ],\
                ""analyzer"": ""dhi_term_analyzer"",\
                ""boost"": 2\
              }\
            }\
          ]\
        }\
      }\
    },\
    {\
      ""queryDHI"": {\
        ""bool"": {\
          ""must"": [\
            {\
              ""multi_match"": {\
                ""query"": ""SEARCH_NAME"",\
                ""fields"": [\
                  ""name""\
                ],\
                ""type"": ""phrase"",\
                ""analyzer"": ""dhi_term_analyzer"",\
                ""boost"": 2\
              }\
            },\
            {\
              ""multi_match"": {\
                ""query"": ""SEARCH_ADDRESS"",\
                ""type"": ""most_fields"",\
                ""fields"": [\
                  ""address""\
                ],\
                ""analyzer"": ""dhi_term_analyzer"",\
                ""boost"": 10\
              }\
            }\
          ]\
        }\
      }\
    }\
  ]\
}","2022-04-14 17:34:19","1","2022-06-23 15:23:13","1","18","2"
"256","KDBGER","17","Kadabagere","kadabagere@ktkbank.com","9480952593","Kadabagere","1558","17","101","","","29AABCT5589K1ZL","","AABCT5589K",\N,"UDYAM-KR-03-0106234",\N,\N,\N,\N,"2022-07-13 16:02:55","21",\N,\N,"20","17","KBL","Karnataka Bank","info@kbl.com","1234567890","#13, Bangalore","{\
  ""nameSearchQueries"": [\
    {\
      ""queryDHI"": {\
        ""multi_match"": {\
          ""query"": ""SEARCH_NAME"",\
          ""fields"": [\
            ""name""\
          ],\
          ""type"": ""phrase"",\
          ""analyzer"": ""dhi_term_analyzer"",\
          ""boost"": 10\
        }\
      }\
    }\
  ],\
  ""addressSearchQueries"": [\
    {\
      ""queryDHI"": {\
        ""match"": {\
          ""address"": {\
            ""query"": ""SEARCH_ADDRESS"",\
            ""analyzer"": ""dhi_term_analyzer""\
          }\
        }\
      }\
    }\
  ],\
  ""nameAddressQueries"": [\
    {\
      ""queryDHI"": {\
        ""bool"": {\
          ""must"": [\
            {\
              ""multi_match"": {\
                ""query"": ""SEARCH_NAME"",\
                ""fields"": [\
                  ""name""\
                ],\
                ""type"": ""phrase"",\
                ""analyzer"": ""dhi_term_analyzer"",\
                ""boost"": 10\
              }\
            },\
            {\
              ""multi_match"": {\
                ""query"": ""SEARCH_ADDRESS"",\
                ""type"": ""most_fields"",\
                ""fields"": [\
                  ""address""\
                ],\
                ""analyzer"": ""dhi_term_analyzer"",\
                ""boost"": 2\
              }\
            }\
          ]\
        }\
      }\
    },\
    {\
      ""queryDHI"": {\
        ""bool"": {\
          ""must"": [\
            {\
              ""multi_match"": {\
                ""query"": ""SEARCH_NAME"",\
                ""fields"": [\
                  ""name""\
                ],\
                ""type"": ""phrase"",\
                ""analyzer"": ""dhi_term_analyzer"",\
                ""boost"": 2\
              }\
            },\
            {\
              ""multi_match"": {\
                ""query"": ""SEARCH_ADDRESS"",\
                ""type"": ""most_fields"",\
                ""fields"": [\
                  ""address""\
                ],\
                ""analyzer"": ""dhi_term_analyzer"",\
                ""boost"": 10\
              }\
            }\
          ]\
        }\
      }\
    }\
  ]\
}","2022-04-14 17:34:19","1","2022-06-23 15:23:13","1","18","2"
"257","KAGGPR","17","Kaggadasapura","kaggadasapura@ktkbank.com","9945086809","Kaggadasapura","1558","17","101","","","29AABCT5589K1ZL","","AABCT5589K",\N,"UDYAM-KR-03-0106234",\N,\N,\N,\N,"2022-07-13 16:02:55","21",\N,\N,"20","17","KBL","Karnataka Bank","info@kbl.com","1234567890","#13, Bangalore","{\
  ""nameSearchQueries"": [\
    {\
      ""queryDHI"": {\
        ""multi_match"": {\
          ""query"": ""SEARCH_NAME"",\
          ""fields"": [\
            ""name""\
          ],\
          ""type"": ""phrase"",\
          ""analyzer"": ""dhi_term_analyzer"",\
          ""boost"": 10\
        }\
      }\
    }\
  ],\
  ""addressSearchQueries"": [\
    {\
      ""queryDHI"": {\
        ""match"": {\
          ""address"": {\
            ""query"": ""SEARCH_ADDRESS"",\
            ""analyzer"": ""dhi_term_analyzer""\
          }\
        }\
      }\
    }\
  ],\
  ""nameAddressQueries"": [\
    {\
      ""queryDHI"": {\
        ""bool"": {\
          ""must"": [\
            {\
              ""multi_match"": {\
                ""query"": ""SEARCH_NAME"",\
                ""fields"": [\
                  ""name""\
                ],\
                ""type"": ""phrase"",\
                ""analyzer"": ""dhi_term_analyzer"",\
                ""boost"": 10\
              }\
            },\
            {\
              ""multi_match"": {\
                ""query"": ""SEARCH_ADDRESS"",\
                ""type"": ""most_fields"",\
                ""fields"": [\
                  ""address""\
                ],\
                ""analyzer"": ""dhi_term_analyzer"",\
                ""boost"": 2\
              }\
            }\
          ]\
        }\
      }\
    },\
    {\
      ""queryDHI"": {\
        ""bool"": {\
          ""must"": [\
            {\
              ""multi_match"": {\
                ""query"": ""SEARCH_NAME"",\
                ""fields"": [\
                  ""name""\
                ],\
                ""type"": ""phrase"",\
                ""analyzer"": ""dhi_term_analyzer"",\
                ""boost"": 2\
              }\
            },\
            {\
              ""multi_match"": {\
                ""query"": ""SEARCH_ADDRESS"",\
                ""type"": ""most_fields"",\
                ""fields"": [\
                  ""address""\
                ],\
                ""analyzer"": ""dhi_term_analyzer"",\
                ""boost"": 10\
              }\
            }\
          ]\
        }\
      }\
    }\
  ]\
}","2022-04-14 17:34:19","1","2022-06-23 15:23:13","1","18","2"
"258","KSVNHL","17","Kasavanahalli","blr.kasavanahalli@ktkbank.com","9844094411","Kasavanahalli","1558","17","101","","","29AABCT5589K1ZL","","AABCT5589K",\N,"UDYAM-KR-03-0106234",\N,\N,\N,\N,"2022-07-13 16:02:55","21",\N,\N,"20","17","KBL","Karnataka Bank","info@kbl.com","1234567890","#13, Bangalore","{\
  ""nameSearchQueries"": [\
    {\
      ""queryDHI"": {\
        ""multi_match"": {\
          ""query"": ""SEARCH_NAME"",\
          ""fields"": [\
            ""name""\
          ],\
          ""type"": ""phrase"",\
          ""analyzer"": ""dhi_term_analyzer"",\
          ""boost"": 10\
        }\
      }\
    }\
  ],\
  ""addressSearchQueries"": [\
    {\
      ""queryDHI"": {\
        ""match"": {\
          ""address"": {\
            ""query"": ""SEARCH_ADDRESS"",\
            ""analyzer"": ""dhi_term_analyzer""\
          }\
        }\
      }\
    }\
  ],\
  ""nameAddressQueries"": [\
    {\
      ""queryDHI"": {\
        ""bool"": {\
          ""must"": [\
            {\
              ""multi_match"": {\
                ""query"": ""SEARCH_NAME"",\
                ""fields"": [\
                  ""name""\
                ],\
                ""type"": ""phrase"",\
                ""analyzer"": ""dhi_term_analyzer"",\
                ""boost"": 10\
              }\
            },\
            {\
              ""multi_match"": {\
                ""query"": ""SEARCH_ADDRESS"",\
                ""type"": ""most_fields"",\
                ""fields"": [\
                  ""address""\
                ],\
                ""analyzer"": ""dhi_term_analyzer"",\
                ""boost"": 2\
              }\
            }\
          ]\
        }\
      }\
    },\
    {\
      ""queryDHI"": {\
        ""bool"": {\
          ""must"": [\
            {\
              ""multi_match"": {\
                ""query"": ""SEARCH_NAME"",\
                ""fields"": [\
                  ""name""\
                ],\
                ""type"": ""phrase"",\
                ""analyzer"": ""dhi_term_analyzer"",\
                ""boost"": 2\
              }\
            },\
            {\
              ""multi_match"": {\
                ""query"": ""SEARCH_ADDRESS"",\
                ""type"": ""most_fields"",\
                ""fields"": [\
                  ""address""\
                ],\
                ""analyzer"": ""dhi_term_analyzer"",\
                ""boost"": 10\
              }\
            }\
          ]\
        }\
      }\
    }\
  ]\
}","2022-04-14 17:34:19","1","2022-06-23 15:23:13","1","18","2"
"259","KSRBRD","17","Kasturba Road","blr.kb@ktkbank.com","9886854668","Kasturba Road","1558","17","101","","","29AABCT5589K1ZL","","AABCT5589K",\N,"UDYAM-KR-03-0106234",\N,\N,\N,\N,"2022-07-13 16:02:55","21",\N,\N,"20","17","KBL","Karnataka Bank","info@kbl.com","1234567890","#13, Bangalore","{\
  ""nameSearchQueries"": [\
    {\
      ""queryDHI"": {\
        ""multi_match"": {\
          ""query"": ""SEARCH_NAME"",\
          ""fields"": [\
            ""name""\
          ],\
          ""type"": ""phrase"",\
          ""analyzer"": ""dhi_term_analyzer"",\
          ""boost"": 10\
        }\
      }\
    }\
  ],\
  ""addressSearchQueries"": [\
    {\
      ""queryDHI"": {\
        ""match"": {\
          ""address"": {\
            ""query"": ""SEARCH_ADDRESS"",\
            ""analyzer"": ""dhi_term_analyzer""\
          }\
        }\
      }\
    }\
  ],\
  ""nameAddressQueries"": [\
    {\
      ""queryDHI"": {\
        ""bool"": {\
          ""must"": [\
            {\
              ""multi_match"": {\
                ""query"": ""SEARCH_NAME"",\
                ""fields"": [\
                  ""name""\
                ],\
                ""type"": ""phrase"",\
                ""analyzer"": ""dhi_term_analyzer"",\
                ""boost"": 10\
              }\
            },\
            {\
              ""multi_match"": {\
                ""query"": ""SEARCH_ADDRESS"",\
                ""type"": ""most_fields"",\
                ""fields"": [\
                  ""address""\
                ],\
                ""analyzer"": ""dhi_term_analyzer"",\
                ""boost"": 2\
              }\
            }\
          ]\
        }\
      }\
    },\
    {\
      ""queryDHI"": {\
        ""bool"": {\
          ""must"": [\
            {\
              ""multi_match"": {\
                ""query"": ""SEARCH_NAME"",\
                ""fields"": [\
                  ""name""\
                ],\
                ""type"": ""phrase"",\
                ""analyzer"": ""dhi_term_analyzer"",\
                ""boost"": 2\
              }\
            },\
            {\
              ""multi_match"": {\
                ""query"": ""SEARCH_ADDRESS"",\
                ""type"": ""most_fields"",\
                ""fields"": [\
                  ""address""\
                ],\
                ""analyzer"": ""dhi_term_analyzer"",\
                ""boost"": 10\
              }\
            }\
          ]\
        }\
      }\
    }\
  ]\
}","2022-04-14 17:34:19","1","2022-06-23 15:23:13","1","18","2"
"260","KASTNR","17","Kasturinagar ","blr.kasturinagar@ktkbank.com","8861786825","Kasturinagar ","1558","17","101","","","29AABCT5589K1ZL","","AABCT5589K",\N,"UDYAM-KR-03-0106234",\N,\N,\N,\N,"2022-07-13 16:02:55","21",\N,\N,"20","17","KBL","Karnataka Bank","info@kbl.com","1234567890","#13, Bangalore","{\
  ""nameSearchQueries"": [\
    {\
      ""queryDHI"": {\
        ""multi_match"": {\
          ""query"": ""SEARCH_NAME"",\
          ""fields"": [\
            ""name""\
          ],\
          ""type"": ""phrase"",\
          ""analyzer"": ""dhi_term_analyzer"",\
          ""boost"": 10\
        }\
      }\
    }\
  ],\
  ""addressSearchQueries"": [\
    {\
      ""queryDHI"": {\
        ""match"": {\
          ""address"": {\
            ""query"": ""SEARCH_ADDRESS"",\
            ""analyzer"": ""dhi_term_analyzer""\
          }\
        }\
      }\
    }\
  ],\
  ""nameAddressQueries"": [\
    {\
      ""queryDHI"": {\
        ""bool"": {\
          ""must"": [\
            {\
              ""multi_match"": {\
                ""query"": ""SEARCH_NAME"",\
                ""fields"": [\
                  ""name""\
                ],\
                ""type"": ""phrase"",\
                ""analyzer"": ""dhi_term_analyzer"",\
                ""boost"": 10\
              }\
            },\
            {\
              ""multi_match"": {\
                ""query"": ""SEARCH_ADDRESS"",\
                ""type"": ""most_fields"",\
                ""fields"": [\
                  ""address""\
                ],\
                ""analyzer"": ""dhi_term_analyzer"",\
                ""boost"": 2\
              }\
            }\
          ]\
        }\
      }\
    },\
    {\
      ""queryDHI"": {\
        ""bool"": {\
          ""must"": [\
            {\
              ""multi_match"": {\
                ""query"": ""SEARCH_NAME"",\
                ""fields"": [\
                  ""name""\
                ],\
                ""type"": ""phrase"",\
                ""analyzer"": ""dhi_term_analyzer"",\
                ""boost"": 2\
              }\
            },\
            {\
              ""multi_match"": {\
                ""query"": ""SEARCH_ADDRESS"",\
                ""type"": ""most_fields"",\
                ""fields"": [\
                  ""address""\
                ],\
                ""analyzer"": ""dhi_term_analyzer"",\
                ""boost"": 10\
              }\
            }\
          ]\
        }\
      }\
    }\
  ]\
}","2022-04-14 17:34:19","1","2022-06-23 15:23:13","1","18","2"
"261","KSLTWN","17","Kengeri Satellite Town","blr.kengeri@ktkbank.com","9449595655","Kengeri Satellite Town","1558","17","101","","","29AABCT5589K1ZL","","AABCT5589K",\N,"UDYAM-KR-03-0106234",\N,\N,\N,\N,"2022-07-13 16:02:55","21",\N,\N,"20","17","KBL","Karnataka Bank","info@kbl.com","1234567890","#13, Bangalore","{\
  ""nameSearchQueries"": [\
    {\
      ""queryDHI"": {\
        ""multi_match"": {\
          ""query"": ""SEARCH_NAME"",\
          ""fields"": [\
            ""name""\
          ],\
          ""type"": ""phrase"",\
          ""analyzer"": ""dhi_term_analyzer"",\
          ""boost"": 10\
        }\
      }\
    }\
  ],\
  ""addressSearchQueries"": [\
    {\
      ""queryDHI"": {\
        ""match"": {\
          ""address"": {\
            ""query"": ""SEARCH_ADDRESS"",\
            ""analyzer"": ""dhi_term_analyzer""\
          }\
        }\
      }\
    }\
  ],\
  ""nameAddressQueries"": [\
    {\
      ""queryDHI"": {\
        ""bool"": {\
          ""must"": [\
            {\
              ""multi_match"": {\
                ""query"": ""SEARCH_NAME"",\
                ""fields"": [\
                  ""name""\
                ],\
                ""type"": ""phrase"",\
                ""analyzer"": ""dhi_term_analyzer"",\
                ""boost"": 10\
              }\
            },\
            {\
              ""multi_match"": {\
                ""query"": ""SEARCH_ADDRESS"",\
                ""type"": ""most_fields"",\
                ""fields"": [\
                  ""address""\
                ],\
                ""analyzer"": ""dhi_term_analyzer"",\
                ""boost"": 2\
              }\
            }\
          ]\
        }\
      }\
    },\
    {\
      ""queryDHI"": {\
        ""bool"": {\
          ""must"": [\
            {\
              ""multi_match"": {\
                ""query"": ""SEARCH_NAME"",\
                ""fields"": [\
                  ""name""\
                ],\
                ""type"": ""phrase"",\
                ""analyzer"": ""dhi_term_analyzer"",\
                ""boost"": 2\
              }\
            },\
            {\
              ""multi_match"": {\
                ""query"": ""SEARCH_ADDRESS"",\
                ""type"": ""most_fields"",\
                ""fields"": [\
                  ""address""\
                ],\
                ""analyzer"": ""dhi_term_analyzer"",\
                ""boost"": 10\
              }\
            }\
          ]\
        }\
      }\
    }\
  ]\
}","2022-04-14 17:34:19","1","2022-06-23 15:23:13","1","18","2"
"262","KORMGL","17","Koramangala","blr.koramangala@ktkbank.com","9449595757","Koramangala","1558","17","101","","","29AABCT5589K1ZL","","AABCT5589K",\N,"UDYAM-KR-03-0106234",\N,\N,\N,\N,"2022-07-13 16:02:55","21",\N,\N,"20","17","KBL","Karnataka Bank","info@kbl.com","1234567890","#13, Bangalore","{\
  ""nameSearchQueries"": [\
    {\
      ""queryDHI"": {\
        ""multi_match"": {\
          ""query"": ""SEARCH_NAME"",\
          ""fields"": [\
            ""name""\
          ],\
          ""type"": ""phrase"",\
          ""analyzer"": ""dhi_term_analyzer"",\
          ""boost"": 10\
        }\
      }\
    }\
  ],\
  ""addressSearchQueries"": [\
    {\
      ""queryDHI"": {\
        ""match"": {\
          ""address"": {\
            ""query"": ""SEARCH_ADDRESS"",\
            ""analyzer"": ""dhi_term_analyzer""\
          }\
        }\
      }\
    }\
  ],\
  ""nameAddressQueries"": [\
    {\
      ""queryDHI"": {\
        ""bool"": {\
          ""must"": [\
            {\
              ""multi_match"": {\
                ""query"": ""SEARCH_NAME"",\
                ""fields"": [\
                  ""name""\
                ],\
                ""type"": ""phrase"",\
                ""analyzer"": ""dhi_term_analyzer"",\
                ""boost"": 10\
              }\
            },\
            {\
              ""multi_match"": {\
                ""query"": ""SEARCH_ADDRESS"",\
                ""type"": ""most_fields"",\
                ""fields"": [\
                  ""address""\
                ],\
                ""analyzer"": ""dhi_term_analyzer"",\
                ""boost"": 2\
              }\
            }\
          ]\
        }\
      }\
    },\
    {\
      ""queryDHI"": {\
        ""bool"": {\
          ""must"": [\
            {\
              ""multi_match"": {\
                ""query"": ""SEARCH_NAME"",\
                ""fields"": [\
                  ""name""\
                ],\
                ""type"": ""phrase"",\
                ""analyzer"": ""dhi_term_analyzer"",\
                ""boost"": 2\
              }\
            },\
            {\
              ""multi_match"": {\
                ""query"": ""SEARCH_ADDRESS"",\
                ""type"": ""most_fields"",\
                ""fields"": [\
                  ""address""\
                ],\
                ""analyzer"": ""dhi_term_analyzer"",\
                ""boost"": 10\
              }\
            }\
          ]\
        }\
      }\
    }\
  ]\
}","2022-04-14 17:34:19","1","2022-06-23 15:23:13","1","18","2"
"263","KMSMLT","17","Kumarswamy Layout","blr.kumaraswamylayout@ktkbank.com","9108143645","Kumarswamy Layout","1558","17","101","","","29AABCT5589K1ZL","","AABCT5589K",\N,"UDYAM-KR-03-0106234",\N,\N,\N,\N,"2022-07-13 16:02:55","21",\N,\N,"20","17","KBL","Karnataka Bank","info@kbl.com","1234567890","#13, Bangalore","{\
  ""nameSearchQueries"": [\
    {\
      ""queryDHI"": {\
        ""multi_match"": {\
          ""query"": ""SEARCH_NAME"",\
          ""fields"": [\
            ""name""\
          ],\
          ""type"": ""phrase"",\
          ""analyzer"": ""dhi_term_analyzer"",\
          ""boost"": 10\
        }\
      }\
    }\
  ],\
  ""addressSearchQueries"": [\
    {\
      ""queryDHI"": {\
        ""match"": {\
          ""address"": {\
            ""query"": ""SEARCH_ADDRESS"",\
            ""analyzer"": ""dhi_term_analyzer""\
          }\
        }\
      }\
    }\
  ],\
  ""nameAddressQueries"": [\
    {\
      ""queryDHI"": {\
        ""bool"": {\
          ""must"": [\
            {\
              ""multi_match"": {\
                ""query"": ""SEARCH_NAME"",\
                ""fields"": [\
                  ""name""\
                ],\
                ""type"": ""phrase"",\
                ""analyzer"": ""dhi_term_analyzer"",\
                ""boost"": 10\
              }\
            },\
            {\
              ""multi_match"": {\
                ""query"": ""SEARCH_ADDRESS"",\
                ""type"": ""most_fields"",\
                ""fields"": [\
                  ""address""\
                ],\
                ""analyzer"": ""dhi_term_analyzer"",\
                ""boost"": 2\
              }\
            }\
          ]\
        }\
      }\
    },\
    {\
      ""queryDHI"": {\
        ""bool"": {\
          ""must"": [\
            {\
              ""multi_match"": {\
                ""query"": ""SEARCH_NAME"",\
                ""fields"": [\
                  ""name""\
                ],\
                ""type"": ""phrase"",\
                ""analyzer"": ""dhi_term_analyzer"",\
                ""boost"": 2\
              }\
            },\
            {\
              ""multi_match"": {\
                ""query"": ""SEARCH_ADDRESS"",\
                ""type"": ""most_fields"",\
                ""fields"": [\
                  ""address""\
                ],\
                ""analyzer"": ""dhi_term_analyzer"",\
                ""boost"": 10\
              }\
            }\
          ]\
        }\
      }\
    }\
  ]\
}","2022-04-14 17:34:19","1","2022-06-23 15:23:13","1","18","2"
"264","MMCURT","17","M M Court","blr.mmcextn@ktkbank.com","9449595579","M M Court","1558","17","101","","","29AABCT5589K1ZL","","AABCT5589K",\N,"UDYAM-KR-03-0106234",\N,\N,\N,\N,"2022-07-13 16:02:55","21",\N,\N,"20","17","KBL","Karnataka Bank","info@kbl.com","1234567890","#13, Bangalore","{\
  ""nameSearchQueries"": [\
    {\
      ""queryDHI"": {\
        ""multi_match"": {\
          ""query"": ""SEARCH_NAME"",\
          ""fields"": [\
            ""name""\
          ],\
          ""type"": ""phrase"",\
          ""analyzer"": ""dhi_term_analyzer"",\
          ""boost"": 10\
        }\
      }\
    }\
  ],\
  ""addressSearchQueries"": [\
    {\
      ""queryDHI"": {\
        ""match"": {\
          ""address"": {\
            ""query"": ""SEARCH_ADDRESS"",\
            ""analyzer"": ""dhi_term_analyzer""\
          }\
        }\
      }\
    }\
  ],\
  ""nameAddressQueries"": [\
    {\
      ""queryDHI"": {\
        ""bool"": {\
          ""must"": [\
            {\
              ""multi_match"": {\
                ""query"": ""SEARCH_NAME"",\
                ""fields"": [\
                  ""name""\
                ],\
                ""type"": ""phrase"",\
                ""analyzer"": ""dhi_term_analyzer"",\
                ""boost"": 10\
              }\
            },\
            {\
              ""multi_match"": {\
                ""query"": ""SEARCH_ADDRESS"",\
                ""type"": ""most_fields"",\
                ""fields"": [\
                  ""address""\
                ],\
                ""analyzer"": ""dhi_term_analyzer"",\
                ""boost"": 2\
              }\
            }\
          ]\
        }\
      }\
    },\
    {\
      ""queryDHI"": {\
        ""bool"": {\
          ""must"": [\
            {\
              ""multi_match"": {\
                ""query"": ""SEARCH_NAME"",\
                ""fields"": [\
                  ""name""\
                ],\
                ""type"": ""phrase"",\
                ""analyzer"": ""dhi_term_analyzer"",\
                ""boost"": 2\
              }\
            },\
            {\
              ""multi_match"": {\
                ""query"": ""SEARCH_ADDRESS"",\
                ""type"": ""most_fields"",\
                ""fields"": [\
                  ""address""\
                ],\
                ""analyzer"": ""dhi_term_analyzer"",\
                ""boost"": 10\
              }\
            }\
          ]\
        }\
      }\
    }\
  ]\
}","2022-04-14 17:34:19","1","2022-06-23 15:23:13","1","18","2"
"265","MLAXPM","17","Mahalaxmipuram","blr.mahalaxmipuram@ktkbank.com","9880481427","Mahalaxmipuram","1558","17","101","","","29AABCT5589K1ZL","","AABCT5589K",\N,"UDYAM-KR-03-0106234",\N,\N,\N,\N,"2022-07-13 16:02:55","21",\N,\N,"20","17","KBL","Karnataka Bank","info@kbl.com","1234567890","#13, Bangalore","{\
  ""nameSearchQueries"": [\
    {\
      ""queryDHI"": {\
        ""multi_match"": {\
          ""query"": ""SEARCH_NAME"",\
          ""fields"": [\
            ""name""\
          ],\
          ""type"": ""phrase"",\
          ""analyzer"": ""dhi_term_analyzer"",\
          ""boost"": 10\
        }\
      }\
    }\
  ],\
  ""addressSearchQueries"": [\
    {\
      ""queryDHI"": {\
        ""match"": {\
          ""address"": {\
            ""query"": ""SEARCH_ADDRESS"",\
            ""analyzer"": ""dhi_term_analyzer""\
          }\
        }\
      }\
    }\
  ],\
  ""nameAddressQueries"": [\
    {\
      ""queryDHI"": {\
        ""bool"": {\
          ""must"": [\
            {\
              ""multi_match"": {\
                ""query"": ""SEARCH_NAME"",\
                ""fields"": [\
                  ""name""\
                ],\
                ""type"": ""phrase"",\
                ""analyzer"": ""dhi_term_analyzer"",\
                ""boost"": 10\
              }\
            },\
            {\
              ""multi_match"": {\
                ""query"": ""SEARCH_ADDRESS"",\
                ""type"": ""most_fields"",\
                ""fields"": [\
                  ""address""\
                ],\
                ""analyzer"": ""dhi_term_analyzer"",\
                ""boost"": 2\
              }\
            }\
          ]\
        }\
      }\
    },\
    {\
      ""queryDHI"": {\
        ""bool"": {\
          ""must"": [\
            {\
              ""multi_match"": {\
                ""query"": ""SEARCH_NAME"",\
                ""fields"": [\
                  ""name""\
                ],\
                ""type"": ""phrase"",\
                ""analyzer"": ""dhi_term_analyzer"",\
                ""boost"": 2\
              }\
            },\
            {\
              ""multi_match"": {\
                ""query"": ""SEARCH_ADDRESS"",\
                ""type"": ""most_fields"",\
                ""fields"": [\
                  ""address""\
                ],\
                ""analyzer"": ""dhi_term_analyzer"",\
                ""boost"": 10\
              }\
            }\
          ]\
        }\
      }\
    }\
  ]\
}","2022-04-14 17:34:19","1","2022-06-23 15:23:13","1","18","2"
"266","MLLWRM","17","Malleshwaram","blr.malleshwaram@ktkbank.com","9845597199","Malleshwaram","1558","17","101","","","29AABCT5589K1ZL","","AABCT5589K",\N,"UDYAM-KR-03-0106234",\N,\N,\N,\N,"2022-07-13 16:02:55","21",\N,\N,"20","17","KBL","Karnataka Bank","info@kbl.com","1234567890","#13, Bangalore","{\
  ""nameSearchQueries"": [\
    {\
      ""queryDHI"": {\
        ""multi_match"": {\
          ""query"": ""SEARCH_NAME"",\
          ""fields"": [\
            ""name""\
          ],\
          ""type"": ""phrase"",\
          ""analyzer"": ""dhi_term_analyzer"",\
          ""boost"": 10\
        }\
      }\
    }\
  ],\
  ""addressSearchQueries"": [\
    {\
      ""queryDHI"": {\
        ""match"": {\
          ""address"": {\
            ""query"": ""SEARCH_ADDRESS"",\
            ""analyzer"": ""dhi_term_analyzer""\
          }\
        }\
      }\
    }\
  ],\
  ""nameAddressQueries"": [\
    {\
      ""queryDHI"": {\
        ""bool"": {\
          ""must"": [\
            {\
              ""multi_match"": {\
                ""query"": ""SEARCH_NAME"",\
                ""fields"": [\
                  ""name""\
                ],\
                ""type"": ""phrase"",\
                ""analyzer"": ""dhi_term_analyzer"",\
                ""boost"": 10\
              }\
            },\
            {\
              ""multi_match"": {\
                ""query"": ""SEARCH_ADDRESS"",\
                ""type"": ""most_fields"",\
                ""fields"": [\
                  ""address""\
                ],\
                ""analyzer"": ""dhi_term_analyzer"",\
                ""boost"": 2\
              }\
            }\
          ]\
        }\
      }\
    },\
    {\
      ""queryDHI"": {\
        ""bool"": {\
          ""must"": [\
            {\
              ""multi_match"": {\
                ""query"": ""SEARCH_NAME"",\
                ""fields"": [\
                  ""name""\
                ],\
                ""type"": ""phrase"",\
                ""analyzer"": ""dhi_term_analyzer"",\
                ""boost"": 2\
              }\
            },\
            {\
              ""multi_match"": {\
                ""query"": ""SEARCH_ADDRESS"",\
                ""type"": ""most_fields"",\
                ""fields"": [\
                  ""address""\
                ],\
                ""analyzer"": ""dhi_term_analyzer"",\
                ""boost"": 10\
              }\
            }\
          ]\
        }\
      }\
    }\
  ]\
}","2022-04-14 17:34:19","1","2022-06-23 15:23:13","1","18","2"
"267","MANGUD","17","Mannagudda mangaluru","mlr.mannagudda@ktkbank.com","9449595496","Mannagudda mangaluru","1558","17","101","","","29AABCT5589K1ZL","","AABCT5589K",\N,"UDYAM-KR-03-0106234",\N,\N,\N,\N,"2022-07-13 16:02:55","21",\N,\N,"20","17","KBL","Karnataka Bank","info@kbl.com","1234567890","#13, Bangalore","{\
  ""nameSearchQueries"": [\
    {\
      ""queryDHI"": {\
        ""multi_match"": {\
          ""query"": ""SEARCH_NAME"",\
          ""fields"": [\
            ""name""\
          ],\
          ""type"": ""phrase"",\
          ""analyzer"": ""dhi_term_analyzer"",\
          ""boost"": 10\
        }\
      }\
    }\
  ],\
  ""addressSearchQueries"": [\
    {\
      ""queryDHI"": {\
        ""match"": {\
          ""address"": {\
            ""query"": ""SEARCH_ADDRESS"",\
            ""analyzer"": ""dhi_term_analyzer""\
          }\
        }\
      }\
    }\
  ],\
  ""nameAddressQueries"": [\
    {\
      ""queryDHI"": {\
        ""bool"": {\
          ""must"": [\
            {\
              ""multi_match"": {\
                ""query"": ""SEARCH_NAME"",\
                ""fields"": [\
                  ""name""\
                ],\
                ""type"": ""phrase"",\
                ""analyzer"": ""dhi_term_analyzer"",\
                ""boost"": 10\
              }\
            },\
            {\
              ""multi_match"": {\
                ""query"": ""SEARCH_ADDRESS"",\
                ""type"": ""most_fields"",\
                ""fields"": [\
                  ""address""\
                ],\
                ""analyzer"": ""dhi_term_analyzer"",\
                ""boost"": 2\
              }\
            }\
          ]\
        }\
      }\
    },\
    {\
      ""queryDHI"": {\
        ""bool"": {\
          ""must"": [\
            {\
              ""multi_match"": {\
                ""query"": ""SEARCH_NAME"",\
                ""fields"": [\
                  ""name""\
                ],\
                ""type"": ""phrase"",\
                ""analyzer"": ""dhi_term_analyzer"",\
                ""boost"": 2\
              }\
            },\
            {\
              ""multi_match"": {\
                ""query"": ""SEARCH_ADDRESS"",\
                ""type"": ""most_fields"",\
                ""fields"": [\
                  ""address""\
                ],\
                ""analyzer"": ""dhi_term_analyzer"",\
                ""boost"": 10\
              }\
            }\
          ]\
        }\
      }\
    }\
  ]\
}","2022-04-14 17:34:19","1","2022-06-23 15:23:13","1","18","2"
"268","MNLORE","17","Mangalore","rlpc.mng@ktkbank.com","9448477112","Mangalore","1558","17","101","","","29AABCT5589K1ZL","","AABCT5589K",\N,"UDYAM-KR-03-0106234",\N,\N,\N,\N,"2022-07-13 16:02:55","21",\N,\N,"20","17","KBL","Karnataka Bank","info@kbl.com","1234567890","#13, Bangalore","{\
  ""nameSearchQueries"": [\
    {\
      ""queryDHI"": {\
        ""multi_match"": {\
          ""query"": ""SEARCH_NAME"",\
          ""fields"": [\
            ""name""\
          ],\
          ""type"": ""phrase"",\
          ""analyzer"": ""dhi_term_analyzer"",\
          ""boost"": 10\
        }\
      }\
    }\
  ],\
  ""addressSearchQueries"": [\
    {\
      ""queryDHI"": {\
        ""match"": {\
          ""address"": {\
            ""query"": ""SEARCH_ADDRESS"",\
            ""analyzer"": ""dhi_term_analyzer""\
          }\
        }\
      }\
    }\
  ],\
  ""nameAddressQueries"": [\
    {\
      ""queryDHI"": {\
        ""bool"": {\
          ""must"": [\
            {\
              ""multi_match"": {\
                ""query"": ""SEARCH_NAME"",\
                ""fields"": [\
                  ""name""\
                ],\
                ""type"": ""phrase"",\
                ""analyzer"": ""dhi_term_analyzer"",\
                ""boost"": 10\
              }\
            },\
            {\
              ""multi_match"": {\
                ""query"": ""SEARCH_ADDRESS"",\
                ""type"": ""most_fields"",\
                ""fields"": [\
                  ""address""\
                ],\
                ""analyzer"": ""dhi_term_analyzer"",\
                ""boost"": 2\
              }\
            }\
          ]\
        }\
      }\
    },\
    {\
      ""queryDHI"": {\
        ""bool"": {\
          ""must"": [\
            {\
              ""multi_match"": {\
                ""query"": ""SEARCH_NAME"",\
                ""fields"": [\
                  ""name""\
                ],\
                ""type"": ""phrase"",\
                ""analyzer"": ""dhi_term_analyzer"",\
                ""boost"": 2\
              }\
            },\
            {\
              ""multi_match"": {\
                ""query"": ""SEARCH_ADDRESS"",\
                ""type"": ""most_fields"",\
                ""fields"": [\
                  ""address""\
                ],\
                ""analyzer"": ""dhi_term_analyzer"",\
                ""boost"": 10\
              }\
            }\
          ]\
        }\
      }\
    }\
  ]\
}","2022-04-14 17:34:19","1","2022-06-23 15:23:13","1","18","2"
"269","MRTHHL","17","Marathahalli","blr.marathahalli@ktkbank.com","9741119111","Marathahalli","1558","17","101","","","29AABCT5589K1ZL","","AABCT5589K",\N,"UDYAM-KR-03-0106234",\N,\N,\N,\N,"2022-07-13 16:02:55","21",\N,\N,"20","17","KBL","Karnataka Bank","info@kbl.com","1234567890","#13, Bangalore","{\
  ""nameSearchQueries"": [\
    {\
      ""queryDHI"": {\
        ""multi_match"": {\
          ""query"": ""SEARCH_NAME"",\
          ""fields"": [\
            ""name""\
          ],\
          ""type"": ""phrase"",\
          ""analyzer"": ""dhi_term_analyzer"",\
          ""boost"": 10\
        }\
      }\
    }\
  ],\
  ""addressSearchQueries"": [\
    {\
      ""queryDHI"": {\
        ""match"": {\
          ""address"": {\
            ""query"": ""SEARCH_ADDRESS"",\
            ""analyzer"": ""dhi_term_analyzer""\
          }\
        }\
      }\
    }\
  ],\
  ""nameAddressQueries"": [\
    {\
      ""queryDHI"": {\
        ""bool"": {\
          ""must"": [\
            {\
              ""multi_match"": {\
                ""query"": ""SEARCH_NAME"",\
                ""fields"": [\
                  ""name""\
                ],\
                ""type"": ""phrase"",\
                ""analyzer"": ""dhi_term_analyzer"",\
                ""boost"": 10\
              }\
            },\
            {\
              ""multi_match"": {\
                ""query"": ""SEARCH_ADDRESS"",\
                ""type"": ""most_fields"",\
                ""fields"": [\
                  ""address""\
                ],\
                ""analyzer"": ""dhi_term_analyzer"",\
                ""boost"": 2\
              }\
            }\
          ]\
        }\
      }\
    },\
    {\
      ""queryDHI"": {\
        ""bool"": {\
          ""must"": [\
            {\
              ""multi_match"": {\
                ""query"": ""SEARCH_NAME"",\
                ""fields"": [\
                  ""name""\
                ],\
                ""type"": ""phrase"",\
                ""analyzer"": ""dhi_term_analyzer"",\
                ""boost"": 2\
              }\
            },\
            {\
              ""multi_match"": {\
                ""query"": ""SEARCH_ADDRESS"",\
                ""type"": ""most_fields"",\
                ""fields"": [\
                  ""address""\
                ],\
                ""analyzer"": ""dhi_term_analyzer"",\
                ""boost"": 10\
              }\
            }\
          ]\
        }\
      }\
    }\
  ]\
}","2022-04-14 17:34:19","1","2022-06-23 15:23:13","1","18","2"
"270","MINCIR","17","Minerva Circle","blr.minerva@ktkbank.com","9513941143","Minerva Circle","1558","17","101","","","29AABCT5589K1ZL","","AABCT5589K",\N,"UDYAM-KR-03-0106234",\N,\N,\N,\N,"2022-07-13 16:02:55","21",\N,\N,"20","17","KBL","Karnataka Bank","info@kbl.com","1234567890","#13, Bangalore","{\
  ""nameSearchQueries"": [\
    {\
      ""queryDHI"": {\
        ""multi_match"": {\
          ""query"": ""SEARCH_NAME"",\
          ""fields"": [\
            ""name""\
          ],\
          ""type"": ""phrase"",\
          ""analyzer"": ""dhi_term_analyzer"",\
          ""boost"": 10\
        }\
      }\
    }\
  ],\
  ""addressSearchQueries"": [\
    {\
      ""queryDHI"": {\
        ""match"": {\
          ""address"": {\
            ""query"": ""SEARCH_ADDRESS"",\
            ""analyzer"": ""dhi_term_analyzer""\
          }\
        }\
      }\
    }\
  ],\
  ""nameAddressQueries"": [\
    {\
      ""queryDHI"": {\
        ""bool"": {\
          ""must"": [\
            {\
              ""multi_match"": {\
                ""query"": ""SEARCH_NAME"",\
                ""fields"": [\
                  ""name""\
                ],\
                ""type"": ""phrase"",\
                ""analyzer"": ""dhi_term_analyzer"",\
                ""boost"": 10\
              }\
            },\
            {\
              ""multi_match"": {\
                ""query"": ""SEARCH_ADDRESS"",\
                ""type"": ""most_fields"",\
                ""fields"": [\
                  ""address""\
                ],\
                ""analyzer"": ""dhi_term_analyzer"",\
                ""boost"": 2\
              }\
            }\
          ]\
        }\
      }\
    },\
    {\
      ""queryDHI"": {\
        ""bool"": {\
          ""must"": [\
            {\
              ""multi_match"": {\
                ""query"": ""SEARCH_NAME"",\
                ""fields"": [\
                  ""name""\
                ],\
                ""type"": ""phrase"",\
                ""analyzer"": ""dhi_term_analyzer"",\
                ""boost"": 2\
              }\
            },\
            {\
              ""multi_match"": {\
                ""query"": ""SEARCH_ADDRESS"",\
                ""type"": ""most_fields"",\
                ""fields"": [\
                  ""address""\
                ],\
                ""analyzer"": ""dhi_term_analyzer"",\
                ""boost"": 10\
              }\
            }\
          ]\
        }\
      }\
    }\
  ]\
}","2022-04-14 17:34:19","1","2022-06-23 15:23:13","1","18","2"
"271","MURPTN","17","Murphy Town","blr.murphytown@ktkbank.com","9880312228","Murphy Town","1558","17","101","","","29AABCT5589K1ZL","","AABCT5589K",\N,"UDYAM-KR-03-0106234",\N,\N,\N,\N,"2022-07-13 16:02:55","21",\N,\N,"20","17","KBL","Karnataka Bank","info@kbl.com","1234567890","#13, Bangalore","{\
  ""nameSearchQueries"": [\
    {\
      ""queryDHI"": {\
        ""multi_match"": {\
          ""query"": ""SEARCH_NAME"",\
          ""fields"": [\
            ""name""\
          ],\
          ""type"": ""phrase"",\
          ""analyzer"": ""dhi_term_analyzer"",\
          ""boost"": 10\
        }\
      }\
    }\
  ],\
  ""addressSearchQueries"": [\
    {\
      ""queryDHI"": {\
        ""match"": {\
          ""address"": {\
            ""query"": ""SEARCH_ADDRESS"",\
            ""analyzer"": ""dhi_term_analyzer""\
          }\
        }\
      }\
    }\
  ],\
  ""nameAddressQueries"": [\
    {\
      ""queryDHI"": {\
        ""bool"": {\
          ""must"": [\
            {\
              ""multi_match"": {\
                ""query"": ""SEARCH_NAME"",\
                ""fields"": [\
                  ""name""\
                ],\
                ""type"": ""phrase"",\
                ""analyzer"": ""dhi_term_analyzer"",\
                ""boost"": 10\
              }\
            },\
            {\
              ""multi_match"": {\
                ""query"": ""SEARCH_ADDRESS"",\
                ""type"": ""most_fields"",\
                ""fields"": [\
                  ""address""\
                ],\
                ""analyzer"": ""dhi_term_analyzer"",\
                ""boost"": 2\
              }\
            }\
          ]\
        }\
      }\
    },\
    {\
      ""queryDHI"": {\
        ""bool"": {\
          ""must"": [\
            {\
              ""multi_match"": {\
                ""query"": ""SEARCH_NAME"",\
                ""fields"": [\
                  ""name""\
                ],\
                ""type"": ""phrase"",\
                ""analyzer"": ""dhi_term_analyzer"",\
                ""boost"": 2\
              }\
            },\
            {\
              ""multi_match"": {\
                ""query"": ""SEARCH_ADDRESS"",\
                ""type"": ""most_fields"",\
                ""fields"": [\
                  ""address""\
                ],\
                ""analyzer"": ""dhi_term_analyzer"",\
                ""boost"": 10\
              }\
            }\
          ]\
        }\
      }\
    }\
  ]\
}","2022-04-14 17:34:19","1","2022-06-23 15:23:13","1","18","2"
"272","NGDVHL","17","Nagadevanahalli","blr.nagadevanahalli@ktkbank.com","9845030364","Nagadevanahalli","1558","17","101","","","29AABCT5589K1ZL","","AABCT5589K",\N,"UDYAM-KR-03-0106234",\N,\N,\N,\N,"2022-07-13 16:02:55","21",\N,\N,"20","17","KBL","Karnataka Bank","info@kbl.com","1234567890","#13, Bangalore","{\
  ""nameSearchQueries"": [\
    {\
      ""queryDHI"": {\
        ""multi_match"": {\
          ""query"": ""SEARCH_NAME"",\
          ""fields"": [\
            ""name""\
          ],\
          ""type"": ""phrase"",\
          ""analyzer"": ""dhi_term_analyzer"",\
          ""boost"": 10\
        }\
      }\
    }\
  ],\
  ""addressSearchQueries"": [\
    {\
      ""queryDHI"": {\
        ""match"": {\
          ""address"": {\
            ""query"": ""SEARCH_ADDRESS"",\
            ""analyzer"": ""dhi_term_analyzer""\
          }\
        }\
      }\
    }\
  ],\
  ""nameAddressQueries"": [\
    {\
      ""queryDHI"": {\
        ""bool"": {\
          ""must"": [\
            {\
              ""multi_match"": {\
                ""query"": ""SEARCH_NAME"",\
                ""fields"": [\
                  ""name""\
                ],\
                ""type"": ""phrase"",\
                ""analyzer"": ""dhi_term_analyzer"",\
                ""boost"": 10\
              }\
            },\
            {\
              ""multi_match"": {\
                ""query"": ""SEARCH_ADDRESS"",\
                ""type"": ""most_fields"",\
                ""fields"": [\
                  ""address""\
                ],\
                ""analyzer"": ""dhi_term_analyzer"",\
                ""boost"": 2\
              }\
            }\
          ]\
        }\
      }\
    },\
    {\
      ""queryDHI"": {\
        ""bool"": {\
          ""must"": [\
            {\
              ""multi_match"": {\
                ""query"": ""SEARCH_NAME"",\
                ""fields"": [\
                  ""name""\
                ],\
                ""type"": ""phrase"",\
                ""analyzer"": ""dhi_term_analyzer"",\
                ""boost"": 2\
              }\
            },\
            {\
              ""multi_match"": {\
                ""query"": ""SEARCH_ADDRESS"",\
                ""type"": ""most_fields"",\
                ""fields"": [\
                  ""address""\
                ],\
                ""analyzer"": ""dhi_term_analyzer"",\
                ""boost"": 10\
              }\
            }\
          ]\
        }\
      }\
    }\
  ]\
}","2022-04-14 17:34:19","1","2022-06-23 15:23:13","1","18","2"
"273","NGNTPR","17","Naganathapura ","blr.naganathapura@ktkbank.com","9620215592","Naganathapura ","1558","17","101","","","29AABCT5589K1ZL","","AABCT5589K",\N,"UDYAM-KR-03-0106234",\N,\N,\N,\N,"2022-07-13 16:02:55","21",\N,\N,"20","17","KBL","Karnataka Bank","info@kbl.com","1234567890","#13, Bangalore","{\
  ""nameSearchQueries"": [\
    {\
      ""queryDHI"": {\
        ""multi_match"": {\
          ""query"": ""SEARCH_NAME"",\
          ""fields"": [\
            ""name""\
          ],\
          ""type"": ""phrase"",\
          ""analyzer"": ""dhi_term_analyzer"",\
          ""boost"": 10\
        }\
      }\
    }\
  ],\
  ""addressSearchQueries"": [\
    {\
      ""queryDHI"": {\
        ""match"": {\
          ""address"": {\
            ""query"": ""SEARCH_ADDRESS"",\
            ""analyzer"": ""dhi_term_analyzer""\
          }\
        }\
      }\
    }\
  ],\
  ""nameAddressQueries"": [\
    {\
      ""queryDHI"": {\
        ""bool"": {\
          ""must"": [\
            {\
              ""multi_match"": {\
                ""query"": ""SEARCH_NAME"",\
                ""fields"": [\
                  ""name""\
                ],\
                ""type"": ""phrase"",\
                ""analyzer"": ""dhi_term_analyzer"",\
                ""boost"": 10\
              }\
            },\
            {\
              ""multi_match"": {\
                ""query"": ""SEARCH_ADDRESS"",\
                ""type"": ""most_fields"",\
                ""fields"": [\
                  ""address""\
                ],\
                ""analyzer"": ""dhi_term_analyzer"",\
                ""boost"": 2\
              }\
            }\
          ]\
        }\
      }\
    },\
    {\
      ""queryDHI"": {\
        ""bool"": {\
          ""must"": [\
            {\
              ""multi_match"": {\
                ""query"": ""SEARCH_NAME"",\
                ""fields"": [\
                  ""name""\
                ],\
                ""type"": ""phrase"",\
                ""analyzer"": ""dhi_term_analyzer"",\
                ""boost"": 2\
              }\
            },\
            {\
              ""multi_match"": {\
                ""query"": ""SEARCH_ADDRESS"",\
                ""type"": ""most_fields"",\
                ""fields"": [\
                  ""address""\
                ],\
                ""analyzer"": ""dhi_term_analyzer"",\
                ""boost"": 10\
              }\
            }\
          ]\
        }\
      }\
    }\
  ]\
}","2022-04-14 17:34:19","1","2022-06-23 15:23:13","1","18","2"
"274","NGRBVI","17","Nagarabhavi","blr.nagarabhavi@ktkbank.com","9945166764","Nagarabhavi","1558","17","101","","","29AABCT5589K1ZL","","AABCT5589K",\N,"UDYAM-KR-03-0106234",\N,\N,\N,\N,"2022-07-13 16:02:55","21",\N,\N,"20","17","KBL","Karnataka Bank","info@kbl.com","1234567890","#13, Bangalore","{\
  ""nameSearchQueries"": [\
    {\
      ""queryDHI"": {\
        ""multi_match"": {\
          ""query"": ""SEARCH_NAME"",\
          ""fields"": [\
            ""name""\
          ],\
          ""type"": ""phrase"",\
          ""analyzer"": ""dhi_term_analyzer"",\
          ""boost"": 10\
        }\
      }\
    }\
  ],\
  ""addressSearchQueries"": [\
    {\
      ""queryDHI"": {\
        ""match"": {\
          ""address"": {\
            ""query"": ""SEARCH_ADDRESS"",\
            ""analyzer"": ""dhi_term_analyzer""\
          }\
        }\
      }\
    }\
  ],\
  ""nameAddressQueries"": [\
    {\
      ""queryDHI"": {\
        ""bool"": {\
          ""must"": [\
            {\
              ""multi_match"": {\
                ""query"": ""SEARCH_NAME"",\
                ""fields"": [\
                  ""name""\
                ],\
                ""type"": ""phrase"",\
                ""analyzer"": ""dhi_term_analyzer"",\
                ""boost"": 10\
              }\
            },\
            {\
              ""multi_match"": {\
                ""query"": ""SEARCH_ADDRESS"",\
                ""type"": ""most_fields"",\
                ""fields"": [\
                  ""address""\
                ],\
                ""analyzer"": ""dhi_term_analyzer"",\
                ""boost"": 2\
              }\
            }\
          ]\
        }\
      }\
    },\
    {\
      ""queryDHI"": {\
        ""bool"": {\
          ""must"": [\
            {\
              ""multi_match"": {\
                ""query"": ""SEARCH_NAME"",\
                ""fields"": [\
                  ""name""\
                ],\
                ""type"": ""phrase"",\
                ""analyzer"": ""dhi_term_analyzer"",\
                ""boost"": 2\
              }\
            },\
            {\
              ""multi_match"": {\
                ""query"": ""SEARCH_ADDRESS"",\
                ""type"": ""most_fields"",\
                ""fields"": [\
                  ""address""\
                ],\
                ""analyzer"": ""dhi_term_analyzer"",\
                ""boost"": 10\
              }\
            }\
          ]\
        }\
      }\
    }\
  ]\
}","2022-04-14 17:34:19","1","2022-06-23 15:23:13","1","18","2"
"275","NEHRNR","17","Nehrunagar","blr.nehrunagar@ktkbank.com","7337643222","Nehrunagar","1558","17","101","","","29AABCT5589K1ZL","","AABCT5589K",\N,"UDYAM-KR-03-0106234",\N,\N,\N,\N,"2022-07-13 16:02:55","21",\N,\N,"20","17","KBL","Karnataka Bank","info@kbl.com","1234567890","#13, Bangalore","{\
  ""nameSearchQueries"": [\
    {\
      ""queryDHI"": {\
        ""multi_match"": {\
          ""query"": ""SEARCH_NAME"",\
          ""fields"": [\
            ""name""\
          ],\
          ""type"": ""phrase"",\
          ""analyzer"": ""dhi_term_analyzer"",\
          ""boost"": 10\
        }\
      }\
    }\
  ],\
  ""addressSearchQueries"": [\
    {\
      ""queryDHI"": {\
        ""match"": {\
          ""address"": {\
            ""query"": ""SEARCH_ADDRESS"",\
            ""analyzer"": ""dhi_term_analyzer""\
          }\
        }\
      }\
    }\
  ],\
  ""nameAddressQueries"": [\
    {\
      ""queryDHI"": {\
        ""bool"": {\
          ""must"": [\
            {\
              ""multi_match"": {\
                ""query"": ""SEARCH_NAME"",\
                ""fields"": [\
                  ""name""\
                ],\
                ""type"": ""phrase"",\
                ""analyzer"": ""dhi_term_analyzer"",\
                ""boost"": 10\
              }\
            },\
            {\
              ""multi_match"": {\
                ""query"": ""SEARCH_ADDRESS"",\
                ""type"": ""most_fields"",\
                ""fields"": [\
                  ""address""\
                ],\
                ""analyzer"": ""dhi_term_analyzer"",\
                ""boost"": 2\
              }\
            }\
          ]\
        }\
      }\
    },\
    {\
      ""queryDHI"": {\
        ""bool"": {\
          ""must"": [\
            {\
              ""multi_match"": {\
                ""query"": ""SEARCH_NAME"",\
                ""fields"": [\
                  ""name""\
                ],\
                ""type"": ""phrase"",\
                ""analyzer"": ""dhi_term_analyzer"",\
                ""boost"": 2\
              }\
            },\
            {\
              ""multi_match"": {\
                ""query"": ""SEARCH_ADDRESS"",\
                ""type"": ""most_fields"",\
                ""fields"": [\
                  ""address""\
                ],\
                ""analyzer"": ""dhi_term_analyzer"",\
                ""boost"": 10\
              }\
            }\
          ]\
        }\
      }\
    }\
  ]\
}","2022-04-14 17:34:19","1","2022-06-23 15:23:13","1","18","2"
"276","NTILYT","17","NTI Layout ","blr.ntilayout@ktkbank.com","6364572228","NTI Layout ","1558","17","101","","","29AABCT5589K1ZL","","AABCT5589K",\N,"UDYAM-KR-03-0106234",\N,\N,\N,\N,"2022-07-13 16:02:55","21",\N,\N,"20","17","KBL","Karnataka Bank","info@kbl.com","1234567890","#13, Bangalore","{\
  ""nameSearchQueries"": [\
    {\
      ""queryDHI"": {\
        ""multi_match"": {\
          ""query"": ""SEARCH_NAME"",\
          ""fields"": [\
            ""name""\
          ],\
          ""type"": ""phrase"",\
          ""analyzer"": ""dhi_term_analyzer"",\
          ""boost"": 10\
        }\
      }\
    }\
  ],\
  ""addressSearchQueries"": [\
    {\
      ""queryDHI"": {\
        ""match"": {\
          ""address"": {\
            ""query"": ""SEARCH_ADDRESS"",\
            ""analyzer"": ""dhi_term_analyzer""\
          }\
        }\
      }\
    }\
  ],\
  ""nameAddressQueries"": [\
    {\
      ""queryDHI"": {\
        ""bool"": {\
          ""must"": [\
            {\
              ""multi_match"": {\
                ""query"": ""SEARCH_NAME"",\
                ""fields"": [\
                  ""name""\
                ],\
                ""type"": ""phrase"",\
                ""analyzer"": ""dhi_term_analyzer"",\
                ""boost"": 10\
              }\
            },\
            {\
              ""multi_match"": {\
                ""query"": ""SEARCH_ADDRESS"",\
                ""type"": ""most_fields"",\
                ""fields"": [\
                  ""address""\
                ],\
                ""analyzer"": ""dhi_term_analyzer"",\
                ""boost"": 2\
              }\
            }\
          ]\
        }\
      }\
    },\
    {\
      ""queryDHI"": {\
        ""bool"": {\
          ""must"": [\
            {\
              ""multi_match"": {\
                ""query"": ""SEARCH_NAME"",\
                ""fields"": [\
                  ""name""\
                ],\
                ""type"": ""phrase"",\
                ""analyzer"": ""dhi_term_analyzer"",\
                ""boost"": 2\
              }\
            },\
            {\
              ""multi_match"": {\
                ""query"": ""SEARCH_ADDRESS"",\
                ""type"": ""most_fields"",\
                ""fields"": [\
                  ""address""\
                ],\
                ""analyzer"": ""dhi_term_analyzer"",\
                ""boost"": 10\
              }\
            }\
          ]\
        }\
      }\
    }\
  ]\
}","2022-04-14 17:34:19","1","2022-06-23 15:23:13","1","18","2"
"277","PDMNNR","17","Padmanabhanagar","blr.padmanabhanagar@ktkbank.com","9611135419","Padmanabhanagar","1558","17","101","","","29AABCT5589K1ZL","","AABCT5589K",\N,"UDYAM-KR-03-0106234",\N,\N,\N,\N,"2022-07-13 16:02:55","21",\N,\N,"20","17","KBL","Karnataka Bank","info@kbl.com","1234567890","#13, Bangalore","{\
  ""nameSearchQueries"": [\
    {\
      ""queryDHI"": {\
        ""multi_match"": {\
          ""query"": ""SEARCH_NAME"",\
          ""fields"": [\
            ""name""\
          ],\
          ""type"": ""phrase"",\
          ""analyzer"": ""dhi_term_analyzer"",\
          ""boost"": 10\
        }\
      }\
    }\
  ],\
  ""addressSearchQueries"": [\
    {\
      ""queryDHI"": {\
        ""match"": {\
          ""address"": {\
            ""query"": ""SEARCH_ADDRESS"",\
            ""analyzer"": ""dhi_term_analyzer""\
          }\
        }\
      }\
    }\
  ],\
  ""nameAddressQueries"": [\
    {\
      ""queryDHI"": {\
        ""bool"": {\
          ""must"": [\
            {\
              ""multi_match"": {\
                ""query"": ""SEARCH_NAME"",\
                ""fields"": [\
                  ""name""\
                ],\
                ""type"": ""phrase"",\
                ""analyzer"": ""dhi_term_analyzer"",\
                ""boost"": 10\
              }\
            },\
            {\
              ""multi_match"": {\
                ""query"": ""SEARCH_ADDRESS"",\
                ""type"": ""most_fields"",\
                ""fields"": [\
                  ""address""\
                ],\
                ""analyzer"": ""dhi_term_analyzer"",\
                ""boost"": 2\
              }\
            }\
          ]\
        }\
      }\
    },\
    {\
      ""queryDHI"": {\
        ""bool"": {\
          ""must"": [\
            {\
              ""multi_match"": {\
                ""query"": ""SEARCH_NAME"",\
                ""fields"": [\
                  ""name""\
                ],\
                ""type"": ""phrase"",\
                ""analyzer"": ""dhi_term_analyzer"",\
                ""boost"": 2\
              }\
            },\
            {\
              ""multi_match"": {\
                ""query"": ""SEARCH_ADDRESS"",\
                ""type"": ""most_fields"",\
                ""fields"": [\
                  ""address""\
                ],\
                ""analyzer"": ""dhi_term_analyzer"",\
                ""boost"": 10\
              }\
            }\
          ]\
        }\
      }\
    }\
  ]\
}","2022-04-14 17:34:19","1","2022-06-23 15:23:13","1","18","2"
"278","PENNYA","17","Peenya","blr.peenya@ktkbank.com","9986988807","Peenya","1558","17","101","","","29AABCT5589K1ZL","","AABCT5589K",\N,"UDYAM-KR-03-0106234",\N,\N,\N,\N,"2022-07-13 16:02:55","21",\N,\N,"20","17","KBL","Karnataka Bank","info@kbl.com","1234567890","#13, Bangalore","{\
  ""nameSearchQueries"": [\
    {\
      ""queryDHI"": {\
        ""multi_match"": {\
          ""query"": ""SEARCH_NAME"",\
          ""fields"": [\
            ""name""\
          ],\
          ""type"": ""phrase"",\
          ""analyzer"": ""dhi_term_analyzer"",\
          ""boost"": 10\
        }\
      }\
    }\
  ],\
  ""addressSearchQueries"": [\
    {\
      ""queryDHI"": {\
        ""match"": {\
          ""address"": {\
            ""query"": ""SEARCH_ADDRESS"",\
            ""analyzer"": ""dhi_term_analyzer""\
          }\
        }\
      }\
    }\
  ],\
  ""nameAddressQueries"": [\
    {\
      ""queryDHI"": {\
        ""bool"": {\
          ""must"": [\
            {\
              ""multi_match"": {\
                ""query"": ""SEARCH_NAME"",\
                ""fields"": [\
                  ""name""\
                ],\
                ""type"": ""phrase"",\
                ""analyzer"": ""dhi_term_analyzer"",\
                ""boost"": 10\
              }\
            },\
            {\
              ""multi_match"": {\
                ""query"": ""SEARCH_ADDRESS"",\
                ""type"": ""most_fields"",\
                ""fields"": [\
                  ""address""\
                ],\
                ""analyzer"": ""dhi_term_analyzer"",\
                ""boost"": 2\
              }\
            }\
          ]\
        }\
      }\
    },\
    {\
      ""queryDHI"": {\
        ""bool"": {\
          ""must"": [\
            {\
              ""multi_match"": {\
                ""query"": ""SEARCH_NAME"",\
                ""fields"": [\
                  ""name""\
                ],\
                ""type"": ""phrase"",\
                ""analyzer"": ""dhi_term_analyzer"",\
                ""boost"": 2\
              }\
            },\
            {\
              ""multi_match"": {\
                ""query"": ""SEARCH_ADDRESS"",\
                ""type"": ""most_fields"",\
                ""fields"": [\
                  ""address""\
                ],\
                ""analyzer"": ""dhi_term_analyzer"",\
                ""boost"": 10\
              }\
            }\
          ]\
        }\
      }\
    }\
  ]\
}","2022-04-14 17:34:19","1","2022-06-23 15:23:13","1","18","2"
"279","RAGUHL","17","Raghuvanahalli","blr.raghuvanahalli@ktkbank.com","9986007105","Raghuvanahalli","1558","17","101","","","29AABCT5589K1ZL","","AABCT5589K",\N,"UDYAM-KR-03-0106234",\N,\N,\N,\N,"2022-07-13 16:02:55","21",\N,\N,"20","17","KBL","Karnataka Bank","info@kbl.com","1234567890","#13, Bangalore","{\
  ""nameSearchQueries"": [\
    {\
      ""queryDHI"": {\
        ""multi_match"": {\
          ""query"": ""SEARCH_NAME"",\
          ""fields"": [\
            ""name""\
          ],\
          ""type"": ""phrase"",\
          ""analyzer"": ""dhi_term_analyzer"",\
          ""boost"": 10\
        }\
      }\
    }\
  ],\
  ""addressSearchQueries"": [\
    {\
      ""queryDHI"": {\
        ""match"": {\
          ""address"": {\
            ""query"": ""SEARCH_ADDRESS"",\
            ""analyzer"": ""dhi_term_analyzer""\
          }\
        }\
      }\
    }\
  ],\
  ""nameAddressQueries"": [\
    {\
      ""queryDHI"": {\
        ""bool"": {\
          ""must"": [\
            {\
              ""multi_match"": {\
                ""query"": ""SEARCH_NAME"",\
                ""fields"": [\
                  ""name""\
                ],\
                ""type"": ""phrase"",\
                ""analyzer"": ""dhi_term_analyzer"",\
                ""boost"": 10\
              }\
            },\
            {\
              ""multi_match"": {\
                ""query"": ""SEARCH_ADDRESS"",\
                ""type"": ""most_fields"",\
                ""fields"": [\
                  ""address""\
                ],\
                ""analyzer"": ""dhi_term_analyzer"",\
                ""boost"": 2\
              }\
            }\
          ]\
        }\
      }\
    },\
    {\
      ""queryDHI"": {\
        ""bool"": {\
          ""must"": [\
            {\
              ""multi_match"": {\
                ""query"": ""SEARCH_NAME"",\
                ""fields"": [\
                  ""name""\
                ],\
                ""type"": ""phrase"",\
                ""analyzer"": ""dhi_term_analyzer"",\
                ""boost"": 2\
              }\
            },\
            {\
              ""multi_match"": {\
                ""query"": ""SEARCH_ADDRESS"",\
                ""type"": ""most_fields"",\
                ""fields"": [\
                  ""address""\
                ],\
                ""analyzer"": ""dhi_term_analyzer"",\
                ""boost"": 10\
              }\
            }\
          ]\
        }\
      }\
    }\
  ]\
}","2022-04-14 17:34:19","1","2022-06-23 15:23:13","1","18","2"
"280","RAJANR","17","Rajajinagar","blr.rajajinagar@ktkbank.com","9741920967","Rajajinagar","1558","17","101","","","29AABCT5589K1ZL","","AABCT5589K",\N,"UDYAM-KR-03-0106234",\N,\N,\N,\N,"2022-07-13 16:02:55","21",\N,\N,"20","17","KBL","Karnataka Bank","info@kbl.com","1234567890","#13, Bangalore","{\
  ""nameSearchQueries"": [\
    {\
      ""queryDHI"": {\
        ""multi_match"": {\
          ""query"": ""SEARCH_NAME"",\
          ""fields"": [\
            ""name""\
          ],\
          ""type"": ""phrase"",\
          ""analyzer"": ""dhi_term_analyzer"",\
          ""boost"": 10\
        }\
      }\
    }\
  ],\
  ""addressSearchQueries"": [\
    {\
      ""queryDHI"": {\
        ""match"": {\
          ""address"": {\
            ""query"": ""SEARCH_ADDRESS"",\
            ""analyzer"": ""dhi_term_analyzer""\
          }\
        }\
      }\
    }\
  ],\
  ""nameAddressQueries"": [\
    {\
      ""queryDHI"": {\
        ""bool"": {\
          ""must"": [\
            {\
              ""multi_match"": {\
                ""query"": ""SEARCH_NAME"",\
                ""fields"": [\
                  ""name""\
                ],\
                ""type"": ""phrase"",\
                ""analyzer"": ""dhi_term_analyzer"",\
                ""boost"": 10\
              }\
            },\
            {\
              ""multi_match"": {\
                ""query"": ""SEARCH_ADDRESS"",\
                ""type"": ""most_fields"",\
                ""fields"": [\
                  ""address""\
                ],\
                ""analyzer"": ""dhi_term_analyzer"",\
                ""boost"": 2\
              }\
            }\
          ]\
        }\
      }\
    },\
    {\
      ""queryDHI"": {\
        ""bool"": {\
          ""must"": [\
            {\
              ""multi_match"": {\
                ""query"": ""SEARCH_NAME"",\
                ""fields"": [\
                  ""name""\
                ],\
                ""type"": ""phrase"",\
                ""analyzer"": ""dhi_term_analyzer"",\
                ""boost"": 2\
              }\
            },\
            {\
              ""multi_match"": {\
                ""query"": ""SEARCH_ADDRESS"",\
                ""type"": ""most_fields"",\
                ""fields"": [\
                  ""address""\
                ],\
                ""analyzer"": ""dhi_term_analyzer"",\
                ""boost"": 10\
              }\
            }\
          ]\
        }\
      }\
    }\
  ]\
}","2022-04-14 17:34:19","1","2022-06-23 15:23:13","1","18","2"
"281","RJRJNR","17","Rajarajeshwarinagar","blr.rrnagar@ktkbank.com","8951914437","Rajarajeshwarinagar","1558","17","101","","","29AABCT5589K1ZL","","AABCT5589K",\N,"UDYAM-KR-03-0106234",\N,\N,\N,\N,"2022-07-13 16:02:55","21",\N,\N,"20","17","KBL","Karnataka Bank","info@kbl.com","1234567890","#13, Bangalore","{\
  ""nameSearchQueries"": [\
    {\
      ""queryDHI"": {\
        ""multi_match"": {\
          ""query"": ""SEARCH_NAME"",\
          ""fields"": [\
            ""name""\
          ],\
          ""type"": ""phrase"",\
          ""analyzer"": ""dhi_term_analyzer"",\
          ""boost"": 10\
        }\
      }\
    }\
  ],\
  ""addressSearchQueries"": [\
    {\
      ""queryDHI"": {\
        ""match"": {\
          ""address"": {\
            ""query"": ""SEARCH_ADDRESS"",\
            ""analyzer"": ""dhi_term_analyzer""\
          }\
        }\
      }\
    }\
  ],\
  ""nameAddressQueries"": [\
    {\
      ""queryDHI"": {\
        ""bool"": {\
          ""must"": [\
            {\
              ""multi_match"": {\
                ""query"": ""SEARCH_NAME"",\
                ""fields"": [\
                  ""name""\
                ],\
                ""type"": ""phrase"",\
                ""analyzer"": ""dhi_term_analyzer"",\
                ""boost"": 10\
              }\
            },\
            {\
              ""multi_match"": {\
                ""query"": ""SEARCH_ADDRESS"",\
                ""type"": ""most_fields"",\
                ""fields"": [\
                  ""address""\
                ],\
                ""analyzer"": ""dhi_term_analyzer"",\
                ""boost"": 2\
              }\
            }\
          ]\
        }\
      }\
    },\
    {\
      ""queryDHI"": {\
        ""bool"": {\
          ""must"": [\
            {\
              ""multi_match"": {\
                ""query"": ""SEARCH_NAME"",\
                ""fields"": [\
                  ""name""\
                ],\
                ""type"": ""phrase"",\
                ""analyzer"": ""dhi_term_analyzer"",\
                ""boost"": 2\
              }\
            },\
            {\
              ""multi_match"": {\
                ""query"": ""SEARCH_ADDRESS"",\
                ""type"": ""most_fields"",\
                ""fields"": [\
                  ""address""\
                ],\
                ""analyzer"": ""dhi_term_analyzer"",\
                ""boost"": 10\
              }\
            }\
          ]\
        }\
      }\
    }\
  ]\
}","2022-04-14 17:34:19","1","2022-06-23 15:23:13","1","18","2"
"282","RMSDRA","17","Ramasandra","ramasandra@ktkbank.com","9606999682","Ramasandra","1558","17","101","","","29AABCT5589K1ZL","","AABCT5589K",\N,"UDYAM-KR-03-0106234",\N,\N,\N,\N,"2022-07-13 16:02:55","21",\N,\N,"20","17","KBL","Karnataka Bank","info@kbl.com","1234567890","#13, Bangalore","{\
  ""nameSearchQueries"": [\
    {\
      ""queryDHI"": {\
        ""multi_match"": {\
          ""query"": ""SEARCH_NAME"",\
          ""fields"": [\
            ""name""\
          ],\
          ""type"": ""phrase"",\
          ""analyzer"": ""dhi_term_analyzer"",\
          ""boost"": 10\
        }\
      }\
    }\
  ],\
  ""addressSearchQueries"": [\
    {\
      ""queryDHI"": {\
        ""match"": {\
          ""address"": {\
            ""query"": ""SEARCH_ADDRESS"",\
            ""analyzer"": ""dhi_term_analyzer""\
          }\
        }\
      }\
    }\
  ],\
  ""nameAddressQueries"": [\
    {\
      ""queryDHI"": {\
        ""bool"": {\
          ""must"": [\
            {\
              ""multi_match"": {\
                ""query"": ""SEARCH_NAME"",\
                ""fields"": [\
                  ""name""\
                ],\
                ""type"": ""phrase"",\
                ""analyzer"": ""dhi_term_analyzer"",\
                ""boost"": 10\
              }\
            },\
            {\
              ""multi_match"": {\
                ""query"": ""SEARCH_ADDRESS"",\
                ""type"": ""most_fields"",\
                ""fields"": [\
                  ""address""\
                ],\
                ""analyzer"": ""dhi_term_analyzer"",\
                ""boost"": 2\
              }\
            }\
          ]\
        }\
      }\
    },\
    {\
      ""queryDHI"": {\
        ""bool"": {\
          ""must"": [\
            {\
              ""multi_match"": {\
                ""query"": ""SEARCH_NAME"",\
                ""fields"": [\
                  ""name""\
                ],\
                ""type"": ""phrase"",\
                ""analyzer"": ""dhi_term_analyzer"",\
                ""boost"": 2\
              }\
            },\
            {\
              ""multi_match"": {\
                ""query"": ""SEARCH_ADDRESS"",\
                ""type"": ""most_fields"",\
                ""fields"": [\
                  ""address""\
                ],\
                ""analyzer"": ""dhi_term_analyzer"",\
                ""boost"": 10\
              }\
            }\
          ]\
        }\
      }\
    }\
  ]\
}","2022-04-14 17:34:19","1","2022-06-23 15:23:13","1","18","2"
"283","RMMRNR","17","Rammurthynagar ","blr.ramamurthynagar@ktkbank.com","9886558887","Rammurthynagar ","1558","17","101","","","29AABCT5589K1ZL","","AABCT5589K",\N,"UDYAM-KR-03-0106234",\N,\N,\N,\N,"2022-07-13 16:02:56","21",\N,\N,"20","17","KBL","Karnataka Bank","info@kbl.com","1234567890","#13, Bangalore","{\
  ""nameSearchQueries"": [\
    {\
      ""queryDHI"": {\
        ""multi_match"": {\
          ""query"": ""SEARCH_NAME"",\
          ""fields"": [\
            ""name""\
          ],\
          ""type"": ""phrase"",\
          ""analyzer"": ""dhi_term_analyzer"",\
          ""boost"": 10\
        }\
      }\
    }\
  ],\
  ""addressSearchQueries"": [\
    {\
      ""queryDHI"": {\
        ""match"": {\
          ""address"": {\
            ""query"": ""SEARCH_ADDRESS"",\
            ""analyzer"": ""dhi_term_analyzer""\
          }\
        }\
      }\
    }\
  ],\
  ""nameAddressQueries"": [\
    {\
      ""queryDHI"": {\
        ""bool"": {\
          ""must"": [\
            {\
              ""multi_match"": {\
                ""query"": ""SEARCH_NAME"",\
                ""fields"": [\
                  ""name""\
                ],\
                ""type"": ""phrase"",\
                ""analyzer"": ""dhi_term_analyzer"",\
                ""boost"": 10\
              }\
            },\
            {\
              ""multi_match"": {\
                ""query"": ""SEARCH_ADDRESS"",\
                ""type"": ""most_fields"",\
                ""fields"": [\
                  ""address""\
                ],\
                ""analyzer"": ""dhi_term_analyzer"",\
                ""boost"": 2\
              }\
            }\
          ]\
        }\
      }\
    },\
    {\
      ""queryDHI"": {\
        ""bool"": {\
          ""must"": [\
            {\
              ""multi_match"": {\
                ""query"": ""SEARCH_NAME"",\
                ""fields"": [\
                  ""name""\
                ],\
                ""type"": ""phrase"",\
                ""analyzer"": ""dhi_term_analyzer"",\
                ""boost"": 2\
              }\
            },\
            {\
              ""multi_match"": {\
                ""query"": ""SEARCH_ADDRESS"",\
                ""type"": ""most_fields"",\
                ""fields"": [\
                  ""address""\
                ],\
                ""analyzer"": ""dhi_term_analyzer"",\
                ""boost"": 10\
              }\
            }\
          ]\
        }\
      }\
    }\
  ]\
}","2022-04-14 17:34:19","1","2022-06-23 15:23:13","1","18","2"
"284","REVUNI","17","Reva University","blr.reva@ktkbank.com","9482286911","Reva University","1558","17","101","","","29AABCT5589K1ZL","","AABCT5589K",\N,"UDYAM-KR-03-0106234",\N,\N,\N,\N,"2022-07-13 16:02:56","21",\N,\N,"20","17","KBL","Karnataka Bank","info@kbl.com","1234567890","#13, Bangalore","{\
  ""nameSearchQueries"": [\
    {\
      ""queryDHI"": {\
        ""multi_match"": {\
          ""query"": ""SEARCH_NAME"",\
          ""fields"": [\
            ""name""\
          ],\
          ""type"": ""phrase"",\
          ""analyzer"": ""dhi_term_analyzer"",\
          ""boost"": 10\
        }\
      }\
    }\
  ],\
  ""addressSearchQueries"": [\
    {\
      ""queryDHI"": {\
        ""match"": {\
          ""address"": {\
            ""query"": ""SEARCH_ADDRESS"",\
            ""analyzer"": ""dhi_term_analyzer""\
          }\
        }\
      }\
    }\
  ],\
  ""nameAddressQueries"": [\
    {\
      ""queryDHI"": {\
        ""bool"": {\
          ""must"": [\
            {\
              ""multi_match"": {\
                ""query"": ""SEARCH_NAME"",\
                ""fields"": [\
                  ""name""\
                ],\
                ""type"": ""phrase"",\
                ""analyzer"": ""dhi_term_analyzer"",\
                ""boost"": 10\
              }\
            },\
            {\
              ""multi_match"": {\
                ""query"": ""SEARCH_ADDRESS"",\
                ""type"": ""most_fields"",\
                ""fields"": [\
                  ""address""\
                ],\
                ""analyzer"": ""dhi_term_analyzer"",\
                ""boost"": 2\
              }\
            }\
          ]\
        }\
      }\
    },\
    {\
      ""queryDHI"": {\
        ""bool"": {\
          ""must"": [\
            {\
              ""multi_match"": {\
                ""query"": ""SEARCH_NAME"",\
                ""fields"": [\
                  ""name""\
                ],\
                ""type"": ""phrase"",\
                ""analyzer"": ""dhi_term_analyzer"",\
                ""boost"": 2\
              }\
            },\
            {\
              ""multi_match"": {\
                ""query"": ""SEARCH_ADDRESS"",\
                ""type"": ""most_fields"",\
                ""fields"": [\
                  ""address""\
                ],\
                ""analyzer"": ""dhi_term_analyzer"",\
                ""boost"": 10\
              }\
            }\
          ]\
        }\
      }\
    }\
  ]\
}","2022-04-14 17:34:19","1","2022-06-23 15:23:13","1","18","2"
"285","RTNAGAR","17","RT Nagar","blr.rtnagar@ktkbank.com","9945013500","RT Nagar","1558","17","101","","","29AABCT5589K1ZL","","AABCT5589K",\N,"UDYAM-KR-03-0106234",\N,\N,\N,\N,"2022-07-13 16:02:56","21",\N,\N,"20","17","KBL","Karnataka Bank","info@kbl.com","1234567890","#13, Bangalore","{\
  ""nameSearchQueries"": [\
    {\
      ""queryDHI"": {\
        ""multi_match"": {\
          ""query"": ""SEARCH_NAME"",\
          ""fields"": [\
            ""name""\
          ],\
          ""type"": ""phrase"",\
          ""analyzer"": ""dhi_term_analyzer"",\
          ""boost"": 10\
        }\
      }\
    }\
  ],\
  ""addressSearchQueries"": [\
    {\
      ""queryDHI"": {\
        ""match"": {\
          ""address"": {\
            ""query"": ""SEARCH_ADDRESS"",\
            ""analyzer"": ""dhi_term_analyzer""\
          }\
        }\
      }\
    }\
  ],\
  ""nameAddressQueries"": [\
    {\
      ""queryDHI"": {\
        ""bool"": {\
          ""must"": [\
            {\
              ""multi_match"": {\
                ""query"": ""SEARCH_NAME"",\
                ""fields"": [\
                  ""name""\
                ],\
                ""type"": ""phrase"",\
                ""analyzer"": ""dhi_term_analyzer"",\
                ""boost"": 10\
              }\
            },\
            {\
              ""multi_match"": {\
                ""query"": ""SEARCH_ADDRESS"",\
                ""type"": ""most_fields"",\
                ""fields"": [\
                  ""address""\
                ],\
                ""analyzer"": ""dhi_term_analyzer"",\
                ""boost"": 2\
              }\
            }\
          ]\
        }\
      }\
    },\
    {\
      ""queryDHI"": {\
        ""bool"": {\
          ""must"": [\
            {\
              ""multi_match"": {\
                ""query"": ""SEARCH_NAME"",\
                ""fields"": [\
                  ""name""\
                ],\
                ""type"": ""phrase"",\
                ""analyzer"": ""dhi_term_analyzer"",\
                ""boost"": 2\
              }\
            },\
            {\
              ""multi_match"": {\
                ""query"": ""SEARCH_ADDRESS"",\
                ""type"": ""most_fields"",\
                ""fields"": [\
                  ""address""\
                ],\
                ""analyzer"": ""dhi_term_analyzer"",\
                ""boost"": 10\
              }\
            }\
          ]\
        }\
      }\
    }\
  ]\
}","2022-04-14 17:34:19","1","2022-06-23 15:23:13","1","18","2"
"286","SSIVNR","17","Sadashivanagar ","blr.sadashivanagar@ktkbank.com","9449595678","Sadashivanagar ","1558","17","101","","","29AABCT5589K1ZL","","AABCT5589K",\N,"UDYAM-KR-03-0106234",\N,\N,\N,\N,"2022-07-13 16:02:56","21",\N,\N,"20","17","KBL","Karnataka Bank","info@kbl.com","1234567890","#13, Bangalore","{\
  ""nameSearchQueries"": [\
    {\
      ""queryDHI"": {\
        ""multi_match"": {\
          ""query"": ""SEARCH_NAME"",\
          ""fields"": [\
            ""name""\
          ],\
          ""type"": ""phrase"",\
          ""analyzer"": ""dhi_term_analyzer"",\
          ""boost"": 10\
        }\
      }\
    }\
  ],\
  ""addressSearchQueries"": [\
    {\
      ""queryDHI"": {\
        ""match"": {\
          ""address"": {\
            ""query"": ""SEARCH_ADDRESS"",\
            ""analyzer"": ""dhi_term_analyzer""\
          }\
        }\
      }\
    }\
  ],\
  ""nameAddressQueries"": [\
    {\
      ""queryDHI"": {\
        ""bool"": {\
          ""must"": [\
            {\
              ""multi_match"": {\
                ""query"": ""SEARCH_NAME"",\
                ""fields"": [\
                  ""name""\
                ],\
                ""type"": ""phrase"",\
                ""analyzer"": ""dhi_term_analyzer"",\
                ""boost"": 10\
              }\
            },\
            {\
              ""multi_match"": {\
                ""query"": ""SEARCH_ADDRESS"",\
                ""type"": ""most_fields"",\
                ""fields"": [\
                  ""address""\
                ],\
                ""analyzer"": ""dhi_term_analyzer"",\
                ""boost"": 2\
              }\
            }\
          ]\
        }\
      }\
    },\
    {\
      ""queryDHI"": {\
        ""bool"": {\
          ""must"": [\
            {\
              ""multi_match"": {\
                ""query"": ""SEARCH_NAME"",\
                ""fields"": [\
                  ""name""\
                ],\
                ""type"": ""phrase"",\
                ""analyzer"": ""dhi_term_analyzer"",\
                ""boost"": 2\
              }\
            },\
            {\
              ""multi_match"": {\
                ""query"": ""SEARCH_ADDRESS"",\
                ""type"": ""most_fields"",\
                ""fields"": [\
                  ""address""\
                ],\
                ""analyzer"": ""dhi_term_analyzer"",\
                ""boost"": 10\
              }\
            }\
          ]\
        }\
      }\
    }\
  ]\
}","2022-04-14 17:34:19","1","2022-06-23 15:23:13","1","18","2"
"287","SHKRNR","17","Sahakaranagar","blr.sahakaranagar@ktkbank.com","9449595414","Sahakaranagar","1558","17","101","","","29AABCT5589K1ZL","","AABCT5589K",\N,"UDYAM-KR-03-0106234",\N,\N,\N,\N,"2022-07-13 16:02:56","21",\N,\N,"20","17","KBL","Karnataka Bank","info@kbl.com","1234567890","#13, Bangalore","{\
  ""nameSearchQueries"": [\
    {\
      ""queryDHI"": {\
        ""multi_match"": {\
          ""query"": ""SEARCH_NAME"",\
          ""fields"": [\
            ""name""\
          ],\
          ""type"": ""phrase"",\
          ""analyzer"": ""dhi_term_analyzer"",\
          ""boost"": 10\
        }\
      }\
    }\
  ],\
  ""addressSearchQueries"": [\
    {\
      ""queryDHI"": {\
        ""match"": {\
          ""address"": {\
            ""query"": ""SEARCH_ADDRESS"",\
            ""analyzer"": ""dhi_term_analyzer""\
          }\
        }\
      }\
    }\
  ],\
  ""nameAddressQueries"": [\
    {\
      ""queryDHI"": {\
        ""bool"": {\
          ""must"": [\
            {\
              ""multi_match"": {\
                ""query"": ""SEARCH_NAME"",\
                ""fields"": [\
                  ""name""\
                ],\
                ""type"": ""phrase"",\
                ""analyzer"": ""dhi_term_analyzer"",\
                ""boost"": 10\
              }\
            },\
            {\
              ""multi_match"": {\
                ""query"": ""SEARCH_ADDRESS"",\
                ""type"": ""most_fields"",\
                ""fields"": [\
                  ""address""\
                ],\
                ""analyzer"": ""dhi_term_analyzer"",\
                ""boost"": 2\
              }\
            }\
          ]\
        }\
      }\
    },\
    {\
      ""queryDHI"": {\
        ""bool"": {\
          ""must"": [\
            {\
              ""multi_match"": {\
                ""query"": ""SEARCH_NAME"",\
                ""fields"": [\
                  ""name""\
                ],\
                ""type"": ""phrase"",\
                ""analyzer"": ""dhi_term_analyzer"",\
                ""boost"": 2\
              }\
            },\
            {\
              ""multi_match"": {\
                ""query"": ""SEARCH_ADDRESS"",\
                ""type"": ""most_fields"",\
                ""fields"": [\
                  ""address""\
                ],\
                ""analyzer"": ""dhi_term_analyzer"",\
                ""boost"": 10\
              }\
            }\
          ]\
        }\
      }\
    }\
  ]\
}","2022-04-14 17:34:19","1","2022-06-23 15:23:13","1","18","2"
"288","SNJYNR","17","Sanjaynagar","blr.sanjaynagar@ktkbank.com","9880867574","Sanjaynagar","1558","17","101","","","29AABCT5589K1ZL","","AABCT5589K",\N,"UDYAM-KR-03-0106234",\N,\N,\N,\N,"2022-07-13 16:02:56","21",\N,\N,"20","17","KBL","Karnataka Bank","info@kbl.com","1234567890","#13, Bangalore","{\
  ""nameSearchQueries"": [\
    {\
      ""queryDHI"": {\
        ""multi_match"": {\
          ""query"": ""SEARCH_NAME"",\
          ""fields"": [\
            ""name""\
          ],\
          ""type"": ""phrase"",\
          ""analyzer"": ""dhi_term_analyzer"",\
          ""boost"": 10\
        }\
      }\
    }\
  ],\
  ""addressSearchQueries"": [\
    {\
      ""queryDHI"": {\
        ""match"": {\
          ""address"": {\
            ""query"": ""SEARCH_ADDRESS"",\
            ""analyzer"": ""dhi_term_analyzer""\
          }\
        }\
      }\
    }\
  ],\
  ""nameAddressQueries"": [\
    {\
      ""queryDHI"": {\
        ""bool"": {\
          ""must"": [\
            {\
              ""multi_match"": {\
                ""query"": ""SEARCH_NAME"",\
                ""fields"": [\
                  ""name""\
                ],\
                ""type"": ""phrase"",\
                ""analyzer"": ""dhi_term_analyzer"",\
                ""boost"": 10\
              }\
            },\
            {\
              ""multi_match"": {\
                ""query"": ""SEARCH_ADDRESS"",\
                ""type"": ""most_fields"",\
                ""fields"": [\
                  ""address""\
                ],\
                ""analyzer"": ""dhi_term_analyzer"",\
                ""boost"": 2\
              }\
            }\
          ]\
        }\
      }\
    },\
    {\
      ""queryDHI"": {\
        ""bool"": {\
          ""must"": [\
            {\
              ""multi_match"": {\
                ""query"": ""SEARCH_NAME"",\
                ""fields"": [\
                  ""name""\
                ],\
                ""type"": ""phrase"",\
                ""analyzer"": ""dhi_term_analyzer"",\
                ""boost"": 2\
              }\
            },\
            {\
              ""multi_match"": {\
                ""query"": ""SEARCH_ADDRESS"",\
                ""type"": ""most_fields"",\
                ""fields"": [\
                  ""address""\
                ],\
                ""analyzer"": ""dhi_term_analyzer"",\
                ""boost"": 10\
              }\
            }\
          ]\
        }\
      }\
    }\
  ]\
}","2022-04-14 17:34:19","1","2022-06-23 15:23:13","1","18","2"
"289","SRKILT","17","Sarakki Layout","blr.sarakki@ktkbank.com","9880865677","Sarakki Layout","1558","17","101","","","29AABCT5589K1ZL","","AABCT5589K",\N,"UDYAM-KR-03-0106234",\N,\N,\N,\N,"2022-07-13 16:02:56","21",\N,\N,"20","17","KBL","Karnataka Bank","info@kbl.com","1234567890","#13, Bangalore","{\
  ""nameSearchQueries"": [\
    {\
      ""queryDHI"": {\
        ""multi_match"": {\
          ""query"": ""SEARCH_NAME"",\
          ""fields"": [\
            ""name""\
          ],\
          ""type"": ""phrase"",\
          ""analyzer"": ""dhi_term_analyzer"",\
          ""boost"": 10\
        }\
      }\
    }\
  ],\
  ""addressSearchQueries"": [\
    {\
      ""queryDHI"": {\
        ""match"": {\
          ""address"": {\
            ""query"": ""SEARCH_ADDRESS"",\
            ""analyzer"": ""dhi_term_analyzer""\
          }\
        }\
      }\
    }\
  ],\
  ""nameAddressQueries"": [\
    {\
      ""queryDHI"": {\
        ""bool"": {\
          ""must"": [\
            {\
              ""multi_match"": {\
                ""query"": ""SEARCH_NAME"",\
                ""fields"": [\
                  ""name""\
                ],\
                ""type"": ""phrase"",\
                ""analyzer"": ""dhi_term_analyzer"",\
                ""boost"": 10\
              }\
            },\
            {\
              ""multi_match"": {\
                ""query"": ""SEARCH_ADDRESS"",\
                ""type"": ""most_fields"",\
                ""fields"": [\
                  ""address""\
                ],\
                ""analyzer"": ""dhi_term_analyzer"",\
                ""boost"": 2\
              }\
            }\
          ]\
        }\
      }\
    },\
    {\
      ""queryDHI"": {\
        ""bool"": {\
          ""must"": [\
            {\
              ""multi_match"": {\
                ""query"": ""SEARCH_NAME"",\
                ""fields"": [\
                  ""name""\
                ],\
                ""type"": ""phrase"",\
                ""analyzer"": ""dhi_term_analyzer"",\
                ""boost"": 2\
              }\
            },\
            {\
              ""multi_match"": {\
                ""query"": ""SEARCH_ADDRESS"",\
                ""type"": ""most_fields"",\
                ""fields"": [\
                  ""address""\
                ],\
                ""analyzer"": ""dhi_term_analyzer"",\
                ""boost"": 10\
              }\
            }\
          ]\
        }\
      }\
    }\
  ]\
}","2022-04-14 17:34:19","1","2022-06-23 15:23:13","1","18","2"
"290","SHIKNR","17","Shivaramkaranth nagar","blr.sknagar@ktkbank.com","9108899555","Shivaramkaranth nagar","1558","17","101","","","29AABCT5589K1ZL","","AABCT5589K",\N,"UDYAM-KR-03-0106234",\N,\N,\N,\N,"2022-07-13 16:02:56","21",\N,\N,"20","17","KBL","Karnataka Bank","info@kbl.com","1234567890","#13, Bangalore","{\
  ""nameSearchQueries"": [\
    {\
      ""queryDHI"": {\
        ""multi_match"": {\
          ""query"": ""SEARCH_NAME"",\
          ""fields"": [\
            ""name""\
          ],\
          ""type"": ""phrase"",\
          ""analyzer"": ""dhi_term_analyzer"",\
          ""boost"": 10\
        }\
      }\
    }\
  ],\
  ""addressSearchQueries"": [\
    {\
      ""queryDHI"": {\
        ""match"": {\
          ""address"": {\
            ""query"": ""SEARCH_ADDRESS"",\
            ""analyzer"": ""dhi_term_analyzer""\
          }\
        }\
      }\
    }\
  ],\
  ""nameAddressQueries"": [\
    {\
      ""queryDHI"": {\
        ""bool"": {\
          ""must"": [\
            {\
              ""multi_match"": {\
                ""query"": ""SEARCH_NAME"",\
                ""fields"": [\
                  ""name""\
                ],\
                ""type"": ""phrase"",\
                ""analyzer"": ""dhi_term_analyzer"",\
                ""boost"": 10\
              }\
            },\
            {\
              ""multi_match"": {\
                ""query"": ""SEARCH_ADDRESS"",\
                ""type"": ""most_fields"",\
                ""fields"": [\
                  ""address""\
                ],\
                ""analyzer"": ""dhi_term_analyzer"",\
                ""boost"": 2\
              }\
            }\
          ]\
        }\
      }\
    },\
    {\
      ""queryDHI"": {\
        ""bool"": {\
          ""must"": [\
            {\
              ""multi_match"": {\
                ""query"": ""SEARCH_NAME"",\
                ""fields"": [\
                  ""name""\
                ],\
                ""type"": ""phrase"",\
                ""analyzer"": ""dhi_term_analyzer"",\
                ""boost"": 2\
              }\
            },\
            {\
              ""multi_match"": {\
                ""query"": ""SEARCH_ADDRESS"",\
                ""type"": ""most_fields"",\
                ""fields"": [\
                  ""address""\
                ],\
                ""analyzer"": ""dhi_term_analyzer"",\
                ""boost"": 10\
              }\
            }\
          ]\
        }\
      }\
    }\
  ]\
}","2022-04-14 17:34:19","1","2022-06-23 15:23:13","1","18","2"
"291","SMVLYT","17","SMV layout","blr.sirmvlayout@ktkbank.com","9148350001","SMV layout","1558","17","101","","","29AABCT5589K1ZL","","AABCT5589K",\N,"UDYAM-KR-03-0106234",\N,\N,\N,\N,"2022-07-13 16:02:56","21",\N,\N,"20","17","KBL","Karnataka Bank","info@kbl.com","1234567890","#13, Bangalore","{\
  ""nameSearchQueries"": [\
    {\
      ""queryDHI"": {\
        ""multi_match"": {\
          ""query"": ""SEARCH_NAME"",\
          ""fields"": [\
            ""name""\
          ],\
          ""type"": ""phrase"",\
          ""analyzer"": ""dhi_term_analyzer"",\
          ""boost"": 10\
        }\
      }\
    }\
  ],\
  ""addressSearchQueries"": [\
    {\
      ""queryDHI"": {\
        ""match"": {\
          ""address"": {\
            ""query"": ""SEARCH_ADDRESS"",\
            ""analyzer"": ""dhi_term_analyzer""\
          }\
        }\
      }\
    }\
  ],\
  ""nameAddressQueries"": [\
    {\
      ""queryDHI"": {\
        ""bool"": {\
          ""must"": [\
            {\
              ""multi_match"": {\
                ""query"": ""SEARCH_NAME"",\
                ""fields"": [\
                  ""name""\
                ],\
                ""type"": ""phrase"",\
                ""analyzer"": ""dhi_term_analyzer"",\
                ""boost"": 10\
              }\
            },\
            {\
              ""multi_match"": {\
                ""query"": ""SEARCH_ADDRESS"",\
                ""type"": ""most_fields"",\
                ""fields"": [\
                  ""address""\
                ],\
                ""analyzer"": ""dhi_term_analyzer"",\
                ""boost"": 2\
              }\
            }\
          ]\
        }\
      }\
    },\
    {\
      ""queryDHI"": {\
        ""bool"": {\
          ""must"": [\
            {\
              ""multi_match"": {\
                ""query"": ""SEARCH_NAME"",\
                ""fields"": [\
                  ""name""\
                ],\
                ""type"": ""phrase"",\
                ""analyzer"": ""dhi_term_analyzer"",\
                ""boost"": 2\
              }\
            },\
            {\
              ""multi_match"": {\
                ""query"": ""SEARCH_ADDRESS"",\
                ""type"": ""most_fields"",\
                ""fields"": [\
                  ""address""\
                ],\
                ""analyzer"": ""dhi_term_analyzer"",\
                ""boost"": 10\
              }\
            }\
          ]\
        }\
      }\
    }\
  ]\
}","2022-04-14 17:34:19","1","2022-06-23 15:23:13","1","18","2"
"292","SRINGR","17","Srinagar","blr.srinagar@ktkbank.com","9449595660","Srinagar","1558","17","101","","","29AABCT5589K1ZL","","AABCT5589K",\N,"UDYAM-KR-03-0106234",\N,\N,\N,\N,"2022-07-13 16:02:56","21",\N,\N,"20","17","KBL","Karnataka Bank","info@kbl.com","1234567890","#13, Bangalore","{\
  ""nameSearchQueries"": [\
    {\
      ""queryDHI"": {\
        ""multi_match"": {\
          ""query"": ""SEARCH_NAME"",\
          ""fields"": [\
            ""name""\
          ],\
          ""type"": ""phrase"",\
          ""analyzer"": ""dhi_term_analyzer"",\
          ""boost"": 10\
        }\
      }\
    }\
  ],\
  ""addressSearchQueries"": [\
    {\
      ""queryDHI"": {\
        ""match"": {\
          ""address"": {\
            ""query"": ""SEARCH_ADDRESS"",\
            ""analyzer"": ""dhi_term_analyzer""\
          }\
        }\
      }\
    }\
  ],\
  ""nameAddressQueries"": [\
    {\
      ""queryDHI"": {\
        ""bool"": {\
          ""must"": [\
            {\
              ""multi_match"": {\
                ""query"": ""SEARCH_NAME"",\
                ""fields"": [\
                  ""name""\
                ],\
                ""type"": ""phrase"",\
                ""analyzer"": ""dhi_term_analyzer"",\
                ""boost"": 10\
              }\
            },\
            {\
              ""multi_match"": {\
                ""query"": ""SEARCH_ADDRESS"",\
                ""type"": ""most_fields"",\
                ""fields"": [\
                  ""address""\
                ],\
                ""analyzer"": ""dhi_term_analyzer"",\
                ""boost"": 2\
              }\
            }\
          ]\
        }\
      }\
    },\
    {\
      ""queryDHI"": {\
        ""bool"": {\
          ""must"": [\
            {\
              ""multi_match"": {\
                ""query"": ""SEARCH_NAME"",\
                ""fields"": [\
                  ""name""\
                ],\
                ""type"": ""phrase"",\
                ""analyzer"": ""dhi_term_analyzer"",\
                ""boost"": 2\
              }\
            },\
            {\
              ""multi_match"": {\
                ""query"": ""SEARCH_ADDRESS"",\
                ""type"": ""most_fields"",\
                ""fields"": [\
                  ""address""\
                ],\
                ""analyzer"": ""dhi_term_analyzer"",\
                ""boost"": 10\
              }\
            }\
          ]\
        }\
      }\
    }\
  ]\
}","2022-04-14 17:34:19","1","2022-06-23 15:23:13","1","18","2"
"293","SRIRPR","17","Srirampura","blr.srirampuram@ktkbank.com","9880867657","Srirampura","1558","17","101","","","29AABCT5589K1ZL","","AABCT5589K",\N,"UDYAM-KR-03-0106234",\N,\N,\N,\N,"2022-07-13 16:02:56","21",\N,\N,"20","17","KBL","Karnataka Bank","info@kbl.com","1234567890","#13, Bangalore","{\
  ""nameSearchQueries"": [\
    {\
      ""queryDHI"": {\
        ""multi_match"": {\
          ""query"": ""SEARCH_NAME"",\
          ""fields"": [\
            ""name""\
          ],\
          ""type"": ""phrase"",\
          ""analyzer"": ""dhi_term_analyzer"",\
          ""boost"": 10\
        }\
      }\
    }\
  ],\
  ""addressSearchQueries"": [\
    {\
      ""queryDHI"": {\
        ""match"": {\
          ""address"": {\
            ""query"": ""SEARCH_ADDRESS"",\
            ""analyzer"": ""dhi_term_analyzer""\
          }\
        }\
      }\
    }\
  ],\
  ""nameAddressQueries"": [\
    {\
      ""queryDHI"": {\
        ""bool"": {\
          ""must"": [\
            {\
              ""multi_match"": {\
                ""query"": ""SEARCH_NAME"",\
                ""fields"": [\
                  ""name""\
                ],\
                ""type"": ""phrase"",\
                ""analyzer"": ""dhi_term_analyzer"",\
                ""boost"": 10\
              }\
            },\
            {\
              ""multi_match"": {\
                ""query"": ""SEARCH_ADDRESS"",\
                ""type"": ""most_fields"",\
                ""fields"": [\
                  ""address""\
                ],\
                ""analyzer"": ""dhi_term_analyzer"",\
                ""boost"": 2\
              }\
            }\
          ]\
        }\
      }\
    },\
    {\
      ""queryDHI"": {\
        ""bool"": {\
          ""must"": [\
            {\
              ""multi_match"": {\
                ""query"": ""SEARCH_NAME"",\
                ""fields"": [\
                  ""name""\
                ],\
                ""type"": ""phrase"",\
                ""analyzer"": ""dhi_term_analyzer"",\
                ""boost"": 2\
              }\
            },\
            {\
              ""multi_match"": {\
                ""query"": ""SEARCH_ADDRESS"",\
                ""type"": ""most_fields"",\
                ""fields"": [\
                  ""address""\
                ],\
                ""analyzer"": ""dhi_term_analyzer"",\
                ""boost"": 10\
              }\
            }\
          ]\
        }\
      }\
    }\
  ]\
}","2022-04-14 17:34:19","1","2022-06-23 15:23:13","1","18","2"
"294","SUBHANR","17","Subhashnagar","blr.subhashnagar@ktkbank.com","9886549735","Subhashnagar","1558","17","101","","","29AABCT5589K1ZL","","AABCT5589K",\N,"UDYAM-KR-03-0106234",\N,\N,\N,\N,"2022-07-13 16:02:56","21",\N,\N,"20","17","KBL","Karnataka Bank","info@kbl.com","1234567890","#13, Bangalore","{\
  ""nameSearchQueries"": [\
    {\
      ""queryDHI"": {\
        ""multi_match"": {\
          ""query"": ""SEARCH_NAME"",\
          ""fields"": [\
            ""name""\
          ],\
          ""type"": ""phrase"",\
          ""analyzer"": ""dhi_term_analyzer"",\
          ""boost"": 10\
        }\
      }\
    }\
  ],\
  ""addressSearchQueries"": [\
    {\
      ""queryDHI"": {\
        ""match"": {\
          ""address"": {\
            ""query"": ""SEARCH_ADDRESS"",\
            ""analyzer"": ""dhi_term_analyzer""\
          }\
        }\
      }\
    }\
  ],\
  ""nameAddressQueries"": [\
    {\
      ""queryDHI"": {\
        ""bool"": {\
          ""must"": [\
            {\
              ""multi_match"": {\
                ""query"": ""SEARCH_NAME"",\
                ""fields"": [\
                  ""name""\
                ],\
                ""type"": ""phrase"",\
                ""analyzer"": ""dhi_term_analyzer"",\
                ""boost"": 10\
              }\
            },\
            {\
              ""multi_match"": {\
                ""query"": ""SEARCH_ADDRESS"",\
                ""type"": ""most_fields"",\
                ""fields"": [\
                  ""address""\
                ],\
                ""analyzer"": ""dhi_term_analyzer"",\
                ""boost"": 2\
              }\
            }\
          ]\
        }\
      }\
    },\
    {\
      ""queryDHI"": {\
        ""bool"": {\
          ""must"": [\
            {\
              ""multi_match"": {\
                ""query"": ""SEARCH_NAME"",\
                ""fields"": [\
                  ""name""\
                ],\
                ""type"": ""phrase"",\
                ""analyzer"": ""dhi_term_analyzer"",\
                ""boost"": 2\
              }\
            },\
            {\
              ""multi_match"": {\
                ""query"": ""SEARCH_ADDRESS"",\
                ""type"": ""most_fields"",\
                ""fields"": [\
                  ""address""\
                ],\
                ""analyzer"": ""dhi_term_analyzer"",\
                ""boost"": 10\
              }\
            }\
          ]\
        }\
      }\
    }\
  ]\
}","2022-04-14 17:34:19","1","2022-06-23 15:23:13","1","18","2"
"295","TVRKER","17","Tavarekere","tavarekere@ktkbank.com","9480946536","Tavarekere","1558","17","101","","","29AABCT5589K1ZL","","AABCT5589K",\N,"UDYAM-KR-03-0106234",\N,\N,\N,\N,"2022-07-13 16:02:56","21",\N,\N,"20","17","KBL","Karnataka Bank","info@kbl.com","1234567890","#13, Bangalore","{\
  ""nameSearchQueries"": [\
    {\
      ""queryDHI"": {\
        ""multi_match"": {\
          ""query"": ""SEARCH_NAME"",\
          ""fields"": [\
            ""name""\
          ],\
          ""type"": ""phrase"",\
          ""analyzer"": ""dhi_term_analyzer"",\
          ""boost"": 10\
        }\
      }\
    }\
  ],\
  ""addressSearchQueries"": [\
    {\
      ""queryDHI"": {\
        ""match"": {\
          ""address"": {\
            ""query"": ""SEARCH_ADDRESS"",\
            ""analyzer"": ""dhi_term_analyzer""\
          }\
        }\
      }\
    }\
  ],\
  ""nameAddressQueries"": [\
    {\
      ""queryDHI"": {\
        ""bool"": {\
          ""must"": [\
            {\
              ""multi_match"": {\
                ""query"": ""SEARCH_NAME"",\
                ""fields"": [\
                  ""name""\
                ],\
                ""type"": ""phrase"",\
                ""analyzer"": ""dhi_term_analyzer"",\
                ""boost"": 10\
              }\
            },\
            {\
              ""multi_match"": {\
                ""query"": ""SEARCH_ADDRESS"",\
                ""type"": ""most_fields"",\
                ""fields"": [\
                  ""address""\
                ],\
                ""analyzer"": ""dhi_term_analyzer"",\
                ""boost"": 2\
              }\
            }\
          ]\
        }\
      }\
    },\
    {\
      ""queryDHI"": {\
        ""bool"": {\
          ""must"": [\
            {\
              ""multi_match"": {\
                ""query"": ""SEARCH_NAME"",\
                ""fields"": [\
                  ""name""\
                ],\
                ""type"": ""phrase"",\
                ""analyzer"": ""dhi_term_analyzer"",\
                ""boost"": 2\
              }\
            },\
            {\
              ""multi_match"": {\
                ""query"": ""SEARCH_ADDRESS"",\
                ""type"": ""most_fields"",\
                ""fields"": [\
                  ""address""\
                ],\
                ""analyzer"": ""dhi_term_analyzer"",\
                ""boost"": 10\
              }\
            }\
          ]\
        }\
      }\
    }\
  ]\
}","2022-04-14 17:34:19","1","2022-06-23 15:23:13","1","18","2"
"296","TEACLT","17","Teachers Layout","blr.teacherslayout@ktkbank.com","9606442104","Teachers Layout","1558","17","101","","","29AABCT5589K1ZL","","AABCT5589K",\N,"UDYAM-KR-03-0106234",\N,\N,\N,\N,"2022-07-13 16:02:56","21",\N,\N,"20","17","KBL","Karnataka Bank","info@kbl.com","1234567890","#13, Bangalore","{\
  ""nameSearchQueries"": [\
    {\
      ""queryDHI"": {\
        ""multi_match"": {\
          ""query"": ""SEARCH_NAME"",\
          ""fields"": [\
            ""name""\
          ],\
          ""type"": ""phrase"",\
          ""analyzer"": ""dhi_term_analyzer"",\
          ""boost"": 10\
        }\
      }\
    }\
  ],\
  ""addressSearchQueries"": [\
    {\
      ""queryDHI"": {\
        ""match"": {\
          ""address"": {\
            ""query"": ""SEARCH_ADDRESS"",\
            ""analyzer"": ""dhi_term_analyzer""\
          }\
        }\
      }\
    }\
  ],\
  ""nameAddressQueries"": [\
    {\
      ""queryDHI"": {\
        ""bool"": {\
          ""must"": [\
            {\
              ""multi_match"": {\
                ""query"": ""SEARCH_NAME"",\
                ""fields"": [\
                  ""name""\
                ],\
                ""type"": ""phrase"",\
                ""analyzer"": ""dhi_term_analyzer"",\
                ""boost"": 10\
              }\
            },\
            {\
              ""multi_match"": {\
                ""query"": ""SEARCH_ADDRESS"",\
                ""type"": ""most_fields"",\
                ""fields"": [\
                  ""address""\
                ],\
                ""analyzer"": ""dhi_term_analyzer"",\
                ""boost"": 2\
              }\
            }\
          ]\
        }\
      }\
    },\
    {\
      ""queryDHI"": {\
        ""bool"": {\
          ""must"": [\
            {\
              ""multi_match"": {\
                ""query"": ""SEARCH_NAME"",\
                ""fields"": [\
                  ""name""\
                ],\
                ""type"": ""phrase"",\
                ""analyzer"": ""dhi_term_analyzer"",\
                ""boost"": 2\
              }\
            },\
            {\
              ""multi_match"": {\
                ""query"": ""SEARCH_ADDRESS"",\
                ""type"": ""most_fields"",\
                ""fields"": [\
                  ""address""\
                ],\
                ""analyzer"": ""dhi_term_analyzer"",\
                ""boost"": 10\
              }\
            }\
          ]\
        }\
      }\
    }\
  ]\
}","2022-04-14 17:34:19","1","2022-06-23 15:23:13","1","18","2"
"297","TOTGER","17","Totagere","totagere@ktkbank.com","9606979992","Totagere","1558","17","101","","","29AABCT5589K1ZL","","AABCT5589K",\N,"UDYAM-KR-03-0106234",\N,\N,\N,\N,"2022-07-13 16:02:56","21",\N,\N,"20","17","KBL","Karnataka Bank","info@kbl.com","1234567890","#13, Bangalore","{\
  ""nameSearchQueries"": [\
    {\
      ""queryDHI"": {\
        ""multi_match"": {\
          ""query"": ""SEARCH_NAME"",\
          ""fields"": [\
            ""name""\
          ],\
          ""type"": ""phrase"",\
          ""analyzer"": ""dhi_term_analyzer"",\
          ""boost"": 10\
        }\
      }\
    }\
  ],\
  ""addressSearchQueries"": [\
    {\
      ""queryDHI"": {\
        ""match"": {\
          ""address"": {\
            ""query"": ""SEARCH_ADDRESS"",\
            ""analyzer"": ""dhi_term_analyzer""\
          }\
        }\
      }\
    }\
  ],\
  ""nameAddressQueries"": [\
    {\
      ""queryDHI"": {\
        ""bool"": {\
          ""must"": [\
            {\
              ""multi_match"": {\
                ""query"": ""SEARCH_NAME"",\
                ""fields"": [\
                  ""name""\
                ],\
                ""type"": ""phrase"",\
                ""analyzer"": ""dhi_term_analyzer"",\
                ""boost"": 10\
              }\
            },\
            {\
              ""multi_match"": {\
                ""query"": ""SEARCH_ADDRESS"",\
                ""type"": ""most_fields"",\
                ""fields"": [\
                  ""address""\
                ],\
                ""analyzer"": ""dhi_term_analyzer"",\
                ""boost"": 2\
              }\
            }\
          ]\
        }\
      }\
    },\
    {\
      ""queryDHI"": {\
        ""bool"": {\
          ""must"": [\
            {\
              ""multi_match"": {\
                ""query"": ""SEARCH_NAME"",\
                ""fields"": [\
                  ""name""\
                ],\
                ""type"": ""phrase"",\
                ""analyzer"": ""dhi_term_analyzer"",\
                ""boost"": 2\
              }\
            },\
            {\
              ""multi_match"": {\
                ""query"": ""SEARCH_ADDRESS"",\
                ""type"": ""most_fields"",\
                ""fields"": [\
                  ""address""\
                ],\
                ""analyzer"": ""dhi_term_analyzer"",\
                ""boost"": 10\
              }\
            }\
          ]\
        }\
      }\
    }\
  ]\
}","2022-04-14 17:34:19","1","2022-06-23 15:23:13","1","18","2"
"298","UTTAHL","17","Uttarahalli","blr.uttarahalli@ktkbank.com","9449595654","Uttarahalli","1558","17","101","","","29AABCT5589K1ZL","","AABCT5589K",\N,"UDYAM-KR-03-0106234",\N,\N,\N,\N,"2022-07-13 16:02:56","21",\N,\N,"20","17","KBL","Karnataka Bank","info@kbl.com","1234567890","#13, Bangalore","{\
  ""nameSearchQueries"": [\
    {\
      ""queryDHI"": {\
        ""multi_match"": {\
          ""query"": ""SEARCH_NAME"",\
          ""fields"": [\
            ""name""\
          ],\
          ""type"": ""phrase"",\
          ""analyzer"": ""dhi_term_analyzer"",\
          ""boost"": 10\
        }\
      }\
    }\
  ],\
  ""addressSearchQueries"": [\
    {\
      ""queryDHI"": {\
        ""match"": {\
          ""address"": {\
            ""query"": ""SEARCH_ADDRESS"",\
            ""analyzer"": ""dhi_term_analyzer""\
          }\
        }\
      }\
    }\
  ],\
  ""nameAddressQueries"": [\
    {\
      ""queryDHI"": {\
        ""bool"": {\
          ""must"": [\
            {\
              ""multi_match"": {\
                ""query"": ""SEARCH_NAME"",\
                ""fields"": [\
                  ""name""\
                ],\
                ""type"": ""phrase"",\
                ""analyzer"": ""dhi_term_analyzer"",\
                ""boost"": 10\
              }\
            },\
            {\
              ""multi_match"": {\
                ""query"": ""SEARCH_ADDRESS"",\
                ""type"": ""most_fields"",\
                ""fields"": [\
                  ""address""\
                ],\
                ""analyzer"": ""dhi_term_analyzer"",\
                ""boost"": 2\
              }\
            }\
          ]\
        }\
      }\
    },\
    {\
      ""queryDHI"": {\
        ""bool"": {\
          ""must"": [\
            {\
              ""multi_match"": {\
                ""query"": ""SEARCH_NAME"",\
                ""fields"": [\
                  ""name""\
                ],\
                ""type"": ""phrase"",\
                ""analyzer"": ""dhi_term_analyzer"",\
                ""boost"": 2\
              }\
            },\
            {\
              ""multi_match"": {\
                ""query"": ""SEARCH_ADDRESS"",\
                ""type"": ""most_fields"",\
                ""fields"": [\
                  ""address""\
                ],\
                ""analyzer"": ""dhi_term_analyzer"",\
                ""boost"": 10\
              }\
            }\
          ]\
        }\
      }\
    }\
  ]\
}","2022-04-14 17:34:19","1","2022-06-23 15:23:13","1","18","2"
"299","VADRHL","17","Vaderahalli","vaderahalli@ktkbank.com","9741585224","Vaderahalli","1558","17","101","","","29AABCT5589K1ZL","","AABCT5589K",\N,"UDYAM-KR-03-0106234",\N,\N,\N,\N,"2022-07-13 16:02:56","21",\N,\N,"20","17","KBL","Karnataka Bank","info@kbl.com","1234567890","#13, Bangalore","{\
  ""nameSearchQueries"": [\
    {\
      ""queryDHI"": {\
        ""multi_match"": {\
          ""query"": ""SEARCH_NAME"",\
          ""fields"": [\
            ""name""\
          ],\
          ""type"": ""phrase"",\
          ""analyzer"": ""dhi_term_analyzer"",\
          ""boost"": 10\
        }\
      }\
    }\
  ],\
  ""addressSearchQueries"": [\
    {\
      ""queryDHI"": {\
        ""match"": {\
          ""address"": {\
            ""query"": ""SEARCH_ADDRESS"",\
            ""analyzer"": ""dhi_term_analyzer""\
          }\
        }\
      }\
    }\
  ],\
  ""nameAddressQueries"": [\
    {\
      ""queryDHI"": {\
        ""bool"": {\
          ""must"": [\
            {\
              ""multi_match"": {\
                ""query"": ""SEARCH_NAME"",\
                ""fields"": [\
                  ""name""\
                ],\
                ""type"": ""phrase"",\
                ""analyzer"": ""dhi_term_analyzer"",\
                ""boost"": 10\
              }\
            },\
            {\
              ""multi_match"": {\
                ""query"": ""SEARCH_ADDRESS"",\
                ""type"": ""most_fields"",\
                ""fields"": [\
                  ""address""\
                ],\
                ""analyzer"": ""dhi_term_analyzer"",\
                ""boost"": 2\
              }\
            }\
          ]\
        }\
      }\
    },\
    {\
      ""queryDHI"": {\
        ""bool"": {\
          ""must"": [\
            {\
              ""multi_match"": {\
                ""query"": ""SEARCH_NAME"",\
                ""fields"": [\
                  ""name""\
                ],\
                ""type"": ""phrase"",\
                ""analyzer"": ""dhi_term_analyzer"",\
                ""boost"": 2\
              }\
            },\
            {\
              ""multi_match"": {\
                ""query"": ""SEARCH_ADDRESS"",\
                ""type"": ""most_fields"",\
                ""fields"": [\
                  ""address""\
                ],\
                ""analyzer"": ""dhi_term_analyzer"",\
                ""boost"": 10\
              }\
            }\
          ]\
        }\
      }\
    }\
  ]\
}","2022-04-14 17:34:19","1","2022-06-23 15:23:13","1","18","2"
"300","VARTUR","17","Varthur","blr.varthur@ktkbank.com","9900213399","Varthur","1558","17","101","","","29AABCT5589K1ZL","","AABCT5589K",\N,"UDYAM-KR-03-0106234",\N,\N,\N,\N,"2022-07-13 16:02:56","21",\N,\N,"20","17","KBL","Karnataka Bank","info@kbl.com","1234567890","#13, Bangalore","{\
  ""nameSearchQueries"": [\
    {\
      ""queryDHI"": {\
        ""multi_match"": {\
          ""query"": ""SEARCH_NAME"",\
          ""fields"": [\
            ""name""\
          ],\
          ""type"": ""phrase"",\
          ""analyzer"": ""dhi_term_analyzer"",\
          ""boost"": 10\
        }\
      }\
    }\
  ],\
  ""addressSearchQueries"": [\
    {\
      ""queryDHI"": {\
        ""match"": {\
          ""address"": {\
            ""query"": ""SEARCH_ADDRESS"",\
            ""analyzer"": ""dhi_term_analyzer""\
          }\
        }\
      }\
    }\
  ],\
  ""nameAddressQueries"": [\
    {\
      ""queryDHI"": {\
        ""bool"": {\
          ""must"": [\
            {\
              ""multi_match"": {\
                ""query"": ""SEARCH_NAME"",\
                ""fields"": [\
                  ""name""\
                ],\
                ""type"": ""phrase"",\
                ""analyzer"": ""dhi_term_analyzer"",\
                ""boost"": 10\
              }\
            },\
            {\
              ""multi_match"": {\
                ""query"": ""SEARCH_ADDRESS"",\
                ""type"": ""most_fields"",\
                ""fields"": [\
                  ""address""\
                ],\
                ""analyzer"": ""dhi_term_analyzer"",\
                ""boost"": 2\
              }\
            }\
          ]\
        }\
      }\
    },\
    {\
      ""queryDHI"": {\
        ""bool"": {\
          ""must"": [\
            {\
              ""multi_match"": {\
                ""query"": ""SEARCH_NAME"",\
                ""fields"": [\
                  ""name""\
                ],\
                ""type"": ""phrase"",\
                ""analyzer"": ""dhi_term_analyzer"",\
                ""boost"": 2\
              }\
            },\
            {\
              ""multi_match"": {\
                ""query"": ""SEARCH_ADDRESS"",\
                ""type"": ""most_fields"",\
                ""fields"": [\
                  ""address""\
                ],\
                ""analyzer"": ""dhi_term_analyzer"",\
                ""boost"": 10\
              }\
            }\
          ]\
        }\
      }\
    }\
  ]\
}","2022-04-14 17:34:19","1","2022-06-23 15:23:13","1","18","2"
"301","VSNTPR","17","Vasanthapura","blr.vasanthapura@ktkbank.com","9513145616","Vasanthapura","1558","17","101","","","29AABCT5589K1ZL","","AABCT5589K",\N,"UDYAM-KR-03-0106234",\N,\N,\N,\N,"2022-07-13 16:02:56","21",\N,\N,"20","17","KBL","Karnataka Bank","info@kbl.com","1234567890","#13, Bangalore","{\
  ""nameSearchQueries"": [\
    {\
      ""queryDHI"": {\
        ""multi_match"": {\
          ""query"": ""SEARCH_NAME"",\
          ""fields"": [\
            ""name""\
          ],\
          ""type"": ""phrase"",\
          ""analyzer"": ""dhi_term_analyzer"",\
          ""boost"": 10\
        }\
      }\
    }\
  ],\
  ""addressSearchQueries"": [\
    {\
      ""queryDHI"": {\
        ""match"": {\
          ""address"": {\
            ""query"": ""SEARCH_ADDRESS"",\
            ""analyzer"": ""dhi_term_analyzer""\
          }\
        }\
      }\
    }\
  ],\
  ""nameAddressQueries"": [\
    {\
      ""queryDHI"": {\
        ""bool"": {\
          ""must"": [\
            {\
              ""multi_match"": {\
                ""query"": ""SEARCH_NAME"",\
                ""fields"": [\
                  ""name""\
                ],\
                ""type"": ""phrase"",\
                ""analyzer"": ""dhi_term_analyzer"",\
                ""boost"": 10\
              }\
            },\
            {\
              ""multi_match"": {\
                ""query"": ""SEARCH_ADDRESS"",\
                ""type"": ""most_fields"",\
                ""fields"": [\
                  ""address""\
                ],\
                ""analyzer"": ""dhi_term_analyzer"",\
                ""boost"": 2\
              }\
            }\
          ]\
        }\
      }\
    },\
    {\
      ""queryDHI"": {\
        ""bool"": {\
          ""must"": [\
            {\
              ""multi_match"": {\
                ""query"": ""SEARCH_NAME"",\
                ""fields"": [\
                  ""name""\
                ],\
                ""type"": ""phrase"",\
                ""analyzer"": ""dhi_term_analyzer"",\
                ""boost"": 2\
              }\
            },\
            {\
              ""multi_match"": {\
                ""query"": ""SEARCH_ADDRESS"",\
                ""type"": ""most_fields"",\
                ""fields"": [\
                  ""address""\
                ],\
                ""analyzer"": ""dhi_term_analyzer"",\
                ""boost"": 10\
              }\
            }\
          ]\
        }\
      }\
    }\
  ]\
}","2022-04-14 17:34:19","1","2022-06-23 15:23:13","1","18","2"
"302","VIDRPR","17","Vidyaranyapura","blr.vidyaranyapura@ktkbank.com","9880863669","Vidyaranyapura","1558","17","101","","","29AABCT5589K1ZL","","AABCT5589K",\N,"UDYAM-KR-03-0106234",\N,\N,\N,\N,"2022-07-13 16:02:56","21",\N,\N,"20","17","KBL","Karnataka Bank","info@kbl.com","1234567890","#13, Bangalore","{\
  ""nameSearchQueries"": [\
    {\
      ""queryDHI"": {\
        ""multi_match"": {\
          ""query"": ""SEARCH_NAME"",\
          ""fields"": [\
            ""name""\
          ],\
          ""type"": ""phrase"",\
          ""analyzer"": ""dhi_term_analyzer"",\
          ""boost"": 10\
        }\
      }\
    }\
  ],\
  ""addressSearchQueries"": [\
    {\
      ""queryDHI"": {\
        ""match"": {\
          ""address"": {\
            ""query"": ""SEARCH_ADDRESS"",\
            ""analyzer"": ""dhi_term_analyzer""\
          }\
        }\
      }\
    }\
  ],\
  ""nameAddressQueries"": [\
    {\
      ""queryDHI"": {\
        ""bool"": {\
          ""must"": [\
            {\
              ""multi_match"": {\
                ""query"": ""SEARCH_NAME"",\
                ""fields"": [\
                  ""name""\
                ],\
                ""type"": ""phrase"",\
                ""analyzer"": ""dhi_term_analyzer"",\
                ""boost"": 10\
              }\
            },\
            {\
              ""multi_match"": {\
                ""query"": ""SEARCH_ADDRESS"",\
                ""type"": ""most_fields"",\
                ""fields"": [\
                  ""address""\
                ],\
                ""analyzer"": ""dhi_term_analyzer"",\
                ""boost"": 2\
              }\
            }\
          ]\
        }\
      }\
    },\
    {\
      ""queryDHI"": {\
        ""bool"": {\
          ""must"": [\
            {\
              ""multi_match"": {\
                ""query"": ""SEARCH_NAME"",\
                ""fields"": [\
                  ""name""\
                ],\
                ""type"": ""phrase"",\
                ""analyzer"": ""dhi_term_analyzer"",\
                ""boost"": 2\
              }\
            },\
            {\
              ""multi_match"": {\
                ""query"": ""SEARCH_ADDRESS"",\
                ""type"": ""most_fields"",\
                ""fields"": [\
                  ""address""\
                ],\
                ""analyzer"": ""dhi_term_analyzer"",\
                ""boost"": 10\
              }\
            }\
          ]\
        }\
      }\
    }\
  ]\
}","2022-04-14 17:34:19","1","2022-06-23 15:23:13","1","18","2"
"303","VJYANR","17","Vijayanagar ","blr.vijayanagar@ktkbank.com","8951914362","Vijayanagar ","1558","17","101","","","29AABCT5589K1ZL","","AABCT5589K",\N,"UDYAM-KR-03-0106234",\N,\N,\N,\N,"2022-07-13 16:02:56","21",\N,\N,"20","17","KBL","Karnataka Bank","info@kbl.com","1234567890","#13, Bangalore","{\
  ""nameSearchQueries"": [\
    {\
      ""queryDHI"": {\
        ""multi_match"": {\
          ""query"": ""SEARCH_NAME"",\
          ""fields"": [\
            ""name""\
          ],\
          ""type"": ""phrase"",\
          ""analyzer"": ""dhi_term_analyzer"",\
          ""boost"": 10\
        }\
      }\
    }\
  ],\
  ""addressSearchQueries"": [\
    {\
      ""queryDHI"": {\
        ""match"": {\
          ""address"": {\
            ""query"": ""SEARCH_ADDRESS"",\
            ""analyzer"": ""dhi_term_analyzer""\
          }\
        }\
      }\
    }\
  ],\
  ""nameAddressQueries"": [\
    {\
      ""queryDHI"": {\
        ""bool"": {\
          ""must"": [\
            {\
              ""multi_match"": {\
                ""query"": ""SEARCH_NAME"",\
                ""fields"": [\
                  ""name""\
                ],\
                ""type"": ""phrase"",\
                ""analyzer"": ""dhi_term_analyzer"",\
                ""boost"": 10\
              }\
            },\
            {\
              ""multi_match"": {\
                ""query"": ""SEARCH_ADDRESS"",\
                ""type"": ""most_fields"",\
                ""fields"": [\
                  ""address""\
                ],\
                ""analyzer"": ""dhi_term_analyzer"",\
                ""boost"": 2\
              }\
            }\
          ]\
        }\
      }\
    },\
    {\
      ""queryDHI"": {\
        ""bool"": {\
          ""must"": [\
            {\
              ""multi_match"": {\
                ""query"": ""SEARCH_NAME"",\
                ""fields"": [\
                  ""name""\
                ],\
                ""type"": ""phrase"",\
                ""analyzer"": ""dhi_term_analyzer"",\
                ""boost"": 2\
              }\
            },\
            {\
              ""multi_match"": {\
                ""query"": ""SEARCH_ADDRESS"",\
                ""type"": ""most_fields"",\
                ""fields"": [\
                  ""address""\
                ],\
                ""analyzer"": ""dhi_term_analyzer"",\
                ""boost"": 10\
              }\
            }\
          ]\
        }\
      }\
    }\
  ]\
}","2022-04-14 17:34:19","1","2022-06-23 15:23:13","1","18","2"
"304","WITEFD","17","White Field ","blr.whitefield@ktkbank.com","7022906066","White Field ","1558","17","101","","","29AABCT5589K1ZL","","AABCT5589K",\N,"UDYAM-KR-03-0106234",\N,\N,\N,\N,"2022-07-13 16:02:56","21",\N,\N,"20","17","KBL","Karnataka Bank","info@kbl.com","1234567890","#13, Bangalore","{\
  ""nameSearchQueries"": [\
    {\
      ""queryDHI"": {\
        ""multi_match"": {\
          ""query"": ""SEARCH_NAME"",\
          ""fields"": [\
            ""name""\
          ],\
          ""type"": ""phrase"",\
          ""analyzer"": ""dhi_term_analyzer"",\
          ""boost"": 10\
        }\
      }\
    }\
  ],\
  ""addressSearchQueries"": [\
    {\
      ""queryDHI"": {\
        ""match"": {\
          ""address"": {\
            ""query"": ""SEARCH_ADDRESS"",\
            ""analyzer"": ""dhi_term_analyzer""\
          }\
        }\
      }\
    }\
  ],\
  ""nameAddressQueries"": [\
    {\
      ""queryDHI"": {\
        ""bool"": {\
          ""must"": [\
            {\
              ""multi_match"": {\
                ""query"": ""SEARCH_NAME"",\
                ""fields"": [\
                  ""name""\
                ],\
                ""type"": ""phrase"",\
                ""analyzer"": ""dhi_term_analyzer"",\
                ""boost"": 10\
              }\
            },\
            {\
              ""multi_match"": {\
                ""query"": ""SEARCH_ADDRESS"",\
                ""type"": ""most_fields"",\
                ""fields"": [\
                  ""address""\
                ],\
                ""analyzer"": ""dhi_term_analyzer"",\
                ""boost"": 2\
              }\
            }\
          ]\
        }\
      }\
    },\
    {\
      ""queryDHI"": {\
        ""bool"": {\
          ""must"": [\
            {\
              ""multi_match"": {\
                ""query"": ""SEARCH_NAME"",\
                ""fields"": [\
                  ""name""\
                ],\
                ""type"": ""phrase"",\
                ""analyzer"": ""dhi_term_analyzer"",\
                ""boost"": 2\
              }\
            },\
            {\
              ""multi_match"": {\
                ""query"": ""SEARCH_ADDRESS"",\
                ""type"": ""most_fields"",\
                ""fields"": [\
                  ""address""\
                ],\
                ""analyzer"": ""dhi_term_analyzer"",\
                ""boost"": 10\
              }\
            }\
          ]\
        }\
      }\
    }\
  ]\
}","2022-04-14 17:34:19","1","2022-06-23 15:23:13","1","18","2"
"305","WILGAR","17","Wilson Garden","blr.wilsongarden@ktkbank.com","9845069955","Wilson Garden","1558","17","101","","","29AABCT5589K1ZL","","AABCT5589K",\N,"UDYAM-KR-03-0106234",\N,\N,\N,\N,"2022-07-13 16:02:56","21",\N,\N,"20","17","KBL","Karnataka Bank","info@kbl.com","1234567890","#13, Bangalore","{\
  ""nameSearchQueries"": [\
    {\
      ""queryDHI"": {\
        ""multi_match"": {\
          ""query"": ""SEARCH_NAME"",\
          ""fields"": [\
            ""name""\
          ],\
          ""type"": ""phrase"",\
          ""analyzer"": ""dhi_term_analyzer"",\
          ""boost"": 10\
        }\
      }\
    }\
  ],\
  ""addressSearchQueries"": [\
    {\
      ""queryDHI"": {\
        ""match"": {\
          ""address"": {\
            ""query"": ""SEARCH_ADDRESS"",\
            ""analyzer"": ""dhi_term_analyzer""\
          }\
        }\
      }\
    }\
  ],\
  ""nameAddressQueries"": [\
    {\
      ""queryDHI"": {\
        ""bool"": {\
          ""must"": [\
            {\
              ""multi_match"": {\
                ""query"": ""SEARCH_NAME"",\
                ""fields"": [\
                  ""name""\
                ],\
                ""type"": ""phrase"",\
                ""analyzer"": ""dhi_term_analyzer"",\
                ""boost"": 10\
              }\
            },\
            {\
              ""multi_match"": {\
                ""query"": ""SEARCH_ADDRESS"",\
                ""type"": ""most_fields"",\
                ""fields"": [\
                  ""address""\
                ],\
                ""analyzer"": ""dhi_term_analyzer"",\
                ""boost"": 2\
              }\
            }\
          ]\
        }\
      }\
    },\
    {\
      ""queryDHI"": {\
        ""bool"": {\
          ""must"": [\
            {\
              ""multi_match"": {\
                ""query"": ""SEARCH_NAME"",\
                ""fields"": [\
                  ""name""\
                ],\
                ""type"": ""phrase"",\
                ""analyzer"": ""dhi_term_analyzer"",\
                ""boost"": 2\
              }\
            },\
            {\
              ""multi_match"": {\
                ""query"": ""SEARCH_ADDRESS"",\
                ""type"": ""most_fields"",\
                ""fields"": [\
                  ""address""\
                ],\
                ""analyzer"": ""dhi_term_analyzer"",\
                ""boost"": 10\
              }\
            }\
          ]\
        }\
      }\
    }\
  ]\
}","2022-04-14 17:34:19","1","2022-06-23 15:23:13","1","18","2"
"306","XPRECL","17","Xpress Cash Loan","digiloan@ktkbank.com","1234567892","Xpress Cash Loan","1558","17","101","","","29AABCT5589K1ZL","","AABCT5589K",\N,"UDYAM-KR-03-0106234",\N,\N,\N,\N,"2022-07-13 16:02:56","21",\N,\N,"20","17","KBL","Karnataka Bank","info@kbl.com","1234567890","#13, Bangalore","{\
  ""nameSearchQueries"": [\
    {\
      ""queryDHI"": {\
        ""multi_match"": {\
          ""query"": ""SEARCH_NAME"",\
          ""fields"": [\
            ""name""\
          ],\
          ""type"": ""phrase"",\
          ""analyzer"": ""dhi_term_analyzer"",\
          ""boost"": 10\
        }\
      }\
    }\
  ],\
  ""addressSearchQueries"": [\
    {\
      ""queryDHI"": {\
        ""match"": {\
          ""address"": {\
            ""query"": ""SEARCH_ADDRESS"",\
            ""analyzer"": ""dhi_term_analyzer""\
          }\
        }\
      }\
    }\
  ],\
  ""nameAddressQueries"": [\
    {\
      ""queryDHI"": {\
        ""bool"": {\
          ""must"": [\
            {\
              ""multi_match"": {\
                ""query"": ""SEARCH_NAME"",\
                ""fields"": [\
                  ""name""\
                ],\
                ""type"": ""phrase"",\
                ""analyzer"": ""dhi_term_analyzer"",\
                ""boost"": 10\
              }\
            },\
            {\
              ""multi_match"": {\
                ""query"": ""SEARCH_ADDRESS"",\
                ""type"": ""most_fields"",\
                ""fields"": [\
                  ""address""\
                ],\
                ""analyzer"": ""dhi_term_analyzer"",\
                ""boost"": 2\
              }\
            }\
          ]\
        }\
      }\
    },\
    {\
      ""queryDHI"": {\
        ""bool"": {\
          ""must"": [\
            {\
              ""multi_match"": {\
                ""query"": ""SEARCH_NAME"",\
                ""fields"": [\
                  ""name""\
                ],\
                ""type"": ""phrase"",\
                ""analyzer"": ""dhi_term_analyzer"",\
                ""boost"": 2\
              }\
            },\
            {\
              ""multi_match"": {\
                ""query"": ""SEARCH_ADDRESS"",\
                ""type"": ""most_fields"",\
                ""fields"": [\
                  ""address""\
                ],\
                ""analyzer"": ""dhi_term_analyzer"",\
                ""boost"": 10\
              }\
            }\
          ]\
        }\
      }\
    }\
  ]\
}","2022-04-14 17:34:19","1","2022-06-23 15:23:13","1","18","2"
"307","YELNTN","17","Yelahanka New Town","blr.yelahankanewtown@ktkbank.com","9449595677","Yelahanka New Town","1558","17","101","","","29AABCT5589K1ZL","","AABCT5589K",\N,"UDYAM-KR-03-0106234",\N,\N,\N,\N,"2022-07-13 16:02:56","21",\N,\N,"20","17","KBL","Karnataka Bank","info@kbl.com","1234567890","#13, Bangalore","{\
  ""nameSearchQueries"": [\
    {\
      ""queryDHI"": {\
        ""multi_match"": {\
          ""query"": ""SEARCH_NAME"",\
          ""fields"": [\
            ""name""\
          ],\
          ""type"": ""phrase"",\
          ""analyzer"": ""dhi_term_analyzer"",\
          ""boost"": 10\
        }\
      }\
    }\
  ],\
  ""addressSearchQueries"": [\
    {\
      ""queryDHI"": {\
        ""match"": {\
          ""address"": {\
            ""query"": ""SEARCH_ADDRESS"",\
            ""analyzer"": ""dhi_term_analyzer""\
          }\
        }\
      }\
    }\
  ],\
  ""nameAddressQueries"": [\
    {\
      ""queryDHI"": {\
        ""bool"": {\
          ""must"": [\
            {\
              ""multi_match"": {\
                ""query"": ""SEARCH_NAME"",\
                ""fields"": [\
                  ""name""\
                ],\
                ""type"": ""phrase"",\
                ""analyzer"": ""dhi_term_analyzer"",\
                ""boost"": 10\
              }\
            },\
            {\
              ""multi_match"": {\
                ""query"": ""SEARCH_ADDRESS"",\
                ""type"": ""most_fields"",\
                ""fields"": [\
                  ""address""\
                ],\
                ""analyzer"": ""dhi_term_analyzer"",\
                ""boost"": 2\
              }\
            }\
          ]\
        }\
      }\
    },\
    {\
      ""queryDHI"": {\
        ""bool"": {\
          ""must"": [\
            {\
              ""multi_match"": {\
                ""query"": ""SEARCH_NAME"",\
                ""fields"": [\
                  ""name""\
                ],\
                ""type"": ""phrase"",\
                ""analyzer"": ""dhi_term_analyzer"",\
                ""boost"": 2\
              }\
            },\
            {\
              ""multi_match"": {\
                ""query"": ""SEARCH_ADDRESS"",\
                ""type"": ""most_fields"",\
                ""fields"": [\
                  ""address""\
                ],\
                ""analyzer"": ""dhi_term_analyzer"",\
                ""boost"": 10\
              }\
            }\
          ]\
        }\
      }\
    }\
  ]\
}","2022-04-14 17:34:19","1","2022-06-23 15:23:13","1","18","2"
"308","YSHWPR","17","Yeshwanthpura","blr.yeshwanthpur@ktkbank.com","9449595668","Yeshwanthpura","1558","17","101","","","29AABCT5589K1ZL","","AABCT5589K",\N,"UDYAM-KR-03-0106234",\N,\N,\N,\N,"2022-07-13 16:02:56","21",\N,\N,"20","17","KBL","Karnataka Bank","info@kbl.com","1234567890","#13, Bangalore","{\
  ""nameSearchQueries"": [\
    {\
      ""queryDHI"": {\
        ""multi_match"": {\
          ""query"": ""SEARCH_NAME"",\
          ""fields"": [\
            ""name""\
          ],\
          ""type"": ""phrase"",\
          ""analyzer"": ""dhi_term_analyzer"",\
          ""boost"": 10\
        }\
      }\
    }\
  ],\
  ""addressSearchQueries"": [\
    {\
      ""queryDHI"": {\
        ""match"": {\
          ""address"": {\
            ""query"": ""SEARCH_ADDRESS"",\
            ""analyzer"": ""dhi_term_analyzer""\
          }\
        }\
      }\
    }\
  ],\
  ""nameAddressQueries"": [\
    {\
      ""queryDHI"": {\
        ""bool"": {\
          ""must"": [\
            {\
              ""multi_match"": {\
                ""query"": ""SEARCH_NAME"",\
                ""fields"": [\
                  ""name""\
                ],\
                ""type"": ""phrase"",\
                ""analyzer"": ""dhi_term_analyzer"",\
                ""boost"": 10\
              }\
            },\
            {\
              ""multi_match"": {\
                ""query"": ""SEARCH_ADDRESS"",\
                ""type"": ""most_fields"",\
                ""fields"": [\
                  ""address""\
                ],\
                ""analyzer"": ""dhi_term_analyzer"",\
                ""boost"": 2\
              }\
            }\
          ]\
        }\
      }\
    },\
    {\
      ""queryDHI"": {\
        ""bool"": {\
          ""must"": [\
            {\
              ""multi_match"": {\
                ""query"": ""SEARCH_NAME"",\
                ""fields"": [\
                  ""name""\
                ],\
                ""type"": ""phrase"",\
                ""analyzer"": ""dhi_term_analyzer"",\
                ""boost"": 2\
              }\
            },\
            {\
              ""multi_match"": {\
                ""query"": ""SEARCH_ADDRESS"",\
                ""type"": ""most_fields"",\
                ""fields"": [\
                  ""address""\
                ],\
                ""analyzer"": ""dhi_term_analyzer"",\
                ""boost"": 10\
              }\
            }\
          ]\
        }\
      }\
    }\
  ]\
}","2022-04-14 17:34:19","1","2022-06-23 15:23:13","1","18","2"
"309","HIGCRT","17","High Court","blr.highcourt@ktkbank.com","8867791647","High Court","1558","17","101","","","29AABCT5589K1ZL","","AABCT5589K",\N,"UDYAM-KR-03-0106234",\N,\N,\N,\N,"2022-07-13 16:02:56","21",\N,\N,"20","17","KBL","Karnataka Bank","info@kbl.com","1234567890","#13, Bangalore","{\
  ""nameSearchQueries"": [\
    {\
      ""queryDHI"": {\
        ""multi_match"": {\
          ""query"": ""SEARCH_NAME"",\
          ""fields"": [\
            ""name""\
          ],\
          ""type"": ""phrase"",\
          ""analyzer"": ""dhi_term_analyzer"",\
          ""boost"": 10\
        }\
      }\
    }\
  ],\
  ""addressSearchQueries"": [\
    {\
      ""queryDHI"": {\
        ""match"": {\
          ""address"": {\
            ""query"": ""SEARCH_ADDRESS"",\
            ""analyzer"": ""dhi_term_analyzer""\
          }\
        }\
      }\
    }\
  ],\
  ""nameAddressQueries"": [\
    {\
      ""queryDHI"": {\
        ""bool"": {\
          ""must"": [\
            {\
              ""multi_match"": {\
                ""query"": ""SEARCH_NAME"",\
                ""fields"": [\
                  ""name""\
                ],\
                ""type"": ""phrase"",\
                ""analyzer"": ""dhi_term_analyzer"",\
                ""boost"": 10\
              }\
            },\
            {\
              ""multi_match"": {\
                ""query"": ""SEARCH_ADDRESS"",\
                ""type"": ""most_fields"",\
                ""fields"": [\
                  ""address""\
                ],\
                ""analyzer"": ""dhi_term_analyzer"",\
                ""boost"": 2\
              }\
            }\
          ]\
        }\
      }\
    },\
    {\
      ""queryDHI"": {\
        ""bool"": {\
          ""must"": [\
            {\
              ""multi_match"": {\
                ""query"": ""SEARCH_NAME"",\
                ""fields"": [\
                  ""name""\
                ],\
                ""type"": ""phrase"",\
                ""analyzer"": ""dhi_term_analyzer"",\
                ""boost"": 2\
              }\
            },\
            {\
              ""multi_match"": {\
                ""query"": ""SEARCH_ADDRESS"",\
                ""type"": ""most_fields"",\
                ""fields"": [\
                  ""address""\
                ],\
                ""analyzer"": ""dhi_term_analyzer"",\
                ""boost"": 10\
              }\
            }\
          ]\
        }\
      }\
    }\
  ]\
}","2022-04-14 17:34:19","1","2022-06-23 15:23:13","1","18","2"
"310","MLMCHL","17","Malamachanahalli ","malamachanahalli@ktkbank.com","8105033336","Malamachanahalli ","1558","17","101","","","29AABCT5589K1ZL","","AABCT5589K",\N,"UDYAM-KR-03-0106234",\N,\N,\N,\N,"2022-07-13 16:02:56","21",\N,\N,"20","17","KBL","Karnataka Bank","info@kbl.com","1234567890","#13, Bangalore","{\
  ""nameSearchQueries"": [\
    {\
      ""queryDHI"": {\
        ""multi_match"": {\
          ""query"": ""SEARCH_NAME"",\
          ""fields"": [\
            ""name""\
          ],\
          ""type"": ""phrase"",\
          ""analyzer"": ""dhi_term_analyzer"",\
          ""boost"": 10\
        }\
      }\
    }\
  ],\
  ""addressSearchQueries"": [\
    {\
      ""queryDHI"": {\
        ""match"": {\
          ""address"": {\
            ""query"": ""SEARCH_ADDRESS"",\
            ""analyzer"": ""dhi_term_analyzer""\
          }\
        }\
      }\
    }\
  ],\
  ""nameAddressQueries"": [\
    {\
      ""queryDHI"": {\
        ""bool"": {\
          ""must"": [\
            {\
              ""multi_match"": {\
                ""query"": ""SEARCH_NAME"",\
                ""fields"": [\
                  ""name""\
                ],\
                ""type"": ""phrase"",\
                ""analyzer"": ""dhi_term_analyzer"",\
                ""boost"": 10\
              }\
            },\
            {\
              ""multi_match"": {\
                ""query"": ""SEARCH_ADDRESS"",\
                ""type"": ""most_fields"",\
                ""fields"": [\
                  ""address""\
                ],\
                ""analyzer"": ""dhi_term_analyzer"",\
                ""boost"": 2\
              }\
            }\
          ]\
        }\
      }\
    },\
    {\
      ""queryDHI"": {\
        ""bool"": {\
          ""must"": [\
            {\
              ""multi_match"": {\
                ""query"": ""SEARCH_NAME"",\
                ""fields"": [\
                  ""name""\
                ],\
                ""type"": ""phrase"",\
                ""analyzer"": ""dhi_term_analyzer"",\
                ""boost"": 2\
              }\
            },\
            {\
              ""multi_match"": {\
                ""query"": ""SEARCH_ADDRESS"",\
                ""type"": ""most_fields"",\
                ""fields"": [\
                  ""address""\
                ],\
                ""analyzer"": ""dhi_term_analyzer"",\
                ""boost"": 10\
              }\
            }\
          ]\
        }\
      }\
    }\
  ]\
}","2022-04-14 17:34:19","1","2022-06-23 15:23:13","1","18","2"
"311","GOLLHL","17","Gollahalli ","thagachaguppe@ktkbank.com","9035098624","Gollahalli ","1558","17","101","","","29AABCT5589K1ZL","","AABCT5589K",\N,"UDYAM-KR-03-0106234",\N,\N,\N,\N,"2022-07-13 16:02:56","21",\N,\N,"20","17","KBL","Karnataka Bank","info@kbl.com","1234567890","#13, Bangalore","{\
  ""nameSearchQueries"": [\
    {\
      ""queryDHI"": {\
        ""multi_match"": {\
          ""query"": ""SEARCH_NAME"",\
          ""fields"": [\
            ""name""\
          ],\
          ""type"": ""phrase"",\
          ""analyzer"": ""dhi_term_analyzer"",\
          ""boost"": 10\
        }\
      }\
    }\
  ],\
  ""addressSearchQueries"": [\
    {\
      ""queryDHI"": {\
        ""match"": {\
          ""address"": {\
            ""query"": ""SEARCH_ADDRESS"",\
            ""analyzer"": ""dhi_term_analyzer""\
          }\
        }\
      }\
    }\
  ],\
  ""nameAddressQueries"": [\
    {\
      ""queryDHI"": {\
        ""bool"": {\
          ""must"": [\
            {\
              ""multi_match"": {\
                ""query"": ""SEARCH_NAME"",\
                ""fields"": [\
                  ""name""\
                ],\
                ""type"": ""phrase"",\
                ""analyzer"": ""dhi_term_analyzer"",\
                ""boost"": 10\
              }\
            },\
            {\
              ""multi_match"": {\
                ""query"": ""SEARCH_ADDRESS"",\
                ""type"": ""most_fields"",\
                ""fields"": [\
                  ""address""\
                ],\
                ""analyzer"": ""dhi_term_analyzer"",\
                ""boost"": 2\
              }\
            }\
          ]\
        }\
      }\
    },\
    {\
      ""queryDHI"": {\
        ""bool"": {\
          ""must"": [\
            {\
              ""multi_match"": {\
                ""query"": ""SEARCH_NAME"",\
                ""fields"": [\
                  ""name""\
                ],\
                ""type"": ""phrase"",\
                ""analyzer"": ""dhi_term_analyzer"",\
                ""boost"": 2\
              }\
            },\
            {\
              ""multi_match"": {\
                ""query"": ""SEARCH_ADDRESS"",\
                ""type"": ""most_fields"",\
                ""fields"": [\
                  ""address""\
                ],\
                ""analyzer"": ""dhi_term_analyzer"",\
                ""boost"": 10\
              }\
            }\
          ]\
        }\
      }\
    }\
  ]\
}","2022-04-14 17:34:19","1","2022-06-23 15:23:13","1","18","2"
"312","KARKAL","17","Karkala","karkala@ktkbank.com","9449595471","Karkala","1558","17","101","","","29AABCT5589K1ZL","","AABCT5589K",\N,"UDYAM-KR-03-0106234",\N,\N,\N,\N,"2022-07-13 16:02:56","21",\N,\N,"20","17","KBL","Karnataka Bank","info@kbl.com","1234567890","#13, Bangalore","{\
  ""nameSearchQueries"": [\
    {\
      ""queryDHI"": {\
        ""multi_match"": {\
          ""query"": ""SEARCH_NAME"",\
          ""fields"": [\
            ""name""\
          ],\
          ""type"": ""phrase"",\
          ""analyzer"": ""dhi_term_analyzer"",\
          ""boost"": 10\
        }\
      }\
    }\
  ],\
  ""addressSearchQueries"": [\
    {\
      ""queryDHI"": {\
        ""match"": {\
          ""address"": {\
            ""query"": ""SEARCH_ADDRESS"",\
            ""analyzer"": ""dhi_term_analyzer""\
          }\
        }\
      }\
    }\
  ],\
  ""nameAddressQueries"": [\
    {\
      ""queryDHI"": {\
        ""bool"": {\
          ""must"": [\
            {\
              ""multi_match"": {\
                ""query"": ""SEARCH_NAME"",\
                ""fields"": [\
                  ""name""\
                ],\
                ""type"": ""phrase"",\
                ""analyzer"": ""dhi_term_analyzer"",\
                ""boost"": 10\
              }\
            },\
            {\
              ""multi_match"": {\
                ""query"": ""SEARCH_ADDRESS"",\
                ""type"": ""most_fields"",\
                ""fields"": [\
                  ""address""\
                ],\
                ""analyzer"": ""dhi_term_analyzer"",\
                ""boost"": 2\
              }\
            }\
          ]\
        }\
      }\
    },\
    {\
      ""queryDHI"": {\
        ""bool"": {\
          ""must"": [\
            {\
              ""multi_match"": {\
                ""query"": ""SEARCH_NAME"",\
                ""fields"": [\
                  ""name""\
                ],\
                ""type"": ""phrase"",\
                ""analyzer"": ""dhi_term_analyzer"",\
                ""boost"": 2\
              }\
            },\
            {\
              ""multi_match"": {\
                ""query"": ""SEARCH_ADDRESS"",\
                ""type"": ""most_fields"",\
                ""fields"": [\
                  ""address""\
                ],\
                ""analyzer"": ""dhi_term_analyzer"",\
                ""boost"": 10\
              }\
            }\
          ]\
        }\
      }\
    }\
  ]\
}","2022-04-14 17:34:19","1","2022-06-23 15:23:13","1","18","2"
"313","KOTNUR","17","Kothanur","blr.kothanur@ktkbank.com","9900162526","Kothanur","1558","17","101","","","29AABCT5589K1ZL","","AABCT5589K",\N,"UDYAM-KR-03-0106234",\N,\N,\N,\N,"2022-07-13 16:02:56","21",\N,\N,"20","17","KBL","Karnataka Bank","info@kbl.com","1234567890","#13, Bangalore","{\
  ""nameSearchQueries"": [\
    {\
      ""queryDHI"": {\
        ""multi_match"": {\
          ""query"": ""SEARCH_NAME"",\
          ""fields"": [\
            ""name""\
          ],\
          ""type"": ""phrase"",\
          ""analyzer"": ""dhi_term_analyzer"",\
          ""boost"": 10\
        }\
      }\
    }\
  ],\
  ""addressSearchQueries"": [\
    {\
      ""queryDHI"": {\
        ""match"": {\
          ""address"": {\
            ""query"": ""SEARCH_ADDRESS"",\
            ""analyzer"": ""dhi_term_analyzer""\
          }\
        }\
      }\
    }\
  ],\
  ""nameAddressQueries"": [\
    {\
      ""queryDHI"": {\
        ""bool"": {\
          ""must"": [\
            {\
              ""multi_match"": {\
                ""query"": ""SEARCH_NAME"",\
                ""fields"": [\
                  ""name""\
                ],\
                ""type"": ""phrase"",\
                ""analyzer"": ""dhi_term_analyzer"",\
                ""boost"": 10\
              }\
            },\
            {\
              ""multi_match"": {\
                ""query"": ""SEARCH_ADDRESS"",\
                ""type"": ""most_fields"",\
                ""fields"": [\
                  ""address""\
                ],\
                ""analyzer"": ""dhi_term_analyzer"",\
                ""boost"": 2\
              }\
            }\
          ]\
        }\
      }\
    },\
    {\
      ""queryDHI"": {\
        ""bool"": {\
          ""must"": [\
            {\
              ""multi_match"": {\
                ""query"": ""SEARCH_NAME"",\
                ""fields"": [\
                  ""name""\
                ],\
                ""type"": ""phrase"",\
                ""analyzer"": ""dhi_term_analyzer"",\
                ""boost"": 2\
              }\
            },\
            {\
              ""multi_match"": {\
                ""query"": ""SEARCH_ADDRESS"",\
                ""type"": ""most_fields"",\
                ""fields"": [\
                  ""address""\
                ],\
                ""analyzer"": ""dhi_term_analyzer"",\
                ""boost"": 10\
              }\
            }\
          ]\
        }\
      }\
    }\
  ]\
}","2022-04-14 17:34:19","1","2022-06-23 15:23:13","1","18","2"
"314","MUDHOL","17","Mudhol","528@ktkbank.com","9449595697","Mudhol","1558","17","101","","","29AABCT5589K1ZL","","AABCT5589K",\N,"UDYAM-KR-03-0106234",\N,\N,\N,\N,"2022-07-13 16:02:56","21",\N,\N,"20","17","KBL","Karnataka Bank","info@kbl.com","1234567890","#13, Bangalore","{\
  ""nameSearchQueries"": [\
    {\
      ""queryDHI"": {\
        ""multi_match"": {\
          ""query"": ""SEARCH_NAME"",\
          ""fields"": [\
            ""name""\
          ],\
          ""type"": ""phrase"",\
          ""analyzer"": ""dhi_term_analyzer"",\
          ""boost"": 10\
        }\
      }\
    }\
  ],\
  ""addressSearchQueries"": [\
    {\
      ""queryDHI"": {\
        ""match"": {\
          ""address"": {\
            ""query"": ""SEARCH_ADDRESS"",\
            ""analyzer"": ""dhi_term_analyzer""\
          }\
        }\
      }\
    }\
  ],\
  ""nameAddressQueries"": [\
    {\
      ""queryDHI"": {\
        ""bool"": {\
          ""must"": [\
            {\
              ""multi_match"": {\
                ""query"": ""SEARCH_NAME"",\
                ""fields"": [\
                  ""name""\
                ],\
                ""type"": ""phrase"",\
                ""analyzer"": ""dhi_term_analyzer"",\
                ""boost"": 10\
              }\
            },\
            {\
              ""multi_match"": {\
                ""query"": ""SEARCH_ADDRESS"",\
                ""type"": ""most_fields"",\
                ""fields"": [\
                  ""address""\
                ],\
                ""analyzer"": ""dhi_term_analyzer"",\
                ""boost"": 2\
              }\
            }\
          ]\
        }\
      }\
    },\
    {\
      ""queryDHI"": {\
        ""bool"": {\
          ""must"": [\
            {\
              ""multi_match"": {\
                ""query"": ""SEARCH_NAME"",\
                ""fields"": [\
                  ""name""\
                ],\
                ""type"": ""phrase"",\
                ""analyzer"": ""dhi_term_analyzer"",\
                ""boost"": 2\
              }\
            },\
            {\
              ""multi_match"": {\
                ""query"": ""SEARCH_ADDRESS"",\
                ""type"": ""most_fields"",\
                ""fields"": [\
                  ""address""\
                ],\
                ""analyzer"": ""dhi_term_analyzer"",\
                ""boost"": 10\
              }\
            }\
          ]\
        }\
      }\
    }\
  ]\
}","2022-04-14 17:34:19","1","2022-06-23 15:23:13","1","18","2"
"315","SINGPR","17","Singapura","244@ktkbank.com","8867791649","Singapura","1558","17","101","","","29AABCT5589K1ZL","","AABCT5589K",\N,"UDYAM-KR-03-0106234",\N,\N,\N,\N,"2022-07-13 16:02:56","21",\N,\N,"20","17","KBL","Karnataka Bank","info@kbl.com","1234567890","#13, Bangalore","{\
  ""nameSearchQueries"": [\
    {\
      ""queryDHI"": {\
        ""multi_match"": {\
          ""query"": ""SEARCH_NAME"",\
          ""fields"": [\
            ""name""\
          ],\
          ""type"": ""phrase"",\
          ""analyzer"": ""dhi_term_analyzer"",\
          ""boost"": 10\
        }\
      }\
    }\
  ],\
  ""addressSearchQueries"": [\
    {\
      ""queryDHI"": {\
        ""match"": {\
          ""address"": {\
            ""query"": ""SEARCH_ADDRESS"",\
            ""analyzer"": ""dhi_term_analyzer""\
          }\
        }\
      }\
    }\
  ],\
  ""nameAddressQueries"": [\
    {\
      ""queryDHI"": {\
        ""bool"": {\
          ""must"": [\
            {\
              ""multi_match"": {\
                ""query"": ""SEARCH_NAME"",\
                ""fields"": [\
                  ""name""\
                ],\
                ""type"": ""phrase"",\
                ""analyzer"": ""dhi_term_analyzer"",\
                ""boost"": 10\
              }\
            },\
            {\
              ""multi_match"": {\
                ""query"": ""SEARCH_ADDRESS"",\
                ""type"": ""most_fields"",\
                ""fields"": [\
                  ""address""\
                ],\
                ""analyzer"": ""dhi_term_analyzer"",\
                ""boost"": 2\
              }\
            }\
          ]\
        }\
      }\
    },\
    {\
      ""queryDHI"": {\
        ""bool"": {\
          ""must"": [\
            {\
              ""multi_match"": {\
                ""query"": ""SEARCH_NAME"",\
                ""fields"": [\
                  ""name""\
                ],\
                ""type"": ""phrase"",\
                ""analyzer"": ""dhi_term_analyzer"",\
                ""boost"": 2\
              }\
            },\
            {\
              ""multi_match"": {\
                ""query"": ""SEARCH_ADDRESS"",\
                ""type"": ""most_fields"",\
                ""fields"": [\
                  ""address""\
                ],\
                ""analyzer"": ""dhi_term_analyzer"",\
                ""boost"": 10\
              }\
            }\
          ]\
        }\
      }\
    }\
  ]\
}","2022-04-14 17:34:19","1","2022-06-23 15:23:13","1","18","2"
"316","CHNDPR","17","Chandapura","chandapura@ktkbank.com","9611117219","Chandapura","1558","17","101","","","29AABCT5589K1ZL","","AABCT5589K",\N,"UDYAM-KR-03-0106234",\N,\N,\N,\N,"2022-07-13 16:02:56","21",\N,\N,"20","17","KBL","Karnataka Bank","info@kbl.com","1234567890","#13, Bangalore","{\
  ""nameSearchQueries"": [\
    {\
      ""queryDHI"": {\
        ""multi_match"": {\
          ""query"": ""SEARCH_NAME"",\
          ""fields"": [\
            ""name""\
          ],\
          ""type"": ""phrase"",\
          ""analyzer"": ""dhi_term_analyzer"",\
          ""boost"": 10\
        }\
      }\
    }\
  ],\
  ""addressSearchQueries"": [\
    {\
      ""queryDHI"": {\
        ""match"": {\
          ""address"": {\
            ""query"": ""SEARCH_ADDRESS"",\
            ""analyzer"": ""dhi_term_analyzer""\
          }\
        }\
      }\
    }\
  ],\
  ""nameAddressQueries"": [\
    {\
      ""queryDHI"": {\
        ""bool"": {\
          ""must"": [\
            {\
              ""multi_match"": {\
                ""query"": ""SEARCH_NAME"",\
                ""fields"": [\
                  ""name""\
                ],\
                ""type"": ""phrase"",\
                ""analyzer"": ""dhi_term_analyzer"",\
                ""boost"": 10\
              }\
            },\
            {\
              ""multi_match"": {\
                ""query"": ""SEARCH_ADDRESS"",\
                ""type"": ""most_fields"",\
                ""fields"": [\
                  ""address""\
                ],\
                ""analyzer"": ""dhi_term_analyzer"",\
                ""boost"": 2\
              }\
            }\
          ]\
        }\
      }\
    },\
    {\
      ""queryDHI"": {\
        ""bool"": {\
          ""must"": [\
            {\
              ""multi_match"": {\
                ""query"": ""SEARCH_NAME"",\
                ""fields"": [\
                  ""name""\
                ],\
                ""type"": ""phrase"",\
                ""analyzer"": ""dhi_term_analyzer"",\
                ""boost"": 2\
              }\
            },\
            {\
              ""multi_match"": {\
                ""query"": ""SEARCH_ADDRESS"",\
                ""type"": ""most_fields"",\
                ""fields"": [\
                  ""address""\
                ],\
                ""analyzer"": ""dhi_term_analyzer"",\
                ""boost"": 10\
              }\
            }\
          ]\
        }\
      }\
    }\
  ]\
}","2022-04-14 17:34:19","1","2022-06-23 15:23:13","1","18","2"
"317","ROSAOF","17","RO Sales officer","rlpc.blr.retail@ktkbank.com","9738218384","Sales officer","1558","17","101","","","29AABCT5589K1ZL","","AABCT5589K",\N,"UDYAM-KR-03-0106234",\N,\N,\N,\N,"2022-07-13 16:02:56","21",\N,\N,"20","17","KBL","Karnataka Bank","info@kbl.com","1234567890","#13, Bangalore","{\
  ""nameSearchQueries"": [\
    {\
      ""queryDHI"": {\
        ""multi_match"": {\
          ""query"": ""SEARCH_NAME"",\
          ""fields"": [\
            ""name""\
          ],\
          ""type"": ""phrase"",\
          ""analyzer"": ""dhi_term_analyzer"",\
          ""boost"": 10\
        }\
      }\
    }\
  ],\
  ""addressSearchQueries"": [\
    {\
      ""queryDHI"": {\
        ""match"": {\
          ""address"": {\
            ""query"": ""SEARCH_ADDRESS"",\
            ""analyzer"": ""dhi_term_analyzer""\
          }\
        }\
      }\
    }\
  ],\
  ""nameAddressQueries"": [\
    {\
      ""queryDHI"": {\
        ""bool"": {\
          ""must"": [\
            {\
              ""multi_match"": {\
                ""query"": ""SEARCH_NAME"",\
                ""fields"": [\
                  ""name""\
                ],\
                ""type"": ""phrase"",\
                ""analyzer"": ""dhi_term_analyzer"",\
                ""boost"": 10\
              }\
            },\
            {\
              ""multi_match"": {\
                ""query"": ""SEARCH_ADDRESS"",\
                ""type"": ""most_fields"",\
                ""fields"": [\
                  ""address""\
                ],\
                ""analyzer"": ""dhi_term_analyzer"",\
                ""boost"": 2\
              }\
            }\
          ]\
        }\
      }\
    },\
    {\
      ""queryDHI"": {\
        ""bool"": {\
          ""must"": [\
            {\
              ""multi_match"": {\
                ""query"": ""SEARCH_NAME"",\
                ""fields"": [\
                  ""name""\
                ],\
                ""type"": ""phrase"",\
                ""analyzer"": ""dhi_term_analyzer"",\
                ""boost"": 2\
              }\
            },\
            {\
              ""multi_match"": {\
                ""query"": ""SEARCH_ADDRESS"",\
                ""type"": ""most_fields"",\
                ""fields"": [\
                  ""address""\
                ],\
                ""analyzer"": ""dhi_term_analyzer"",\
                ""boost"": 10\
              }\
            }\
          ]\
        }\
      }\
    }\
  ]\
}","2022-04-14 17:34:19","1","2022-06-23 15:23:13","1","18","2"
"318","BANHIL","17","Banjara Hills","329@ktkbank.com","9985388044","Banjara Hills","1558","17","101","","","36AABCT5589K1ZQ","","AABCT5589K",\N,"UDYAM-KR-03-0106234",\N,\N,\N,\N,"2022-07-13 16:02:56","21",\N,\N,"20","17","KBL","Karnataka Bank","info@kbl.com","1234567890","#13, Bangalore","{\
  ""nameSearchQueries"": [\
    {\
      ""queryDHI"": {\
        ""multi_match"": {\
          ""query"": ""SEARCH_NAME"",\
          ""fields"": [\
            ""name""\
          ],\
          ""type"": ""phrase"",\
          ""analyzer"": ""dhi_term_analyzer"",\
          ""boost"": 10\
        }\
      }\
    }\
  ],\
  ""addressSearchQueries"": [\
    {\
      ""queryDHI"": {\
        ""match"": {\
          ""address"": {\
            ""query"": ""SEARCH_ADDRESS"",\
            ""analyzer"": ""dhi_term_analyzer""\
          }\
        }\
      }\
    }\
  ],\
  ""nameAddressQueries"": [\
    {\
      ""queryDHI"": {\
        ""bool"": {\
          ""must"": [\
            {\
              ""multi_match"": {\
                ""query"": ""SEARCH_NAME"",\
                ""fields"": [\
                  ""name""\
                ],\
                ""type"": ""phrase"",\
                ""analyzer"": ""dhi_term_analyzer"",\
                ""boost"": 10\
              }\
            },\
            {\
              ""multi_match"": {\
                ""query"": ""SEARCH_ADDRESS"",\
                ""type"": ""most_fields"",\
                ""fields"": [\
                  ""address""\
                ],\
                ""analyzer"": ""dhi_term_analyzer"",\
                ""boost"": 2\
              }\
            }\
          ]\
        }\
      }\
    },\
    {\
      ""queryDHI"": {\
        ""bool"": {\
          ""must"": [\
            {\
              ""multi_match"": {\
                ""query"": ""SEARCH_NAME"",\
                ""fields"": [\
                  ""name""\
                ],\
                ""type"": ""phrase"",\
                ""analyzer"": ""dhi_term_analyzer"",\
                ""boost"": 2\
              }\
            },\
            {\
              ""multi_match"": {\
                ""query"": ""SEARCH_ADDRESS"",\
                ""type"": ""most_fields"",\
                ""fields"": [\
                  ""address""\
                ],\
                ""analyzer"": ""dhi_term_analyzer"",\
                ""boost"": 10\
              }\
            }\
          ]\
        }\
      }\
    }\
  ]\
}","2022-04-14 17:34:19","1","2022-06-23 15:23:13","1","18","2"
"365","KONKUT","17","Konankunte","231@ktkbank.com","99013 36622","Konankunte","1558","17","101","560001","29AABCT5589K1ZL","","AABCT5589K",\N,\N,\N,\N,\N,\N,\N,"2022-07-19 10:41:21","21",\N,\N,"20","17","KBL","Karnataka Bank","info@kbl.com","1234567890","#13, Bangalore","{\
  ""nameSearchQueries"": [\
    {\
      ""queryDHI"": {\
        ""multi_match"": {\
          ""query"": ""SEARCH_NAME"",\
          ""fields"": [\
            ""name""\
          ],\
          ""type"": ""phrase"",\
          ""analyzer"": ""dhi_term_analyzer"",\
          ""boost"": 10\
        }\
      }\
    }\
  ],\
  ""addressSearchQueries"": [\
    {\
      ""queryDHI"": {\
        ""match"": {\
          ""address"": {\
            ""query"": ""SEARCH_ADDRESS"",\
            ""analyzer"": ""dhi_term_analyzer""\
          }\
        }\
      }\
    }\
  ],\
  ""nameAddressQueries"": [\
    {\
      ""queryDHI"": {\
        ""bool"": {\
          ""must"": [\
            {\
              ""multi_match"": {\
                ""query"": ""SEARCH_NAME"",\
                ""fields"": [\
                  ""name""\
                ],\
                ""type"": ""phrase"",\
                ""analyzer"": ""dhi_term_analyzer"",\
                ""boost"": 10\
              }\
            },\
            {\
              ""multi_match"": {\
                ""query"": ""SEARCH_ADDRESS"",\
                ""type"": ""most_fields"",\
                ""fields"": [\
                  ""address""\
                ],\
                ""analyzer"": ""dhi_term_analyzer"",\
                ""boost"": 2\
              }\
            }\
          ]\
        }\
      }\
    },\
    {\
      ""queryDHI"": {\
        ""bool"": {\
          ""must"": [\
            {\
              ""multi_match"": {\
                ""query"": ""SEARCH_NAME"",\
                ""fields"": [\
                  ""name""\
                ],\
                ""type"": ""phrase"",\
                ""analyzer"": ""dhi_term_analyzer"",\
                ""boost"": 2\
              }\
            },\
            {\
              ""multi_match"": {\
                ""query"": ""SEARCH_ADDRESS"",\
                ""type"": ""most_fields"",\
                ""fields"": [\
                  ""address""\
                ],\
                ""analyzer"": ""dhi_term_analyzer"",\
                ""boost"": 10\
              }\
            }\
          ]\
        }\
      }\
    }\
  ]\
}","2022-04-14 17:34:19","1","2022-06-23 15:23:13","1","18","2"
"368","HULMAV","17","Hulimavu","blr.hulimavu@ktkbank.com","8867841925","Hulimavu,bangalore","1558","17","101","123456","29AABCT5589K1ZL","","AABCT5589K",\N,\N,\N,\N,\N,\N,\N,"2022-07-21 16:36:09","21",\N,\N,"20","17","KBL","Karnataka Bank","info@kbl.com","1234567890","#13, Bangalore","{\
  ""nameSearchQueries"": [\
    {\
      ""queryDHI"": {\
        ""multi_match"": {\
          ""query"": ""SEARCH_NAME"",\
          ""fields"": [\
            ""name""\
          ],\
          ""type"": ""phrase"",\
          ""analyzer"": ""dhi_term_analyzer"",\
          ""boost"": 10\
        }\
      }\
    }\
  ],\
  ""addressSearchQueries"": [\
    {\
      ""queryDHI"": {\
        ""match"": {\
          ""address"": {\
            ""query"": ""SEARCH_ADDRESS"",\
            ""analyzer"": ""dhi_term_analyzer""\
          }\
        }\
      }\
    }\
  ],\
  ""nameAddressQueries"": [\
    {\
      ""queryDHI"": {\
        ""bool"": {\
          ""must"": [\
            {\
              ""multi_match"": {\
                ""query"": ""SEARCH_NAME"",\
                ""fields"": [\
                  ""name""\
                ],\
                ""type"": ""phrase"",\
                ""analyzer"": ""dhi_term_analyzer"",\
                ""boost"": 10\
              }\
            },\
            {\
              ""multi_match"": {\
                ""query"": ""SEARCH_ADDRESS"",\
                ""type"": ""most_fields"",\
                ""fields"": [\
                  ""address""\
                ],\
                ""analyzer"": ""dhi_term_analyzer"",\
                ""boost"": 2\
              }\
            }\
          ]\
        }\
      }\
    },\
    {\
      ""queryDHI"": {\
        ""bool"": {\
          ""must"": [\
            {\
              ""multi_match"": {\
                ""query"": ""SEARCH_NAME"",\
                ""fields"": [\
                  ""name""\
                ],\
                ""type"": ""phrase"",\
                ""analyzer"": ""dhi_term_analyzer"",\
                ""boost"": 2\
              }\
            },\
            {\
              ""multi_match"": {\
                ""query"": ""SEARCH_ADDRESS"",\
                ""type"": ""most_fields"",\
                ""fields"": [\
                  ""address""\
                ],\
                ""analyzer"": ""dhi_term_analyzer"",\
                ""boost"": 10\
              }\
            }\
          ]\
        }\
      }\
    }\
  ]\
}","2022-04-14 17:34:19","1","2022-06-23 15:23:13","1","18","2"
"378","ANANTR","17","Ananthapura","025@ktkbank.com","8547446821","Ananthapura,Bangalore","19","2","101","560001","29AABCT5589K1ZL","","AABCT5589K",\N,\N,\N,\N,\N,\N,\N,"2022-08-23 11:21:38","21",\N,\N,"20","17","KBL","Karnataka Bank","info@kbl.com","1234567890","#13, Bangalore","{\
  ""nameSearchQueries"": [\
    {\
      ""queryDHI"": {\
        ""multi_match"": {\
          ""query"": ""SEARCH_NAME"",\
          ""fields"": [\
            ""name""\
          ],\
          ""type"": ""phrase"",\
          ""analyzer"": ""dhi_term_analyzer"",\
          ""boost"": 10\
        }\
      }\
    }\
  ],\
  ""addressSearchQueries"": [\
    {\
      ""queryDHI"": {\
        ""match"": {\
          ""address"": {\
            ""query"": ""SEARCH_ADDRESS"",\
            ""analyzer"": ""dhi_term_analyzer""\
          }\
        }\
      }\
    }\
  ],\
  ""nameAddressQueries"": [\
    {\
      ""queryDHI"": {\
        ""bool"": {\
          ""must"": [\
            {\
              ""multi_match"": {\
                ""query"": ""SEARCH_NAME"",\
                ""fields"": [\
                  ""name""\
                ],\
                ""type"": ""phrase"",\
                ""analyzer"": ""dhi_term_analyzer"",\
                ""boost"": 10\
              }\
            },\
            {\
              ""multi_match"": {\
                ""query"": ""SEARCH_ADDRESS"",\
                ""type"": ""most_fields"",\
                ""fields"": [\
                  ""address""\
                ],\
                ""analyzer"": ""dhi_term_analyzer"",\
                ""boost"": 2\
              }\
            }\
          ]\
        }\
      }\
    },\
    {\
      ""queryDHI"": {\
        ""bool"": {\
          ""must"": [\
            {\
              ""multi_match"": {\
                ""query"": ""SEARCH_NAME"",\
                ""fields"": [\
                  ""name""\
                ],\
                ""type"": ""phrase"",\
                ""analyzer"": ""dhi_term_analyzer"",\
                ""boost"": 2\
              }\
            },\
            {\
              ""multi_match"": {\
                ""query"": ""SEARCH_ADDRESS"",\
                ""type"": ""most_fields"",\
                ""fields"": [\
                  ""address""\
                ],\
                ""analyzer"": ""dhi_term_analyzer"",\
                ""boost"": 10\
              }\
            }\
          ]\
        }\
      }\
    }\
  ]\
}","2022-04-14 17:34:19","1","2022-06-23 15:23:13","1","18","2"
"352","DEVNHL","18","Devanahalli","vjdeba@bankofbaroda.co.in","9014805259","Devanahalli","1558","17","101","","","29AAACB1534F3Z0","","AACB1534F",\N,"UDYAM-KR-03-0106234",\N,\N,\N,\N,"2022-07-13 16:02:57","21",\N,\N,"20","18","BOB","Bank of Baroda","info@bob.com","1234567890","Hebbal, Bangalore",\N,"2022-06-14 12:08:55","1","2022-07-13 17:05:01","14","18","2"
"353","MAALUR","18","Malur","vjmalu@bankofbaroda.com","63644 59581","Malur","1722","17","101","","","29AAACB1534F3Z0","","AACB1534F",\N,"UDYAM-KR-03-0106234",\N,\N,\N,\N,"2022-07-13 16:02:57","21",\N,\N,"20","18","BOB","Bank of Baroda","info@bob.com","1234567890","Hebbal, Bangalore",\N,"2022-06-14 12:08:55","1","2022-07-13 17:05:01","14","18","2"
"354","MARTHL","18","Marathahalli","vjmabl@bankofbaroda.com","94810 63259","Marathahalli","1558","17","101","","","29AAACB1534F3Z0","","AACB1534F",\N,"UDYAM-KR-03-0106234",\N,\N,\N,\N,"2022-07-13 16:02:57","21",\N,\N,"20","18","BOB","Bank of Baroda","info@bob.com","1234567890","Hebbal, Bangalore",\N,"2022-06-14 12:08:55","1","2022-07-13 17:05:01","14","18","2"
"355","TUMKUR","18","Tumkur","vjtumk@bankofbaroda.com","74063 91507","Tumkur","1827","17","101","","","29AAACB1534F3Z0","","AACB1534F",\N,"UDYAM-KR-03-0106234",\N,\N,\N,\N,"2022-07-13 16:02:57","21",\N,\N,"20","18","BOB","Bank of Baroda","info@bob.com","1234567890","Hebbal, Bangalore",\N,"2022-06-14 12:08:55","1","2022-07-13 17:05:01","14","18","2"
"356","VDYRPR","18","Vidyaranyapura","vjvipu@bankofbaroda.com","99108 71645","Vidyaranyapura","1558","17","101","","","29AAACB1534F3Z0","","AACB1534F",\N,"UDYAM-KR-03-0106234",\N,\N,\N,\N,"2022-07-13 16:02:57","21",\N,\N,"20","18","BOB","Bank of Baroda","info@bob.com","1234567890","Hebbal, Bangalore",\N,"2022-06-14 12:08:55","1","2022-07-13 17:05:01","14","18","2"
"357","KOLAAR","18","Kolar","kolar@bankofbaroda.com","96324 63828","Kolar","1678","17","101","","","29AAACB1534F3Z0","","AACB1534F",\N,"UDYAM-KR-03-0106234",\N,\N,\N,\N,"2022-07-13 16:02:57","21",\N,\N,"20","18","BOB","Bank of Baroda","info@bob.com","1234567890","Hebbal, Bangalore",\N,"2022-06-14 12:08:55","1","2022-07-13 17:05:01","14","18","2"
"1050","BOB-ALI","18","BOB-Alipura","alibar@bankofbaroda.com","",": I K MAIN ROAD , ALIPUR,GOURIBIDANUR TALUK , CHIKKABALLAPUR DIST , ALIPUR BENGALURU RURAL","0","17","101","561213","29AAACB1534F3Z0","","AAACB1534F",\N,\N,\N,\N,\N,\N,"bob","2026-07-16 16:20:19","113",\N,\N,"20","18","BOB","Bank of Baroda","info@bob.com","1234567890","Hebbal, Bangalore",\N,"2022-06-14 12:08:55","1","2022-07-13 17:05:01","14","18","2"
"1051","BOB-BUD","18","BOB-Budigere","alibar@bankofbaroda.com","","No. 433, E DENA BANK, Main Road, BUDIGERE,  Devanahalli Taluk, Sulibele,  BENGALURU RURAL","0","17","101","562129","29AAACB1534F3Z0","","AAACB1534F",\N,\N,\N,\N,\N,\N,"bob","2026-07-16 16:20:19","113",\N,\N,"20","18","BOB","Bank of Baroda","info@bob.com","1234567890","Hebbal, Bangalore",\N,"2022-06-14 12:08:55","1","2022-07-13 17:05:01","14","18","2"
"1052","BOB-DAB","18","BOB-Dabaspete","VJDABA@bankofbaroda.com","","Dabaspete Branch Tumukur","0","17","101","562111","29AAACB1534F3Z0","","AAACB1534F",\N,\N,\N,\N,\N,\N,"bob","2026-07-16 16:20:19","113",\N,\N,"20","18","BOB","Bank of Baroda","info@bob.com","1234567890","Hebbal, Bangalore",\N,"2022-06-14 12:08:55","1","2022-07-13 17:05:01","14","18","2"
"1053","BOB-DEV","18","BOB-Devarayanasamudra","vjdeko@bankofbaroda.com","","Devarayasamudra , Mulbagal Taluk , Kolar District  Kolar","0","17","101","563127","29AAACB1534F3Z0","","AAACB1534F",\N,\N,\N,\N,\N,\N,"bob","2026-07-16 16:20:19","113",\N,\N,"20","18","BOB","Bank of Baroda","info@bob.com","1234567890","Hebbal, Bangalore",\N,"2022-06-14 12:08:55","1","2022-07-13 17:05:01","14","18","2"
"1054","BOB-KOL","18","BOB-Kolar","kolar@bankofbaroda.com","","1 Cross,brahim Street,opp. Ksrtc Bus Stand,kolar Kolar","0","17","101","563101","29AAACB1534F3Z0","","AAACB1534F",\N,\N,\N,\N,\N,\N,"bob","2026-07-16 16:20:19","113",\N,\N,"20","18","BOB","Bank of Baroda","info@bob.com","1234567890","Hebbal, Bangalore",\N,"2022-06-14 12:08:55","1","2022-07-13 17:05:01","14","18","2"
"1055","BOB-MAL","18","BOB-Malur","vjmalu@bankofbaroda.com","","Nanjundeshwara Complex , 1st Floor,kolar Road , Malur Kolar","0","17","101","563130","29AAACB1534F3Z0","","AAACB1534F",\N,\N,\N,\N,\N,\N,"bob","2026-07-16 16:20:19","113",\N,\N,"20","18","BOB","Bank of Baroda","info@bob.com","1234567890","Hebbal, Bangalore",\N,"2022-06-14 12:08:55","1","2022-07-13 17:05:01","14","18","2"
"1056","BOB-NAR","18","BOB-Narasapura","narkol@bankofbaroda.com","","KHATA NO 310, GROUND FLOOR JODIKRISHNAPURA, INDUSTRIAL AREA, NARSAPUR Kolar","0","17","101","563133","29AAACB1534F3Z0","","AAACB1534F",\N,\N,\N,\N,\N,\N,"bob","2026-07-16 16:20:19","113",\N,\N,"20","18","BOB","Bank of Baroda","info@bob.com","1234567890","Hebbal, Bangalore",\N,"2022-06-14 12:08:55","1","2022-07-13 17:05:01","14","18","2"
"1057","BOB-NEL","18","BOB-Nelamangala  Nelama","nelama@bankofbaroda.com","","E DENA BANK, WEAVERS COLONY BUS STOP, NR CHENNAPPA BADAVANE, NELAMANGALA RURAL BENGALURU RURAL","0","17","101","562123","29AAACB1534F3Z0","","AAACB1534F",\N,\N,\N,\N,\N,\N,"bob","2026-07-16 16:20:19","113",\N,\N,"20","18","BOB","Bank of Baroda","info@bob.com","1234567890","Hebbal, Bangalore",\N,"2022-06-14 12:08:55","1","2022-07-13 17:05:01","14","18","2"
"1058","BOB-RAG","18","BOB-Ragihalli","vjragi@bankofbaroda.com","","Ragihalli Post,Jigani Hobli, Anekal Taluk,Bangalore Ragihalli, Ragihalli  BENGALURU RURAL","0","17","101","560083","29AAACB1534F3Z0","","AAACB1534F",\N,\N,\N,\N,\N,\N,"bob","2026-07-16 16:20:19","113",\N,\N,"20","18","BOB","Bank of Baroda","info@bob.com","1234567890","Hebbal, Bangalore",\N,"2022-06-14 12:08:55","1","2022-07-13 17:05:01","14","18","2"
"1059","BOB-TUM","18","BOB-Tumkur","VJTUMK@bankofbaroda.com","","Tumkur Branch Karnataka","0","17","101","572101","29AAACB1534F3Z0","","AAACB1534F",\N,\N,\N,\N,\N,\N,"bob","2026-07-16 16:20:19","113",\N,\N,"20","18","BOB","Bank of Baroda","info@bob.com","1234567890","Hebbal, Bangalore",\N,"2022-06-14 12:08:55","1","2022-07-13 17:05:01","14","18","2"
"1060","BOB-VIJ","18","BOB-Vijayapura","vjvijp@bankofbaroda.co.in","","M K No. 5291220212 , Oppositebescom Office, Vijayapura, , Devanahalli Taluk Vijayapura","0","17","101","562135","29AAACB1534F3Z0","","AAACB1534F",\N,\N,\N,\N,\N,\N,"bob","2026-07-16 16:20:19","113",\N,\N,"20","18","BOB","Bank of Baroda","info@bob.com","1234567890","Hebbal, Bangalore",\N,"2022-06-14 12:08:55","1","2022-07-13 17:05:01","14","18","2"
"1061","BOB-YEL","18","BOB-Yelahanka","vjyela@bankofbaroda.com","","NO.328, HIG SECTOR, 3RD A CROSS NO.328, HIG SECTOR Bengaluru","0","17","101","560064","29AAACB1534F3Z0","","AAACB1534F",\N,\N,\N,\N,\N,\N,"bob","2026-07-16 16:20:19","113",\N,\N,"20","18","BOB","Bank of Baroda","info@bob.com","1234567890","Hebbal, Bangalore",\N,"2022-06-14 12:08:55","1","2022-07-13 17:05:01","14","18","2"
"1062","BOB-SHA","18","BOB-Shanthinagar","","","Shanthinagar Bangalore","0","17","101","560027","29AAACB1534F3Z0","","AAACB1534F",\N,\N,\N,\N,\N,\N,"bob","2026-07-16 16:20:19","113",\N,\N,"20","18","BOB","Bank of Baroda","info@bob.com","1234567890","Hebbal, Bangalore",\N,"2022-06-14 12:08:55","1","2022-07-13 17:05:01","14","18","2"
"1063","BOB-TUR","18","BOB-Turuvekere ","vjturu@bankofbaroda.co.in","","S L Complex, Indiranagara , 4th Cross Street , Opp Taluk Panchayat Office, Turuvekere Tumkur","0","17","101","572227","29AAACB1534F3Z0","","AAACB1534F",\N,\N,\N,\N,\N,\N,"bob","2026-07-16 16:20:19","113",\N,\N,"20","18","BOB","Bank of Baroda","info@bob.com","1234567890","Hebbal, Bangalore",\N,"2022-06-14 12:08:55","1","2022-07-13 17:05:01","14","18","2"
"1064","BOB-ARA","18","BOB-Aradeshahalli","","","BOB-Aradeshahalli","0","17","101","560094","29AAACB1534F3Z0","","AAACB1534F",\N,\N,\N,\N,\N,\N,"bob","2026-07-16 16:20:19","113",\N,\N,"20","18","BOB","Bank of Baroda","info@bob.com","1234567890","Hebbal, Bangalore",\N,"2022-06-14 12:08:55","1","2022-07-13 17:05:01","14","18","2"
"1065","BOB-ATT","18","BOB-Attibele","vjatti@bankofbaroda.com","","No.61, Sarjapura Road , Indlubele Village, Attibele Hobli  Bengaluru","0","17","101","562107","29AAACB1534F3Z0","","AAACB1534F",\N,\N,\N,\N,\N,\N,"bob","2026-07-16 16:20:19","113",\N,\N,"20","18","BOB","Bank of Baroda","info@bob.com","1234567890","Hebbal, Bangalore",\N,"2022-06-14 12:08:55","1","2022-07-13 17:05:01","14","18","2"
"1066","BOB-BAN","18","BOB-Banashankri","banash@bankofbaroda.co.in","","NO.266-293, 80 FT.ROAD,BSK I STAGE, 2ND PHASE, SRINIVASA NAGAR Bengaluru","0","17","101","560050","29AAACB1534F3Z0","","AAACB1534F",\N,\N,\N,\N,\N,\N,"bob","2026-07-16 16:20:19","113",\N,\N,"20","18","BOB","Bank of Baroda","info@bob.com","1234567890","Hebbal, Bangalore",\N,"2022-06-14 12:08:55","1","2022-07-13 17:05:01","14","18","2"
"1067","BOB-BIL","18","BOB-Bilekhalli","vjbile@bankofbaroda.com","","No.165,1st Cross, Arakere ,Mico Layout,1st Stage, Billekahalli, Bannerghatta Road Bengaluru","0","17","101","560076","29AAACB1534F3Z0","","AAACB1534F",\N,\N,\N,\N,\N,\N,"bob","2026-07-16 16:20:19","113",\N,\N,"20","18","BOB","Bank of Baroda","info@bob.com","1234567890","Hebbal, Bangalore",\N,"2022-06-14 12:08:55","1","2022-07-13 17:05:01","14","18","2"
"1068","BOB-BRI","18","BOB-Brigade Road","brigad@bankofbaroda.com","","3rd Floor, Nitesh Lexington Avenue, Regional Office, 72, Brigade Road  Bengaluru","0","17","101","560025","29AAACB1534F3Z0","","AAACB1534F",\N,\N,\N,\N,\N,\N,"bob","2026-07-16 16:20:19","113",\N,\N,"20","18","BOB","Bank of Baroda","info@bob.com","1234567890","Hebbal, Bangalore",\N,"2022-06-14 12:08:55","1","2022-07-13 17:05:01","14","18","2"
"1069","BOB-BTM","18","BOB-BTM Layout","vjbtm@bankofbaroda.co.in","","No. 23, Shiva Arcade, 29th Main Road, 1st Stage, BTM Layout,  Bengaluru","0","17","101","560078","29AAACB1534F3Z0","","AAACB1534F",\N,\N,\N,\N,\N,\N,"bob","2026-07-16 16:20:19","113",\N,\N,"20","18","BOB","Bank of Baroda","info@bob.com","1234567890","Hebbal, Bangalore",\N,"2022-06-14 12:08:55","1","2022-07-13 17:05:01","14","18","2"
"1070","BOB-BYA","18","BOB-Byatarayanapura","VJBYAT@bankofbaroda.co.in","","BOB-Byatarayanapura","0","17","101","560092","29AAACB1534F3Z0","","AAACB1534F",\N,\N,\N,\N,\N,\N,"bob","2026-07-16 16:20:19","113",\N,\N,"20","18","BOB","Bank of Baroda","info@bob.com","1234567890","Hebbal, Bangalore",\N,"2022-06-14 12:08:55","1","2022-07-13 17:05:01","14","18","2"
"1071","BOB-CHA","18","BOB-Chandapura","","","No.444, G T Complex, Opp. A N R Kalyana Mantapa Anekal Road, Chandapura","0","17","101","560081","29AAACB1534F3Z0","","AAACB1534F",\N,\N,\N,\N,\N,\N,"bob","2026-07-16 16:20:19","113",\N,\N,"20","18","BOB","Bank of Baroda","info@bob.com","1234567890","Hebbal, Bangalore",\N,"2022-06-14 12:08:55","1","2022-07-13 17:05:01","14","18","2"
"1072","BOB-CHI","18","BOB-Chikkabanavara","vjchik@bankofbaroda.com","","G HOSALAIAH COMPLEX, HESARAGHATTA MAIN ROAD, BENGALURU RURAL Bengaluru","0","17","101","560090","29AAACB1534F3Z0","","AAACB1534F",\N,\N,\N,\N,\N,\N,"bob","2026-07-16 16:20:19","113",\N,\N,"20","18","BOB","Bank of Baroda","info@bob.com","1234567890","Hebbal, Bangalore",\N,"2022-06-14 12:08:55","1","2022-07-13 17:05:01","14","18","2"
"1073","BOB-CIT","18","BOB-City Market","vjcmba@bankofbaroda.com","","177/181, RK COMPLEX, 1ST FLOOR, AS ACHAR STRRET Bengaluru","0","17","101","560053","29AAACB1534F3Z0","","AAACB1534F",\N,\N,\N,\N,\N,\N,"bob","2026-07-16 16:20:19","113",\N,\N,"20","18","BOB","Bank of Baroda","info@bob.com","1234567890","Hebbal, Bangalore",\N,"2022-06-14 12:08:55","1","2022-07-13 17:05:01","14","18","2"
"1074","BOB-COX","18","BOB-Cox Town","vjcox@bankofbaroda.com","","NO 35 1ST FLOOR TAMBU,CHETTY ROAD COX TOWN Bengaluru","0","17","101","560005","29AAACB1534F3Z0","","AAACB1534F",\N,\N,\N,\N,\N,\N,"bob","2026-07-16 16:20:19","113",\N,\N,"20","18","BOB","Bank of Baroda","info@bob.com","1234567890","Hebbal, Bangalore",\N,"2022-06-14 12:08:55","1","2022-07-13 17:05:01","14","18","2"
"1075","BOB-GAN","18","BOB-Ganganagar","vjgang@bankofbaroda.com","","NO 19 10 1ST MAIN ROAD GANGANAGAR   Bengaluru","0","17","101","560032","29AAACB1534F3Z0","","AAACB1534F",\N,\N,\N,\N,\N,\N,"bob","2026-07-16 16:20:19","113",\N,\N,"20","18","BOB","Bank of Baroda","info@bob.com","1234567890","Hebbal, Bangalore",\N,"2022-06-14 12:08:55","1","2022-07-13 17:05:01","14","18","2"
"1076","BOB-GIR","18","BOB-Giri Nagar","vjgina@bankofbaroda.com","","NO.5,50 FEET ROAD, AVALAHALLI EXTENSION, GIRI NAGAR, 560026 Bengaluru","0","17","101","560026","29AAACB1534F3Z0","","AAACB1534F",\N,\N,\N,\N,\N,\N,"bob","2026-07-16 16:20:19","113",\N,\N,"20","18","BOB","Bank of Baroda","info@bob.com","1234567890","Hebbal, Bangalore",\N,"2022-06-14 12:08:55","1","2022-07-13 17:05:01","14","18","2"
"1077","BOB-GUN","18","BOB-Gunjur","vjgunj@bankofbaroda.bank.in","","BANK OF BARODA, NO 241/7, GUNJUR BUS STOP, NEAR CANDUER LANDMARK APARTMENT,  GUNJUR, BANGALORE","1558","17","101","560087","29AAACB1534F3Z0","","AAACB1534F",\N,\N,\N,\N,\N,\N,"bob","2026-07-16 16:20:19","113",\N,\N,"20","18","BOB","Bank of Baroda","info@bob.com","1234567890","Hebbal, Bangalore",\N,"2022-06-14 12:08:55","1","2022-07-13 17:05:01","14","18","2"
"1078","BOB-HAN","18","BOB-Hanumanthanagara","vjhanu@bankofbaroda.co.in","","No 25 Aloka 3rd Main Road Hanumanth Nagar Bengaluru","1558","17","101","560019","29AAACB1534F3Z0","","AAACB1534F",\N,\N,\N,\N,\N,\N,"bob","2026-07-16 16:20:19","113",\N,\N,"20","18","BOB","Bank of Baroda","info@bob.com","1234567890","Hebbal, Bangalore",\N,"2022-06-14 12:08:55","1","2022-07-13 17:05:01","14","18","2"
"1079","BOB-HAR","18","BOB-Harohalli","haroha@bankofbaroda.co.in","","No 5 Pavamana Kanakapura Main Road Opp To Ioc Petrol Pump, Harohalli Bengaluru","1558","17","101","562112","29AAACB1534F3Z0","","AAACB1534F",\N,\N,\N,\N,\N,\N,"bob","2026-07-16 16:20:19","113",\N,\N,"20","18","BOB","Bank of Baroda","info@bob.com","1234567890","Hebbal, Bangalore",\N,"2022-06-14 12:08:55","1","2022-07-13 17:05:01","14","18","2"
"1080","BOB-HBR","18","BOB-HBR Layout","vjhbrl@bankofbaroda.com","","1st block, 805, 2nd Cross Rd, HRBR Layout 1st Block, HRBR Layout, Kalyan Nagar Bengaluru","1558","17","101","560043","29AAACB1534F3Z0","","AAACB1534F",\N,\N,\N,\N,\N,\N,"bob","2026-07-16 16:20:19","113",\N,\N,"20","18","BOB","Bank of Baroda","info@bob.com","1234567890","Hebbal, Bangalore",\N,"2022-06-14 12:08:55","1","2022-07-13 17:05:01","14","18","2"
"1081","BOB-HES","18","BOB-Hesaraghatta Road","vjchik@bankofbaroda.com","","G HOSALAIAH COMPLEX, HESARAGHATTA MAIN ROAD BENGALURU RURAL","1558","17","101","560090","29AAACB1534F3Z0","","AAACB1534F",\N,\N,\N,\N,\N,\N,"bob","2026-07-16 16:20:20","113",\N,\N,"20","18","BOB","Bank of Baroda","info@bob.com","1234567890","Hebbal, Bangalore",\N,"2022-06-14 12:08:55","1","2022-07-13 17:05:01","14","18","2"
"1082","BOB-HOS","18","BOB-Hosakote (VBL)","vjhosk@bankofbaroda.com","","M V Extenstion, Hoskote BENGALURU RURAL","1558","17","101","562114","29AAACB1534F3Z0","","AAACB1534F",\N,\N,\N,\N,\N,\N,"bob","2026-07-16 16:20:20","113",\N,\N,"20","18","BOB","Bank of Baroda","info@bob.com","1234567890","Hebbal, Bangalore",\N,"2022-06-14 12:08:55","1","2022-07-13 17:05:01","14","18","2"
"1083","BOB-HSR","18","BOB-HSR Layout","hsrban@bankofbaroda.co.in","","No.1026, 11th Cross, 24th Main Road, Hsr Layout Sector 1 Bengaluru","3737","17","101","560102","29AAACB1534F3Z0","","AAACB1534F",\N,\N,\N,\N,\N,\N,"bob","2026-07-16 16:20:20","113",\N,\N,"20","18","BOB","Bank of Baroda","info@bob.com","1234567890","Hebbal, Bangalore",\N,"2022-06-14 12:08:55","1","2022-07-13 17:05:01","14","18","2"
"1084","BOB-IND","18","BOB-Indira Nagar","","","BOB-Indira Nagar VR Manor, 274, 100 Feet Rd, Binnamangala, Stage 2, Indiranagar,","3737","17","101","560038","29AAACB1534F3Z0","","AAACB1534F",\N,\N,\N,\N,\N,\N,"bob","2026-07-16 16:20:20","113",\N,\N,"20","18","BOB","Bank of Baroda","info@bob.com","1234567890","Hebbal, Bangalore",\N,"2022-06-14 12:08:55","1","2022-07-13 17:05:01","14","18","2"
"1085","BOB-INF","18","BOB-Infantry Road","vjinfa@bankofbaroda.com","","no 23, 24, Infantry Rd, Shivaji Nagar Bengaluru","3737","17","101","560001","29AAACB1534F3Z0","","AAACB1534F",\N,\N,\N,\N,\N,\N,"bob","2026-07-16 16:20:20","113",\N,\N,"20","18","BOB","Bank of Baroda","info@bob.com","1234567890","Hebbal, Bangalore",\N,"2022-06-14 12:08:55","1","2022-07-13 17:05:01","14","18","2"
"1086","BOB-ISR","18","BOB-ISRO Layout","isrola@bankofbaroda.com","","46 Bikasipura Main Road, Paul Chinnappa Layout, Near Isro Layout, Bikasipura Bengaluru","3737","17","101","560062","29AAACB1534F3Z0","","AAACB1534F",\N,\N,\N,\N,\N,\N,"bob","2026-07-16 16:20:20","113",\N,\N,"20","18","BOB","Bank of Baroda","info@bob.com","1234567890","Hebbal, Bangalore",\N,"2022-06-14 12:08:55","1","2022-07-13 17:05:01","14","18","2"
"1087","BOB-JAL","18","BOB-Jalahalli","vjjaha@bankofbaroda.com","","No 12/10, M S R Main Road, Gokula Bengaluru","3737","17","101","560054","29AAACB1534F3Z0","","AAACB1534F",\N,\N,\N,\N,\N,\N,"bob","2026-07-16 16:20:20","113",\N,\N,"20","18","BOB","Bank of Baroda","info@bob.com","1234567890","Hebbal, Bangalore",\N,"2022-06-14 12:08:55","1","2022-07-13 17:05:01","14","18","2"
"1088","BOB-JIG","18","BOB-Jigani","vjjiga@bankofbaroda.com","","Plot No .CA-1,1st Phase, Kiadb Industrial Area, Jigani, Anekal Taluk BENGALURU RURAL","3737","17","101","560105","29AAACB1534F3Z0","","AAACB1534F",\N,\N,\N,\N,\N,\N,"bob","2026-07-16 16:20:20","113",\N,\N,"20","18","BOB","Bank of Baroda","info@bob.com","1234567890","Hebbal, Bangalore",\N,"2022-06-14 12:08:55","1","2022-07-13 17:05:01","14","18","2"
"1089","BOB-JPN","18","BOB-JP Nagar","jpnaga@bankofbaroda.com","","No.933/B,21st Main,11th B Cross, JP Nagar 2nd Phase Bengaluru","3737","17","101","560078","29AAACB1534F3Z0","","AAACB1534F",\N,\N,\N,\N,\N,\N,"bob","2026-07-16 16:20:20","113",\N,\N,"20","18","BOB","Bank of Baroda","info@bob.com","1234567890","Hebbal, Bangalore",\N,"2022-06-14 12:08:55","1","2022-07-13 17:05:01","14","18","2"
"1090","BOB-KAS","18","BOB-Kasthuri Nagar","vjkast@bankofbaroda.com","","No.3241, 1st Cross, B. Channasandra, Lalbahadurnagar, Kasturinagar,   Bengaluru","3737","17","101","560043","29AAACB1534F3Z0","","AAACB1534F",\N,\N,\N,\N,\N,\N,"bob","2026-07-16 16:20:20","113",\N,\N,"20","18","BOB","Bank of Baroda","info@bob.com","1234567890","Hebbal, Bangalore",\N,"2022-06-14 12:08:55","1","2022-07-13 17:05:01","14","18","2"
"1091","BOB-KGR","18","BOB-KG Road","bangal@bankofbaroda.com","","No. 2, Prithvi Building , K G Road, Kempe Gowda Road,   Bengaluru","3737","17","101","560009","29AAACB1534F3Z0","","AAACB1534F",\N,\N,\N,\N,\N,\N,"bob","2026-07-16 16:20:20","113",\N,\N,"20","18","BOB","Bank of Baroda","info@bob.com","1234567890","Hebbal, Bangalore",\N,"2022-06-14 12:08:55","1","2022-07-13 17:05:01","14","18","2"
"1092","BOB-KOT","18","BOB-Kothnur","","","Site No 91, Patel Ramaiah Building,  HennurKannur Main Road, Bangalore","1558","17","101","560076","29AAACB1534F3Z0","","AAACB1534F",\N,\N,\N,\N,\N,\N,"bob","2026-07-16 16:20:20","113",\N,\N,"20","18","BOB","Bank of Baroda","info@bob.com","1234567890","Hebbal, Bangalore",\N,"2022-06-14 12:08:55","1","2022-07-13 17:05:01","14","18","2"
"1093","BOB-KRP","18","BOB-KR Puram","","","BOB-KR Puram","1558","17","101","560036","29AAACB1534F3Z0","","AAACB1534F",\N,\N,\N,\N,\N,\N,"bob","2026-07-16 16:20:20","113",\N,\N,"20","18","BOB","Bank of Baroda","info@bob.com","1234567890","Hebbal, Bangalore",\N,"2022-06-14 12:08:55","1","2022-07-13 17:05:01","14","18","2"
"1094","BOB-MAD","18","BOB-Madanayakanahalli","vjmhba@bankofbaroda.co.in","","Sree Ramanjaneya Complex , 1st Floor,lakshmipura Road , Madanayakana Halli Bengaluru","1558","17","101","562123","29AAACB1534F3Z0","","AAACB1534F",\N,\N,\N,\N,\N,\N,"bob","2026-07-16 16:20:20","113",\N,\N,"20","18","BOB","Bank of Baroda","info@bob.com","1234567890","Hebbal, Bangalore",\N,"2022-06-14 12:08:55","1","2022-07-13 17:05:01","14","18","2"
"1095","BOB-MAG","18","BOB-Magadi Road","vjmaro@bankofbaroda.com","","213, Lakshminarayanapuram, Rajajinagar Bengaluru","1558","17","101","560023","29AAACB1534F3Z0","","AAACB1534F",\N,\N,\N,\N,\N,\N,"bob","2026-07-16 16:20:20","113",\N,\N,"20","18","BOB","Bank of Baroda","info@bob.com","1234567890","Hebbal, Bangalore",\N,"2022-06-14 12:08:55","1","2022-07-13 17:05:01","14","18","2"
"1096","BOB-MAH","18","BOB-Mahalakshmipuram","vjmlax@bankofbaroda.com","","80/1, J C NAGAR PIPELINE ROAD, KURUBARAHALI (NEAR CANARA HIGH SCHOOL) MAHALAXMIPURAM Bengaluru","1558","17","101","560086","29AAACB1534F3Z0","","AAACB1534F",\N,\N,\N,\N,\N,\N,"bob","2026-07-16 16:20:20","113",\N,\N,"20","18","BOB","Bank of Baroda","info@bob.com","1234567890","Hebbal, Bangalore",\N,"2022-06-14 12:08:55","1","2022-07-13 17:05:01","14","18","2"
"1097","BOB-MAR","18","BOB-Marthahalli","VJMABL@bankofbaroda.com","","No. 2, Aravind Avenue, No. 2, Aravind Avenue, Kundalahalli Gate,","1558","17","101","560037","29AAACB1534F3Z0","","AAACB1534F",\N,\N,\N,\N,\N,\N,"bob","2026-07-16 16:20:20","113",\N,\N,"20","18","BOB","Bank of Baroda","info@bob.com","1234567890","Hebbal, Bangalore",\N,"2022-06-14 12:08:55","1","2022-07-13 17:05:01","14","18","2"
"1098","BOB-MED","18","BOB-Medavakkam","medava@bankofbaroda.com","","1 251 Velacherry Main Road Medavakkam Chennai","1558","17","101","600100","29AAACB1534F3Z0","","AAACB1534F",\N,\N,\N,\N,\N,\N,"bob","2026-07-16 16:20:20","113",\N,\N,"20","18","BOB","Bank of Baroda","info@bob.com","1234567890","Hebbal, Bangalore",\N,"2022-06-14 12:08:55","1","2022-07-13 17:05:01","14","18","2"
"1099","BOB-MOO","18","BOB-Moodala Palya","vjmopa@bankofbaroda.co.in","","Krishna Complex, 66/67, Nagarabhavi Main Rd, Govindaraja Nagar Ward, Mudalapalya, Vijayanagar Bengaluru","1558","17","101","560072","29AAACB1534F3Z0","","AAACB1534F",\N,\N,\N,\N,\N,\N,"bob","2026-07-16 16:20:20","113",\N,\N,"20","18","BOB","Bank of Baroda","info@bob.com","1234567890","Hebbal, Bangalore",\N,"2022-06-14 12:08:55","1","2022-07-13 17:05:01","14","18","2"
"1100","BOB-MSR","18","BOB-MSRIT","vjmsri@bankofbaroda.com","","BOB-MSRIT BANK OF BARODA, MS RAMMAYAA INSTITUTE OF TECHNOLOGY , GOKUL MATTHIKERE","1558","17","101","560054","29AAACB1534F3Z0","","AAACB1534F",\N,\N,\N,\N,\N,\N,"bob","2026-07-16 16:20:20","113",\N,\N,"20","18","BOB","Bank of Baroda","info@bob.com","1234567890","Hebbal, Bangalore",\N,"2022-06-14 12:08:55","1","2022-07-13 17:05:01","14","18","2"
"1101","BOB-MUD","18","BOB-Muddenahalli ","","","BOB-Muddenahalli","1558","17","101","562101","29AAACB1534F3Z0","","AAACB1534F",\N,\N,\N,\N,\N,\N,"bob","2026-07-16 16:20:20","113",\N,\N,"20","18","BOB","Bank of Baroda","info@bob.com","1234567890","Hebbal, Bangalore",\N,"2022-06-14 12:08:55","1","2022-07-13 17:05:01","14","18","2"
"1102","BOB-NAG","18","BOB-Nagappa Block","vjnagb@bankofbaroda.com","","No 61 M K K Road Near Devaiah Park Srirampuram Bengaluru","1558","17","101","560021","29AAACB1534F3Z0","","AAACB1534F",\N,\N,\N,\N,\N,\N,"bob","2026-07-16 16:20:20","113",\N,\N,"20","18","BOB","Bank of Baroda","info@bob.com","1234567890","Hebbal, Bangalore",\N,"2022-06-14 12:08:55","1","2022-07-13 17:05:01","14","18","2"
"1103","BOB-OXF","18","BOB-Oxford Engineering College","vjoxdc@bankofbaroda.co.in","","Oxford Engineering Collge , 10th Mile Stone , Bommanahalli,hosur Road Bengaluru","1558","17","101","560068","29AAACB1534F3Z0","","AAACB1534F",\N,\N,\N,\N,\N,\N,"bob","2026-07-16 16:20:20","113",\N,\N,"20","18","BOB","Bank of Baroda","info@bob.com","1234567890","Hebbal, Bangalore",\N,"2022-06-14 12:08:55","1","2022-07-13 17:05:01","14","18","2"
"1104","BOB-PAV","18","BOB-Pavagada","vjpava@bankofbaroda.com","","Ms Prakruthi Boarding , Lodging Building , Kuvempu Road, Pavagada Tumkur","1558","17","101","561202","29AAACB1534F3Z0","","AAACB1534F",\N,\N,\N,\N,\N,\N,"bob","2026-07-16 16:20:20","113",\N,\N,"20","18","BOB","Bank of Baroda","info@bob.com","1234567890","Hebbal, Bangalore",\N,"2022-06-14 12:08:55","1","2022-07-13 17:05:01","14","18","2"
"1105","BOB-PEE","18","BOB-Peenya","peenya@bankofbaroda.com","","NO.1A, 2ND PHASE, PEENYA INDUSTRIAL AREA Bengaluru","1558","17","101","560058","29AAACB1534F3Z0","","AAACB1534F",\N,\N,\N,\N,\N,\N,"bob","2026-07-16 16:20:20","113",\N,\N,"20","18","BOB","Bank of Baroda","info@bob.com","1234567890","Hebbal, Bangalore",\N,"2022-06-14 12:08:55","1","2022-07-13 17:05:01","14","18","2"
"1106","BOB-RAJ","18","BOB-Rajajinagara","VJRABA@bankofbaroda.com","","No.53, 41st Cross 10th Main 2nd Block Near Police Station  Rajajjinagar Bangalore","1558","17","101","560010","29AAACB1534F3Z0","","AAACB1534F",\N,\N,\N,\N,\N,\N,"bob","2026-07-16 16:20:20","113",\N,\N,"20","18","BOB","Bank of Baroda","info@bob.com","1234567890","Hebbal, Bangalore",\N,"2022-06-14 12:08:55","1","2022-07-13 17:05:01","14","18","2"
"1107","BOB-RAM","18","BOB-Rampura","vjrmpr@bankofbaroda.co.in","","No 84, Rampura Village, Virgo Nagar Post Bidarahalli Hobli, Bangalore East Taluk  Bengaluru","1558","17","101","560049","29AAACB1534F3Z0","","AAACB1534F",\N,\N,\N,\N,\N,\N,"bob","2026-07-16 16:20:20","113",\N,\N,"20","18","BOB","Bank of Baroda","info@bob.com","1234567890","Hebbal, Bangalore",\N,"2022-06-14 12:08:55","1","2022-07-13 17:05:01","14","18","2"
"1108","BOB-RBI","18","BOB-RBI Layout","","","BOB-RBI Layout","1558","17","101","560078","29AAACB1534F3Z0","","AAACB1534F",\N,\N,\N,\N,\N,\N,"bob","2026-07-16 16:20:20","113",\N,\N,"20","18","BOB","Bank of Baroda","info@bob.com","1234567890","Hebbal, Bangalore",\N,"2022-06-14 12:08:55","1","2022-07-13 17:05:01","14","18","2"
"1109","BOB-RES","18","BOB-Residency Road","VJRESI@bankofbaroda.com","8861407244","BOB-Residency Road Residency Road Branch| No 2, Janardhan Tower| 1st Floor I Residency Road Bangalore-","1558","17","101","560025","29AAACB1534F3Z0","","AAACB1534F",\N,\N,\N,\N,\N,\N,"bob","2026-07-16 16:20:20","113",\N,\N,"20","18","BOB","Bank of Baroda","info@bob.com","1234567890","Hebbal, Bangalore",\N,"2022-06-14 12:08:55","1","2022-07-13 17:05:01","14","18","2"
"1110","BOB-RRN","18","BOB-RR Nagar","rajban@bankofbaroda.co.in","","No 478 P 2 Ideal Homes Town Shiprajarajeshwari Nagar Bengaluru","1558","17","101","560098","29AAACB1534F3Z0","","AAACB1534F",\N,\N,\N,\N,\N,\N,"bob","2026-07-16 16:20:20","113",\N,\N,"20","18","BOB","Bank of Baroda","info@bob.com","1234567890","Hebbal, Bangalore",\N,"2022-06-14 12:08:55","1","2022-07-13 17:05:01","14","18","2"
"1111","BOB-SAH","18","BOB-Sahakaranagara","sahaka@bankofbaroda.com","","No 511 F Block 1st Main Road Shakarnagar Main Road Bengaluru","1558","17","101","560092","29AAACB1534F3Z0","","AAACB1534F",\N,\N,\N,\N,\N,\N,"bob","2026-07-16 16:20:20","113",\N,\N,"20","18","BOB","Bank of Baroda","info@bob.com","1234567890","Hebbal, Bangalore",\N,"2022-06-14 12:08:55","1","2022-07-13 17:05:01","14","18","2"
"1112","BOB-SAL","18","BOB-Salem","salem@bankofbaroda.com","","Salem Branch, 41, Paul's Street, fort Salem","1558","17","101","636001","29AAACB1534F3Z0","","AAACB1534F",\N,\N,\N,\N,\N,\N,"bob","2026-07-16 16:20:20","113",\N,\N,"20","18","BOB","Bank of Baroda","info@bob.com","1234567890","Hebbal, Bangalore",\N,"2022-06-14 12:08:55","1","2022-07-13 17:05:01","14","18","2"
"1113","BOB-SAN","18","BOB-Sanjaynagar ","vjsngr@bankofbaroda.com","","NO 17, 2ND STAGE,  RAJMAHAL VILAS EXTN, SANJAYNAGAR, Bangalore","1558","17","101","560094","29AAACB1534F3Z0","","AAACB1534F",\N,\N,\N,\N,\N,\N,"bob","2026-07-16 16:20:20","113",\N,\N,"20","18","BOB","Bank of Baroda","info@bob.com","1234567890","Hebbal, Bangalore",\N,"2022-06-14 12:08:55","1","2022-07-13 17:05:01","14","18","2"
"1114","BOB-SAR","18","BOB-Sarakki","vjsaba@bankofbaroda.com","","No.147,4th Cross, Near SB Ashram, Sarakki 3rd Phase, JP Nagar Bengaluru","1558","17","101","560078","29AAACB1534F3Z0","","AAACB1534F",\N,\N,\N,\N,\N,\N,"bob","2026-07-16 16:20:20","113",\N,\N,"20","18","BOB","Bank of Baroda","info@bob.com","1234567890","Hebbal, Bangalore",\N,"2022-06-14 12:08:55","1","2022-07-13 17:05:01","14","18","2"
"1115","BOB-SID","18","BOB-Siddaganga Matta","vjtusi@bankofbaroda.com","","Near Railway Gate Siddaganga Mutt  Tumkur","1558","17","101","572104","29AAACB1534F3Z0","","AAACB1534F",\N,\N,\N,\N,\N,\N,"bob","2026-07-16 16:20:20","113",\N,\N,"20","18","BOB","Bank of Baroda","info@bob.com","1234567890","Hebbal, Bangalore",\N,"2022-06-14 12:08:55","1","2022-07-13 17:05:01","14","18","2"
"1116","BOB-TRI","18","BOB-Trinity Circle","cs.ho@bankofbaroda.com","","Head Office Building, 41/2, M G Road Bengaluru","1558","17","101","560001","29AAACB1534F3Z0","","AAACB1534F",\N,\N,\N,\N,\N,\N,"bob","2026-07-16 16:20:20","113",\N,\N,"20","18","BOB","Bank of Baroda","info@bob.com","1234567890","Hebbal, Bangalore",\N,"2022-06-14 12:08:55","1","2022-07-13 17:05:01","14","18","2"
"1117","BOB-UDU","18","BOB-Udupi","udipi@bankofbaroda.com","","Udupi Branch,vishnu Market,court Road Udupi","1558","17","101","576101","29AAACB1534F3Z0","","AAACB1534F",\N,\N,\N,\N,\N,\N,"bob","2026-07-16 16:20:20","113",\N,\N,"20","18","BOB","Bank of Baroda","info@bob.com","1234567890","Hebbal, Bangalore",\N,"2022-06-14 12:08:55","1","2022-07-13 17:05:01","14","18","2"
"1118","BOB-VAN","18","BOB-Vani Vilas Road","vjvani@bankofbaroda.com","","35/1, Vasavi Temple St, Vishweshwarapura, Basavanagudi Bengaluru","1558","17","101","560004","29AAACB1534F3Z0","","AAACB1534F",\N,\N,\N,\N,\N,\N,"bob","2026-07-16 16:20:20","113",\N,\N,"20","18","BOB","Bank of Baroda","info@bob.com","1234567890","Hebbal, Bangalore",\N,"2022-06-14 12:08:55","1","2022-07-13 17:05:01","14","18","2"
"1119","BOB-VIC","18","BOB-Victoria Road","vjvict@bankofbaroda.com","","NO.25, VICTORIA ROAD Bengaluru","1558","17","101","560047","29AAACB1534F3Z0","","AAACB1534F",\N,\N,\N,\N,\N,\N,"bob","2026-07-16 16:20:20","113",\N,\N,"20","18","BOB","Bank of Baroda","info@bob.com","1234567890","Hebbal, Bangalore",\N,"2022-06-14 12:08:55","1","2022-07-13 17:05:01","14","18","2"
"1120","BOB-WES","18","BOB-West Chord ","vjwcro@bankofbaroda.co.in","","No 12 1st Main, 2nd Stage, West Of Chord Road Bengaluru","1558","17","101","560086","29AAACB1534F3Z0","","AAACB1534F",\N,\N,\N,\N,\N,\N,"bob","2026-07-16 16:20:20","113",\N,\N,"20","18","BOB","Bank of Baroda","info@bob.com","1234567890","Hebbal, Bangalore",\N,"2022-06-14 12:08:55","1","2022-07-13 17:05:01","14","18","2"
"1121","BOB-YES","18","BOB-Yeshwanthapura","","","BOB-Yeshwanthapura","1558","17","101","560022","29AAACB1534F3Z0","","AAACB1534F",\N,\N,\N,\N,\N,\N,"bob","2026-07-16 16:20:21","113",\N,\N,"20","18","BOB","Bank of Baroda","info@bob.com","1234567890","Hebbal, Bangalore",\N,"2022-06-14 12:08:55","1","2022-07-13 17:05:01","14","18","2"
"1122","BOB-KON","18","BOB-Konankunte ","konank@bankofbaroda.com","","Anjanapura Main Rd, Amrutha Nagar, Bank Colony, Konanakunte,  Bengaluru","1558","17","101","560062","29AAACB1534F3Z0","","AAACB1534F",\N,\N,\N,\N,\N,\N,"bob","2026-07-16 16:20:21","113",\N,\N,"20","18","BOB","Bank of Baroda","info@bob.com","1234567890","Hebbal, Bangalore",\N,"2022-06-14 12:08:55","1","2022-07-13 17:05:01","14","18","2"
"1123","BOB-KEN","18","BOB-Kengeri","kenger@bankofbaroda.com","","SITE NO 7 & 8 BANK OF BARODA   NAGADEVANAHALLI, KENGERI Bengaluru","1558","17","101","560056","29AAACB1534F3Z0","","AAACB1534F",\N,\N,\N,\N,\N,\N,"bob","2026-07-16 16:20:21","113",\N,\N,"20","18","BOB","Bank of Baroda","info@bob.com","1234567890","Hebbal, Bangalore",\N,"2022-06-14 12:08:55","1","2022-07-13 17:05:01","14","18","2"
"1124","BOB-KOR","18","BOB-Koramangala","vjkora@bankofbaroda.com","","No 44, Sai Krupa, 17th Main Road, 6th Block , Koramangala Bengaluru","1558","17","101","560095","29AAACB1534F3Z0","","AAACB1534F",\N,\N,\N,\N,\N,\N,"bob","2026-07-16 16:20:21","113",\N,\N,"20","18","BOB","Bank of Baroda","info@bob.com","1234567890","Hebbal, Bangalore",\N,"2022-06-14 12:08:55","1","2022-07-13 17:05:01","14","18","2"
"1125","BOB-CHO","18","BOB-Chola Nagar","dbchol@bankofbaroda.com","","38cil Main Road bangalore Bengaluru","1558","17","101","560032","29AAACB1534F3Z0","","AAACB1534F",\N,\N,\N,\N,\N,\N,"bob","2026-07-16 16:20:21","113",\N,\N,"20","18","BOB","Bank of Baroda","info@bob.com","1234567890","Hebbal, Bangalore",\N,"2022-06-14 12:08:55","1","2022-07-13 17:05:01","14","18","2"
"1126","BOB-SIT","18","BOB-Sithalapakkam","sithal@bankofbaroda.com","","4/291-A, OTTIYABAKKAM MAIN ROAD, (OPP PANCHAYAT UNION OFFICE), SITHALAPAKKAM CHENNAI","1558","35","101","600131","33AAACB1534F3ZB","","AAACB1534F",\N,\N,\N,\N,\N,\N,"bob","2026-07-16 16:20:21","113",\N,\N,"20","18","BOB","Bank of Baroda","info@bob.com","1234567890","Hebbal, Bangalore",\N,"2022-06-14 12:08:55","1","2022-07-13 17:05:01","14","18","2"
"1127","BOB-MUT","18","BOB-Muthanallur","dbmuth@bankofbaroda.com","","Muthanallur Rd, Milk Produecers, Cooperati,Ve Society, Muthanallur,  Bengaluru","1558","17","101","560099","29AAACB1534F3Z0","","AAACB1534F",\N,\N,\N,\N,\N,\N,"bob","2026-07-16 16:20:21","113",\N,\N,"20","18","BOB","Bank of Baroda","info@bob.com","1234567890","Hebbal, Bangalore",\N,"2022-06-14 12:08:55","1","2022-07-13 17:05:01","14","18","2"
"1128","BOB-NAL","18","BOB-Nalluru","dbnall@bankofbaroda.com","9533761367","Near Panchayath Office Reddyhalli P Sulibalchanarayapatna Hobli  Devanahalli Tq Bangalo Bangalore Bangalore Rural Karnataka 562129","1558","17","101","562129","29AAACB1534F3Z0","","AAACB1534F",\N,\N,\N,\N,\N,\N,"bob","2026-07-16 16:20:21","113",\N,\N,"20","18","BOB","Bank of Baroda","info@bob.com","1234567890","Hebbal, Bangalore",\N,"2022-06-14 12:08:55","1","2022-07-13 17:05:01","14","18","2"
"1129","BOB-VEN","18","BOB-Venkatagirikote","dbvenk@bankofbaroda.com","6360319342","Venkatagiri Kote V Pdevanahalli Taluq Bangalore Bangalore  Rural Karnataka 562110","1558","17","101","562164","29AAACB1534F3Z0","","AAACB1534F",\N,\N,\N,\N,\N,\N,"bob","2026-07-16 16:20:21","113",\N,\N,"20","18","BOB","Bank of Baroda","info@bob.com","1234567890","Hebbal, Bangalore",\N,"2022-06-14 12:08:55","1","2022-07-13 17:05:01","14","18","2"
"1130","BOB-VID","18","BOB-Vidyanagar ","vjvdng@bankofbaroda.com","1800223344","INTERNATIONAL AIR PORT ROAD ,  VIDYANAGAR , BANGALORERURAL , BANGALORE , 562157","1558","17","101","562157","29AAACB1534F3Z0","","AAACB1534F",\N,\N,\N,\N,\N,\N,"bob","2026-07-16 16:20:21","113",\N,\N,"20","18","BOB","Bank of Baroda","info@bob.com","1234567890","Hebbal, Bangalore",\N,"2022-06-14 12:08:55","1","2022-07-13 17:05:01","14","18","2"
"1131","BOB-DOD","18","BOB-Doddaballapura ","dodbal@bankofbaroda.co.in","9342213662","Next To Lic Office D Cross  Dodballapur Bangalore","1558","17","101","561203","29AAACB1534F3Z0","","AAACB1534F",\N,\N,\N,\N,\N,\N,"bob","2026-07-16 16:20:21","113",\N,\N,"20","18","BOB","Bank of Baroda","info@bob.com","1234567890","Hebbal, Bangalore",\N,"2022-06-14 12:08:55","1","2022-07-13 17:05:01","14","18","2"
"1132","BOB-TIP","18","BOB-Tiptur ","Tiptur@bankofbaroda.com","8050336513","BOB Tiptur  BOB Tiptur","1558","17","101","572201","29AAACB1534F3Z0","","AAACB1534F",\N,\N,\N,\N,\N,\N,"bob","2026-07-16 16:20:21","113",\N,\N,"20","18","BOB","Bank of Baroda","info@bob.com","1234567890","Hebbal, Bangalore",\N,"2022-06-14 12:08:55","1","2022-07-13 17:05:01","14","18","2"
"1133","BOB-GON","18","BOB-Gonikoppal","vjgoni@bankofbaroda.co.in","","Gonikoppal Branch, Virajpet Tq Kodagu Dist","1558","17","101","571213","29AAACB1534F3Z0","","AAACB1534F",\N,\N,\N,\N,\N,\N,"bob","2026-07-16 16:20:21","113",\N,\N,"20","18","BOB","Bank of Baroda","info@bob.com","1234567890","Hebbal, Bangalore",\N,"2022-06-14 12:08:55","1","2022-07-13 17:05:01","14","18","2"
"1134","BOB-GAV","18","BOB-Gavimata ","VJGAVI@bankofbaroda.com","9740582899","Heror, Gavimatta, Kunigal  Talluk, Post, Kothipura Village,","1558","17","101","572130","29AAACB1534F3Z0","","AAACB1534F",\N,\N,\N,\N,\N,\N,"bob","2026-07-16 16:20:21","113",\N,\N,"20","18","BOB","Bank of Baroda","info@bob.com","1234567890","Hebbal, Bangalore",\N,"2022-06-14 12:08:55","1","2022-07-13 17:05:01","14","18","2"
"1135","BOB-BAD","18","BOB -Badabazar","BADABA@bankofbaroda.com","","BOB -Badabazar VENKATESWAR TEMPLE ROAD,BADABAZAR,BRAHMAPUR,DIST GANJAM,","1558","17","101","760002","21AAACB1534F2ZH","","AAACB1534F",\N,\N,\N,\N,\N,\N,"bob","2026-07-16 16:20:21","113",\N,\N,"20","18","BOB","Bank of Baroda","info@bob.com","1234567890","Hebbal, Bangalore",\N,"2022-06-14 12:08:55","1","2022-07-13 17:05:01","14","18","2"
"1136","BOB-BAS","18","BOB-Basaveshwaranagar ","VJBASA@bankofbaroda.com","","BOB-Basaveshwaranagar  No 119, 1st Floor, 80 Feet Road, KHB Colony, Basaveshwaranagar, Bangalore","1558","17","101","560079","29AAACB1534F3Z0","","AAACB1534F",\N,\N,\N,\N,\N,\N,"bob","2026-07-16 16:20:21","113",\N,\N,"20","18","BOB","Bank of Baroda","info@bob.com","1234567890","Hebbal, Bangalore",\N,"2022-06-14 12:08:55","1","2022-07-13 17:05:01","14","18","2"
"1137","BOBDasa","18","BOB Dasarahalli ","VJDAHA@bankofbaroda.com","9113975843","BOB Dasarahalli  8Th Mile, Circle Eshwar Rao Compound,","1558","17","101","560073","29AAACB1534F3Z0","","AAACB1534F",\N,\N,\N,\N,\N,\N,"bob","2026-07-16 16:20:21","113",\N,\N,"20","18","BOB","Bank of Baroda","info@bob.com","1234567890","Hebbal, Bangalore",\N,"2022-06-14 12:08:55","1","2022-07-13 17:05:01","14","18","2"
"1138","BOBDoml","18","BOB Domlur","VJDOML@bankofbaroda.com","","BOB Domlur Domlur Branch, Bangalore central Bangalore Zone","1558","17","101","560071","29AAACB1534F3Z0","","AAACB1534F",\N,\N,\N,\N,\N,\N,"bob","2026-07-16 16:20:21","113",\N,\N,"20","18","BOB","Bank of Baroda","info@bob.com","1234567890","Hebbal, Bangalore",\N,"2022-06-14 12:08:55","1","2022-07-13 17:05:01","14","18","2"
"1139","BOB-MAY","18","BOB-Mayo Hall ","VJMAYO@bankofbaroda.com","9986091678","BOB-Mayo Hall  P B No 5118 Public Utility Blg Mayo Hall Bangalore","1558","17","101","560001","29AAACB1534F3Z0","","AAACB1534F",\N,\N,\N,\N,\N,\N,"bob","2026-07-16 16:20:21","113",\N,\N,"20","18","BOB","Bank of Baroda","info@bob.com","1234567890","Hebbal, Bangalore",\N,"2022-06-14 12:08:55","1","2022-07-13 17:05:01","14","18","2"
"1140","BOB-ELE","18","BOB-Electronic City ","vjelec@bankofbaroda.com","","BOB-Electronic City  No.228, 2nd Cross Neeladri Nagar Electronic City Phase 1 Bangalore","1558","17","101","560100","29AAACB1534F3Z0","","AAACB1534F",\N,\N,\N,\N,\N,\N,"bob","2026-07-16 16:20:21","113",\N,\N,"20","18","BOB","Bank of Baroda","info@bob.com","1234567890","Hebbal, Bangalore",\N,"2022-06-14 12:08:55","1","2022-07-13 17:05:01","14","18","2"
"1141","BOBRAP","18","BOB RAPC ","rapc.bengaluru@bankofbaroda.com","","BOB RAPC  5th Floor, Vijaya Towers, 41/2, M.G. Road, Trinity Circle, Bengaluru, Karnataka,","888","17","101","560001","29AAACB1534F3Z0","","AAACB1534F",\N,\N,\N,\N,\N,\N,"bob","2026-07-16 16:20:21","113",\N,\N,"20","18","BOB","Bank of Baroda","info@bob.com","1234567890","Hebbal, Bangalore",\N,"2022-06-14 12:08:55","1","2022-07-13 17:05:01","14","18","2"
"1142","BOB-KAL","18","BOB-KALYANNAGAR ","KALBAN@bankofbaroda.com","","BOB-KALYANNAGAR  No.310, 1st Main Rd, HRBR Layout 3rd Block, Kalyan Nagar, Bengaluru","888","17","101","560043","29AAACB1534F3Z0","","AAACB1534F",\N,\N,\N,\N,\N,\N,"bob","2026-07-16 16:20:21","113",\N,\N,"20","18","BOB","Bank of Baroda","info@bob.com","1234567890","Hebbal, Bangalore",\N,"2022-06-14 12:08:55","1","2022-07-13 17:05:01","14","18","2"
"1143","BOB-KOD","18","BOB-KODIHALLI ","dbklly@bankofbaroda.com","8919442360","BOB-KODIHALLI  Bengaluru","888","17","101","560052","29AAACB1534F3Z0","","AAACB1534F",\N,\N,\N,\N,\N,\N,"bob","2026-07-16 16:20:21","113",\N,\N,"20","18","BOB","Bank of Baroda","info@bob.com","1234567890","Hebbal, Bangalore",\N,"2022-06-14 12:08:55","1","2022-07-13 17:05:01","14","18","2"
"1144","BOB-NRR","18","BOB-N R Road 7410","VJNRRO@bankofbaroda.com","","#1, NAAZ COMPLEX, 3RD CROSS, NR ROAD,  BANGALORE","1558","17","101","560002","29AAACB1534F3Z0","","AAACB1534F",\N,\N,\N,\N,\N,\N,"bob","2026-07-16 16:20:21","113",\N,\N,"20","18","BOB","Bank of Baroda","info@bob.com","1234567890","Hebbal, Bangalore",\N,"2022-06-14 12:08:55","1","2022-07-13 17:05:01","14","18","2"
"1145","BOB-BEN","18","BOB-BENGALURU CENTRAL","sms.blrcentral@bankofbaroda.com","","BOB-BENGALURU CENTRAL SPECIALIZED MORTGAGE STORE - BENGALURU CENTRAL,  5TH FLOOR, VIJAYA TOWERS","1558","17","101","560001","29AAACB1534F3Z0","","AAACB1534F",\N,\N,\N,\N,\N,\N,"bob","2026-07-16 16:20:21","113",\N,\N,"20","18","BOB","Bank of Baroda","info@bob.com","1234567890","Hebbal, Bangalore",\N,"2022-06-14 12:08:55","1","2022-07-13 17:05:01","14","18","2"
"1146","BOB-SMS","18","BOB-SMS Rural Bengaluru ","sms.blrrural@bankofbaroda.com","","BOB-SMS Rural Bengaluru  RAPC| 9th Floor | Vijaya Towers |  MG Road | Trinity Circle| Bangalore","1558","17","101","560001","29AAACB1534F3Z0","","AAACB1534F",\N,\N,\N,\N,\N,\N,"bob","2026-07-16 16:20:21","113",\N,\N,"20","18","BOB","Bank of Baroda","info@bob.com","1234567890","Hebbal, Bangalore",\N,"2022-06-14 12:08:55","1","2022-07-13 17:05:01","14","18","2"
"1147","SMS-SOU","18","SMS-SOUTH  RAPC BENGALURU ","SMSBLR.SOUTH@bankofbaroda.com","","SMS-SOUTH  RAPC BENGALURU  RAPC BOB, 9th Floor,","1558","17","101","560001","29AAACB1534F3Z0","","AAACB1534F",\N,\N,\N,\N,\N,\N,"bob","2026-07-16 16:20:21","113",\N,\N,"20","18","BOB","Bank of Baroda","info@bob.com","1234567890","Hebbal, Bangalore",\N,"2022-06-14 12:08:55","1","2022-07-13 17:05:01","14","18","2"
"1148","BOB-ULS","18","BOB-Ulsoor ","VJULSO@bankofbaroda.com","","BOB-Ulsoor  No.11/12, Camridge Road , Halasuru Bengalore-","1558","17","101","560008","29AAACB1534F3Z0","","AAACB1534F",\N,\N,\N,\N,\N,\N,"bob","2026-07-16 16:20:21","113",\N,\N,"20","18","BOB","Bank of Baroda","info@bob.com","1234567890","Hebbal, Bangalore",\N,"2022-06-14 12:08:55","1","2022-07-13 17:05:01","14","18","2"
"1149","BOB-VAS","18","BOB-Vasanthanagar 5908","VASNAG@bankofbaroda.com","","BOB-Vasanthanagar 5908 Branch  No.36, MSIL House Cunningham Road Banagalore","1558","17","101","560001","29AAACB1534F3Z0","","AAACB1534F",\N,\N,\N,\N,\N,\N,"bob","2026-07-16 16:20:21","113",\N,\N,"20","18","BOB","Bank of Baroda","info@bob.com","1234567890","Hebbal, Bangalore",\N,"2022-06-14 12:08:55","1","2022-07-13 17:05:01","14","18","2"
"1150","BOB-WHI","18","BOB-Whitefield Main Road ","VJWHIT@bankofbaroda.com","","BOB-Whitefield Main Road Branch  Bangalore","1558","17","101","560056","29AAACB1534F3Z0","","AAACB1534F",\N,\N,\N,\N,\N,\N,"bob","2026-07-16 16:20:21","113",\N,\N,"20","18","BOB","Bank of Baroda","info@bob.com","1234567890","Hebbal, Bangalore",\N,"2022-06-14 12:08:55","1","2022-07-13 17:05:01","14","18","2"
"1151","BOBKana","18","BOB Kanakapura Main Road ","vjkamar@bankofbaroda.com","","BOB Kanakapura Main Road  BANK OF BARODA, 30/3, 80 FEET ROAD, NEXT TO KSIT COLLEGE, KANAKAPURA MAIN ROAD, GUBALALA, BANGALOR","1558","17","101","560001","29AAACB1534F3Z0","","AAACB1534F",\N,\N,\N,\N,\N,\N,"bob","2026-07-16 16:20:21","113",\N,\N,"20","18","BOB","Bank of Baroda","info@bob.com","1234567890","Hebbal, Bangalore",\N,"2022-06-14 12:08:55","1","2022-07-13 17:05:01","14","18","2"
"1152","BOB-VJN","18","BOB -VJNELA","VJNELA@bankofbaroda.com","","BOB Nelamangala Main  VJNELA 1242, Dwaraka Plaza, B H Road, Nelamangala Rural BOB Nelamangala Main  VJNELA","1558","17","101","562123","29AAACB1534F3Z0","","AAACB1534F",\N,\N,\N,\N,\N,\N,"bob","2026-07-16 16:20:21","113",\N,\N,"20","18","BOB","Bank of Baroda","info@bob.com","1234567890","Hebbal, Bangalore",\N,"2022-06-14 12:08:55","1","2022-07-13 17:05:01","14","18","2"
"1153","BOB-FIL","18","BOB-Film Nagar BRanch","VJJUBI@bankofbaroda.com","","BOB-Film Nagar BRanch A 33 ROA D.NO. 5 FILM NAGAR HYDERABAD","1558","17","101","500096","36AAACB1534F3Z5","","AAACB1534F",\N,\N,\N,\N,\N,\N,"bob","2026-07-16 16:20:21","113",\N,\N,"20","18","BOB","Bank of Baroda","info@bob.com","1234567890","Hebbal, Bangalore",\N,"2022-06-14 12:08:55","1","2022-07-13 17:05:01","14","18","2"
"1154","BOB-HAL","18","BOB-HAL 3rd Stage ","vjhal@bankofbaroda.com","","BANK OF BARODA, #42, 80 FEET ROAD, HAL 3RD STAGE, BENGALURU","1558","17","101","560075","29AAACB1534F3Z0","","AAACB1534F",\N,\N,\N,\N,\N,\N,"bob","2026-07-16 16:20:21","113",\N,\N,"20","18","BOB","Bank of Baroda","info@bob.com","1234567890","Hebbal, Bangalore",\N,"2022-06-14 12:08:55","1","2022-07-13 17:05:01","14","18","2"
"1155","BOB-PAT","18","BOB-Patrenhalli ","DBPATR@bankofbaroda.com","","BOB-Patrenhalli  BANK OF BARODA, E DENA BANK, UPPARA BYRAPPA BUILDING BEHIND MPCS,","1558","17","101","562101","29AAACB1534F3Z0","","AAACB1534F",\N,\N,\N,\N,\N,\N,"bob","2026-07-16 16:20:21","113",\N,\N,"20","18","BOB","Bank of Baroda","info@bob.com","1234567890","Hebbal, Bangalore",\N,"2022-06-14 12:08:55","1","2022-07-13 17:05:01","14","18","2"
"1156","BOBSIR","18","BOB SIRA ","sirtum@bankofbaroda.com","","BOB SIRA  BANK OF BARODA, NO 18, GROUND FLOOR, MAIN ROAD, BALAJI NAGAR, SIRA, TUMKUR","1827","17","101","572137","29AAACB1534F3Z0","","AAACB1534F",\N,\N,\N,\N,\N,\N,"bob","2026-07-16 16:20:21","113",\N,\N,"20","18","BOB","Bank of Baroda","info@bob.com","1234567890","Hebbal, Bangalore",\N,"2022-06-14 12:08:55","1","2022-07-13 17:05:01","14","18","2"
"1157","BOB-GAU","18","BOB-Gauribidanuru ","vjgaur@bankofbaroda.com","","BOB-Gauribidanuru  BANK OF BARODA, NVR COMPLEX, OPPOSITE TO INDIAN OIL PETROL PUMP,","1827","17","101","561208","29AAACB1534F3Z0","","AAACB1534F",\N,\N,\N,\N,\N,\N,"bob","2026-07-16 16:20:21","113",\N,\N,"20","18","BOB","Bank of Baroda","info@bob.com","1234567890","Hebbal, Bangalore",\N,"2022-06-14 12:08:55","1","2022-07-13 17:05:01","14","18","2"
"1158","MGROADS","18","M G ROAD SECUNDERABAD BRANCH","DBMGRO@bankofbaroda.com","","BANK OF BARODA, 2.4.14-16. 1ST FLOOR. , M.G.ROAD., HYDERABAD, HYDERABAD, BOB M G Road","1827","36","101","500003","36AAACB1534F3Z5","","AAACB1534F",\N,\N,\N,\N,\N,\N,"bob","2026-07-16 16:20:21","113",\N,\N,"20","18","BOB","Bank of Baroda","info@bob.com","1234567890","Hebbal, Bangalore",\N,"2022-06-14 12:08:55","1","2022-07-13 17:05:01","14","18","2"
"1159","BOB-PAL","18","BOB-Palace Orchards Branch ","ORCHAR@bankofbaroda.com","","BOB-Palace Orchards Branch  No 344/8, Upper Palace Orchards, 4th Main Rd, Sadashiva Nagar, Armane Nagar, Bengaluru, Karnataka","1827","17","101","560080","29AAACB1534F3Z0","","AAACB1534F",\N,\N,\N,\N,\N,\N,"bob","2026-07-16 16:20:21","113",\N,\N,"20","18","BOB","Bank of Baroda","info@bob.com","1234567890","Hebbal, Bangalore",\N,"2022-06-14 12:08:55","1","2022-07-13 17:05:01","14","18","2"
"1160","BOB-KRI","18","BOB-Krishnaiah Layout ","VJKRBA@bankofbaroda.com","","No. 85/26, 7th Cross,  10th Main, Krishnaiah Layout, Near Vishnuvardhan Circle, BSK 5th Stage,","1827","17","101","560061","29AAACB1534F3Z0","","AAACB1534F",\N,\N,\N,\N,\N,\N,"bob","2026-07-16 16:20:21","113",\N,\N,"20","18","BOB","Bank of Baroda","info@bob.com","1234567890","Hebbal, Bangalore",\N,"2022-06-14 12:08:55","1","2022-07-13 17:05:01","14","18","2"
"1161","BOB-RAP","18","BOB-RAPC Lucknow Metro","RLF.LUCKNOW@bankofbaroda.com","8826258267","BOB-RAPC Lucknow Metro 2nd Floor, V-23, Baroda House, Vibhuti Khand, Gomti Nagar, Lucknow-226010","1827","38","101","226010","09AAACB1534F1Z4","","AAACB1534F",\N,\N,\N,\N,\N,\N,"bob","2026-07-16 16:20:21","113",\N,\N,"20","18","BOB","Bank of Baroda","info@bob.com","1234567890","Hebbal, Bangalore",\N,"2022-06-14 12:08:55","1","2022-07-13 17:05:01","14","18","2"
"1162","BOB-BEL","18","BOB-Bellanduru ","VJGENN@bankofbaroda.com","","BOB-Bellanduru  Outer Ring Rd, near Kanti Sweets, Bellandur, Bengaluru, Karnataka","1827","17","101","560103","29AAACB1534F3Z0","","AAACB1534F",\N,\N,\N,\N,\N,\N,"bob","2026-07-16 16:20:21","113",\N,\N,"20","18","BOB","Bank of Baroda","info@bob.com","1234567890","Hebbal, Bangalore",\N,"2022-06-14 12:08:55","1","2022-07-13 17:05:01","14","18","2"
"1163","BOB-SOL","18","BOB-Solur ","VJSOLU@bankofbaroda.com","","BOB-Solur  Soluru, Magadi Taluk, Bengaluru South Dist","1827","17","101","562127","29AAACB1534F3Z0","","AAACB1534F",\N,\N,\N,\N,\N,\N,"bob","2026-07-16 16:20:21","113",\N,\N,"20","18","BOB","Bank of Baroda","info@bob.com","1234567890","Hebbal, Bangalore",\N,"2022-06-14 12:08:55","1","2022-07-13 17:05:01","14","18","2"
"1164","BOB-ADA","18","BOB-ADAVI GOLAVARAHALLI BRANCH","dbadav@bankofbaroda.com","","BOB-ADAVI GOLAVARAHALLI BRANCH ADAVI GOLAVARAHALLI BRANCH, C/O, GH MUNIRAJA, MARAL KUNTE POST,","1827","17","101","562101","29AAACB1534F3Z0","","AAACB1534F",\N,\N,\N,\N,\N,\N,"bob","2026-07-16 16:20:21","113",\N,\N,"20","18","BOB","Bank of Baroda","info@bob.com","1234567890","Hebbal, Bangalore",\N,"2022-06-14 12:08:55","1","2022-07-13 17:05:01","14","18","2"
"1165","BOB-BRO","18","BOB-Broadway, Ernakulam","VJBROA@bankofbaroda.com","","Santha Lodge Bldg, Post Office Link Road, Broadway,  Ernakulam, Kerala","1827","38","101","682031","32AAACB1534F3ZD","","AAACB1534F",\N,\N,\N,\N,\N,\N,"bob","2026-07-16 16:20:21","113",\N,\N,"20","18","BOB","Bank of Baroda","info@bob.com","1234567890","Hebbal, Bangalore",\N,"2022-06-14 12:08:55","1","2022-07-13 17:05:01","14","18","2"
"1166","BOB-BAL","18","BOB-BALEHONNUR","VJBALE@bankofbaroda.com","","BOB-BALEHONNUR  HIVAPOORNA COMPLEX,","1827","17","101","577112","29AAACB1534F3Z0","","AAACB1534F",\N,\N,\N,\N,\N,\N,"bob","2026-07-16 16:20:21","113",\N,\N,"20","18","BOB","Bank of Baroda","info@bob.com","1234567890","Hebbal, Bangalore",\N,"2022-06-14 12:08:55","1","2022-07-13 17:05:01","14","18","2"
"1167","BOBVenk","18","BOB Venkatapura","vjvepu@bankofbaroda.bank.in","","Hindupur Road, Venkatapura Pavagada Taluk, Tumkur","1827","17","101","561202","29AAACB1534F3Z0","","AAACB1534F",\N,\N,\N,\N,\N,\N,"bob","2026-07-16 16:20:21","113",\N,\N,"20","18","BOB","Bank of Baroda","info@bob.com","1234567890","Hebbal, Bangalore",\N,"2022-06-14 12:08:55","1","2022-07-13 17:05:01","14","18","2"
"1168","BOBKaki","18","BOB Kakinada","VJKKND@bankofbaroda.bank.in","","12-1-28, Suryaraopet, Jawahar Street,  Kakinada, Andhra Pradesh","1827","2","101","533001","37AAACB1534F2Z4","","AAACB1534F",\N,\N,\N,\N,\N,\N,"bob","2026-07-16 16:20:22","113",\N,\N,"20","18","BOB","Bank of Baroda","info@bob.com","1234567890","Hebbal, Bangalore",\N,"2022-06-14 12:08:55","1","2022-07-13 17:05:01","14","18","2"
"1169","BOBHiri","18","BOB Hiriadka","vjhiud@bankofbaroda.bank.in","","Udupi Karkala Road, Hiriadka,  Udupi District, Karnataka","1827","17","101","576113","29AAACB1534F3Z0","","AAACB1534F",\N,\N,\N,\N,\N,\N,"bob","2026-07-16 16:20:22","113",\N,\N,"20","18","BOB","Bank of Baroda","info@bob.com","1234567890","Hebbal, Bangalore",\N,"2022-06-14 12:08:55","1","2022-07-13 17:05:01","14","18","2"
"1170","BOBPadu","18","BOB Padubidri","vjpadu@bankofbaroda.bank.in","","Mahadevi Building, Main Road, Padubidri, Nadsal,  Udupi District, Karnataka","1827","17","101","574111","29AAACB1534F3Z0","","AAACB1534F",\N,\N,\N,\N,\N,\N,"bob","2026-07-16 16:20:22","113",\N,\N,"20","18","BOB","Bank of Baroda","info@bob.com","1234567890","Hebbal, Bangalore",\N,"2022-06-14 12:08:55","1","2022-07-13 17:05:01","14","18","2"
"1171","BOBRamm","18","BOB Rammurthynagar","vjrana@bankofbaroda.bank.in","","No. 54/E, Angada Heights, Opposite Sri Vari Driving School,  Kalkere Main Road, Ramamurthy Nagar, Bengaluru,","1827","17","101","560016","29AAACB1534F3Z0","","AAACB1534F",\N,\N,\N,\N,\N,\N,"bob","2026-07-16 16:20:22","113",\N,\N,"20","18","BOB","Bank of Baroda","info@bob.com","1234567890","Hebbal, Bangalore",\N,"2022-06-14 12:08:55","1","2022-07-13 17:05:01","14","18","2"
"1172","Siddapu","18","Siddapura-Kodagu","vjsiko@bankofbaroda.bank.in","","Virajpet Road, Siddapur,  Kodagu District, Karnataka","1827","17","101","571253","29AAACB1534F3Z0","","AAACB1534F",\N,\N,\N,\N,\N,\N,"bob","2026-07-16 16:20:22","113",\N,\N,"20","18","BOB","Bank of Baroda","info@bob.com","1234567890","Hebbal, Bangalore",\N,"2022-06-14 12:08:55","1","2022-07-13 17:05:01","14","18","2"
"1173","BOB-KAR","18","BOB-Karkala (Udupi)","vjkark@bankofbaroda.bank.in","","Bank of Baroda, Opposite Bus Stand,  Karkala, Udupi Dist,","1827","17","101","574104","29AAACB1534F3Z0","","AAACB1534F",\N,\N,\N,\N,\N,\N,"bob","2026-07-16 16:20:22","113",\N,\N,"20","18","BOB","Bank of Baroda","info@bob.com","1234567890","Hebbal, Bangalore",\N,"2022-06-14 12:08:55","1","2022-07-13 17:05:01","14","18","2"
"1174","BOBKris","18","BOB Krishnaih Layout","vjkrba@bankofbaroda.bank.in","","85/86, 7th Cross, 10th Main, Near Vishnuvardhan Circle,  Poornapragna Nagar, BSK 5th Stage,","1827","17","101","560061","29AAACB1534F3Z0","","AAACB1534F",\N,\N,\N,\N,\N,\N,"bob","2026-07-16 16:20:22","113",\N,\N,"20","18","BOB","Bank of Baroda","info@bob.com","1234567890","Hebbal, Bangalore",\N,"2022-06-14 12:08:55","1","2022-07-13 17:05:01","14","18","2"
"1175","BOBHarl","18","BOB Harlur","vjharl@bankofbaroda.bank.in","","Bank of Baroda, No. 108/1, Harlur Main Road,  Harlur Village, Bengaluru","1827","17","101","560102","29AAACB1534F3Z0","","AAACB1534F",\N,\N,\N,\N,\N,\N,"bob","2026-07-16 16:20:22","113",\N,\N,"20","18","BOB","Bank of Baroda","info@bob.com","1234567890","Hebbal, Bangalore",\N,"2022-06-14 12:08:55","1","2022-07-13 17:05:01","14","18","2"
"1176","BOBArdi","18","BOB Ardi Udupi","vjardi@bankofbaroda.bank.in","","S K Road, Ardi, Kundapur Taluk,  Udupi District, Karnataka","1827","17","101","576212","29AAACB1534F3Z0","","AAACB1534F",\N,\N,\N,\N,\N,\N,"bob","2026-07-16 16:20:22","113",\N,\N,"20","18","BOB","Bank of Baroda","info@bob.com","1234567890","Hebbal, Bangalore",\N,"2022-06-14 12:08:55","1","2022-07-13 17:05:01","14","18","2"
"1177","BOBChit","18","BOB Chitrahalli Hassan","vjchtr@bankofbaroda.bank.in","","Chitrahalli Gate, Holalkere Tq,  Chitradurga, Karnataka","1827","17","101","577557","29AAACB1534F3Z0","","AAACB1534F",\N,\N,\N,\N,\N,\N,"bob","2026-07-16 16:20:22","113",\N,\N,"20","18","BOB","Bank of Baroda","info@bob.com","1234567890","Hebbal, Bangalore",\N,"2022-06-14 12:08:55","1","2022-07-13 17:05:01","14","18","2"
"1178","BOBMani","18","BOB Manipal","vjmman@bankofbaroda.bank.in","","Trade Centaur, Syndicate Circle, Ananth Nagar,  Manipal, Udupi District, Karnataka","1827","17","101","576104","29AAACB1534F3Z0","","AAACB1534F",\N,\N,\N,\N,\N,\N,"bob","2026-07-16 16:20:22","113",\N,\N,"20","18","BOB","Bank of Baroda","info@bob.com","1234567890","Hebbal, Bangalore",\N,"2022-06-14 12:08:55","1","2022-07-13 17:05:01","14","18","2"
"1179","BOBStJo","18","BOB St Johns Nagar","stjohn@bankofbaroda.bank.in","","John Nagar Branch, St. John’s Medical College Campus,  Koramangala, Bengaluru, Karnataka","1827","17","101","560034","29AAACB1534F3Z0","","AAACB1534F",\N,\N,\N,\N,\N,\N,"bob","2026-07-16 16:20:22","113",\N,\N,"20","18","BOB","Bank of Baroda","info@bob.com","1234567890","Hebbal, Bangalore",\N,"2022-06-14 12:08:55","1","2022-07-13 17:05:01","14","18","2"
"1180","BOBRTNa","18","BOB R T Nagar","rtnaga@bankofbaroda.bank.in","","197, 10th Cross, CBI Road, Ganganagar,  R.T. Nagar Post, Bengaluru","1827","17","101","560032","29AAACB1534F3Z0","","AAACB1534F",\N,\N,\N,\N,\N,\N,"bob","2026-07-16 16:20:22","113",\N,\N,"20","18","BOB","Bank of Baroda","info@bob.com","1234567890","Hebbal, Bangalore",\N,"2022-06-14 12:08:55","1","2022-07-13 17:05:01","14","18","2"
"1181","BOBSMSU","18","BOB SMS Udupi","roudip@bankofbaroda.bank.in","","2nd Floor, Shamili Inn,  NH 66, Ambalpadi, Udupi","1829","17","101","576103","29AAACB1534F3Z0","","AAACB1534F",\N,\N,\N,\N,\N,\N,"bob","2026-07-16 16:20:22","113",\N,\N,"20","18","BOB","Bank of Baroda","info@bob.com","1234567890","Hebbal, Bangalore",\N,"2022-06-14 12:08:55","1","2022-07-13 17:05:01","14","18","2"
"1182","BOBHebr","18","BOB Hebri Branch","vjhebr@bankofbaroda.bank.in","","Kuchoor Road, Hebri, Karkala Taluk,  Hebri, Udupi District,","1829","17","101","576112","29AAACB1534F3Z0","","AAACB1534F",\N,\N,\N,\N,\N,\N,"bob","2026-07-16 16:20:22","113",\N,\N,"20","18","BOB","Bank of Baroda","info@bob.com","1234567890","Hebbal, Bangalore",\N,"2022-06-14 12:08:55","1","2022-07-13 17:05:01","14","18","2"
"1183","BOBRAUI","18","BOB RAU Indore","rauind@bankofbaroda.bank.in","","Bank of Baroda, A.B. Road, Opposite Petrol Pump,  Rau, Indore, Madhya Pradesh","1829","21","101","453331","23AAACB1534F2ZD","","AAACB1534F",\N,\N,\N,\N,\N,\N,"bob","2026-07-16 16:20:22","113",\N,\N,"20","18","BOB","Bank of Baroda","info@bob.com","1234567890","Hebbal, Bangalore",\N,"2022-06-14 12:08:55","1","2022-07-13 17:05:01","14","18","2"
"1184","BOBFraz","18","BOB Frazer Town","fraser@bankofbaroda.bank.in","","No-48, Hain's Road, Fraser Town,  Bengaluru","1829","17","101","560005","29AAACB1534F3Z0","","AAACB1534F",\N,\N,\N,\N,\N,\N,"bob","2026-07-16 16:20:22","113",\N,\N,"20","18","BOB","Bank of Baroda","info@bob.com","1234567890","Hebbal, Bangalore",\N,"2022-06-14 12:08:55","1","2022-07-13 17:05:01","14","18","2"
"1185","BOBMach","18","BOB Machina-Branch","vjmack@bankofbaroda.bank.in","","Machina Post, Ballamanja, Belthangadi Tq,  Machina, Dakshin Kannada,","1829","17","101","574295","29AAACB1534F3Z0","","AAACB1534F",\N,\N,\N,\N,\N,\N,"bob","2026-07-16 16:20:22","113",\N,\N,"20","18","BOB","Bank of Baroda","info@bob.com","1234567890","Hebbal, Bangalore",\N,"2022-06-14 12:08:55","1","2022-07-13 17:05:01","14","18","2"
"1186","BOBAthr","18","BOB Athradi","vjathr@bankofbaroda.bank.in","","Bank of Baroda, Athradi, Udupi Taluk,  Udupi District, Karnataka","1829","17","101","576107","29AAACB1534F3Z0","","AAACB1534F",\N,\N,\N,\N,\N,\N,"bob","2026-07-16 16:20:22","113",\N,\N,"20","18","BOB","Bank of Baroda","info@bob.com","1234567890","Hebbal, Bangalore",\N,"2022-06-14 12:08:55","1","2022-07-13 17:05:01","14","18","2"
"1187","BOBBelg","18","BOB Belgaum ","belgau@bankofbaroda.bank.in","","1568 Maruti Galli, Belgaum,","1551","17","101","590002","29AAACB1534F3Z0","","AAACB1534F",\N,\N,\N,\N,\N,\N,"bob","2026-07-16 16:20:22","113",\N,\N,"20","18","BOB","Bank of Baroda","info@bob.com","1234567890","Hebbal, Bangalore",\N,"2022-06-14 12:08:55","1","2022-07-13 17:05:01","14","18","2"
"1188","BOBBelm","18","BOB Belmannu Udupi","jbelm@bankofbaroda.bank.in","","Sri Durga Complex,  Sri Durga Parmeshwari Temple Road, Belman","1551","17","101","576111","29AAACB1534F3Z0","","AAACB1534F",\N,\N,\N,\N,\N,\N,"bob","2026-07-16 16:20:22","113",\N,\N,"20","18","BOB","Bank of Baroda","info@bob.com","1234567890","Hebbal, Bangalore",\N,"2022-06-14 12:08:55","1","2022-07-13 17:05:01","14","18","2"
"1189","BOBGand","18","BOB Gandhi Bazaar","vjgabz@bankofbaroda.bank.in","","P B No 433, 106 Main Road,  Gandhi Bazaar, Bengaluru, Karnataka","1551","17","101","560004","29AAACB1534F3Z0","","AAACB1534F",\N,\N,\N,\N,\N,\N,"bob","2026-07-16 16:20:22","113",\N,\N,"20","18","BOB","Bank of Baroda","info@bob.com","1234567890","Hebbal, Bangalore",\N,"2022-06-14 12:08:55","1","2022-07-13 17:05:01","14","18","2"
"1190","BOBGond","18","BOB Gonda Main Varanasi","gonda@bankofbaroda.bank.in","","Shanti Complex,  Circular Road, Gonda, Uttar Pradesh","1551","38","101","271002","09AAACB1534F1Z4","","AAACB1534F",\N,\N,\N,\N,\N,\N,"bob","2026-07-16 16:20:22","113",\N,\N,"20","18","BOB","Bank of Baroda","info@bob.com","1234567890","Hebbal, Bangalore",\N,"2022-06-14 12:08:55","1","2022-07-13 17:05:01","14","18","2"
"1191","BOBHenn","18","BOB Hennur","hennur@bankofbaroda.bank.in","","No. 475, BMR Complex,  Hennur Main Road, Bengaluru, Karnataka","1551","17","101","560043","29AAACB1534F3Z0","","AAACB1534F",\N,\N,\N,\N,\N,\N,"bob","2026-07-16 16:20:22","113",\N,\N,"20","18","BOB","Bank of Baroda","info@bob.com","1234567890","Hebbal, Bangalore",\N,"2022-06-14 12:08:55","1","2022-07-13 17:05:01","14","18","2"
"1192","BOBJawa","18","BOB Jawahar Nagar","srijaw@bankofbaroda.bank.in","","5 M 5, Jawahar Nagar,  Meera Marg, Sri Ganganagar, Rajasthan","1551","33","101","335001","08AAACB1534F1Z6","","AAACB1534F",\N,\N,\N,\N,\N,\N,"bob","2026-07-16 16:20:22","113",\N,\N,"20","18","BOB","Bank of Baroda","info@bob.com","1234567890","Hebbal, Bangalore",\N,"2022-06-14 12:08:55","1","2022-07-13 17:05:01","14","18","2"
"1193","BOBJaya","18","BOB Jayanagar","jayana@bankofbaroda.bank.in","","P.B. No. 1120, 9th Main Road,  3rd Block, Jayanagar, Bengaluru,","1551","17","101","560011","29AAACB1534F3Z0","","AAACB1534F",\N,\N,\N,\N,\N,\N,"bob","2026-07-16 16:20:22","113",\N,\N,"20","18","BOB","Bank of Baroda","info@bob.com","1234567890","Hebbal, Bangalore",\N,"2022-06-14 12:08:55","1","2022-07-13 17:05:01","14","18","2"
"1194","BOBKath","18","BOB Kathriguppe","vjkath@bankofbaroda.bank.in","","No. 16, Sai Samuka Square, ITI Layout Cross,  Kathriguppe Main Road, Banashankari 3rd Stage, Bengaluru","1551","17","101","560085","29AAACB1534F3Z0","","AAACB1534F",\N,\N,\N,\N,\N,\N,"bob","2026-07-16 16:20:22","113",\N,\N,"20","18","BOB","Bank of Baroda","info@bob.com","1234567890","Hebbal, Bangalore",\N,"2022-06-14 12:08:55","1","2022-07-13 17:05:01","14","18","2"
"1195","BOBKund","18","BOB Kundapura","vjkunp@bankofbaroda.bank.in","","P B No 21, New Brindavan Bldg,  Kundapur, Udupi District,","1551","17","101","576201","29AAACB1534F3Z0","","AAACB1534F",\N,\N,\N,\N,\N,\N,"bob","2026-07-16 16:20:22","113",\N,\N,"20","18","BOB","Bank of Baroda","info@bob.com","1234567890","Hebbal, Bangalore",\N,"2022-06-14 12:08:55","1","2022-07-13 17:05:01","14","18","2"
"1196","BOBKola","18","BOB Kolalgiri(Udupi)","vjkogi@bankofbaroda.bank.in","","Main Road, Beside BSNL Office, Near Bus Stand, Kolalagiri,  Havanje, Udupi Dist,","1551","17","101","576105","29AAACB1534F3Z0","","AAACB1534F",\N,\N,\N,\N,\N,\N,"bob","2026-07-16 16:20:22","113",\N,\N,"20","18","BOB","Bank of Baroda","info@bob.com","1234567890","Hebbal, Bangalore",\N,"2022-06-14 12:08:55","1","2022-07-13 17:05:01","14","18","2"
"1197","BOBMSRS","18","BOB MSRS-Nagar","vjmusu@bankofbaroda.bank.in","","No. 992, Vijaya Bank Layout, Behind IIM, Bilekahalli,  Bannerghatta Road, Bengaluru,","1551","17","101","560076","29AAACB1534F3Z0","","AAACB1534F",\N,\N,\N,\N,\N,\N,"bob","2026-07-16 16:20:22","113",\N,\N,"20","18","BOB","Bank of Baroda","info@bob.com","1234567890","Hebbal, Bangalore",\N,"2022-06-14 12:08:55","1","2022-07-13 17:05:01","14","18","2"
"1198","BOBMSME","18","BOB MSME Banglore","vjmbia@bankofbaroda.bank.in","","409-410, G N R Layout, Kittaganahalli Gate,  Bommasandra Industrial Area, Bangalore","1558","17","101","560158","29AAACB1534F3Z0","","AAACB1534F",\N,\N,\N,\N,\N,\N,"bob","2026-07-16 16:20:22","113",\N,\N,"20","18","BOB","Bank of Baroda","info@bob.com","1234567890","Hebbal, Bangalore",\N,"2022-06-14 12:08:55","1","2022-07-13 17:05:01","14","18","2"
"1199","BOBMudi","18","BOB Mudigere","vjmudi@bankofbaroda.bank.in","","P B No 26, K M Road,  Mudigere, Chikmagalur,","1582","17","101","577132","29AAACB1534F3Z0","","AAACB1534F",\N,\N,\N,\N,\N,\N,"bob","2026-07-16 16:20:22","113",\N,\N,"20","18","BOB","Bank of Baroda","info@bob.com","1234567890","Hebbal, Bangalore",\N,"2022-06-14 12:08:55","1","2022-07-13 17:05:01","14","18","2"
"1200","BOBShir","18","BOB Shiruru","vjshru@bankofbaroda.bank.in","","Prabhu Building, N.H. 66, Market, Shiruru, Kundapur, Udupi","1829","17","101","576228","29AAACB1534F3Z0","","AAACB1534F",\N,\N,\N,\N,\N,\N,"bob","2026-07-16 16:20:22","113",\N,\N,"20","18","BOB","Bank of Baroda","info@bob.com","1234567890","Hebbal, Bangalore",\N,"2022-06-14 12:08:55","1","2022-07-13 17:05:01","14","18","2"
"1201","BOBSubr","18","BOB Subramanyanagara","vjsuna@bankofbaroda.bank.in","","Medhini, No. 1205, 4th Main, Subramanya Nagar, E Block,  2nd Stage, Bengaluru,","1829","17","101","560010","29AAACB1534F3Z0","","AAACB1534F",\N,\N,\N,\N,\N,\N,"bob","2026-07-16 16:20:22","113",\N,\N,"20","18","BOB","Bank of Baroda","info@bob.com","1234567890","Hebbal, Bangalore",\N,"2022-06-14 12:08:55","1","2022-07-13 17:05:01","14","18","2"
"1202","BOBVish","18","BOB Vishweswaraiah Layout","vjviwe@bankofbaroda.bank.in","","No 425, 8th Cross, 5th Main, NGEF Layout,  Mallathahalli, Bengaluru,","1829","17","101","560056","29AAACB1534F3Z0","","AAACB1534F",\N,\N,\N,\N,\N,\N,"bob","2026-07-16 16:20:22","113",\N,\N,"20","18","BOB","Bank of Baroda","info@bob.com","1234567890","Hebbal, Bangalore",\N,"2022-06-14 12:08:55","1","2022-07-13 17:05:01","14","18","2"
"1203","BOBPerd","18","BOB Perdoor Udupi","vjperd@bankofbaroda.bank.in","","AR Street, Perdoor, Udupi Dist,","1829","17","101","576124","29AAACB1534F3Z0","","AAACB1534F",\N,\N,\N,\N,\N,\N,"bob","2026-07-16 16:20:22","113",\N,\N,"20","18","BOB","Bank of Baroda","info@bob.com","1234567890","Hebbal, Bangalore",\N,"2022-06-14 12:08:55","1","2022-07-13 17:05:01","14","18","2"
"1204","BOBSalv","18","BOB Salvady","vjsalv@bankofbaroda.bank.in","","Prema Nilaya Salvady, Kalavara Village,  Kundapur Taluk, Salvady,","1829","17","101","576222","29AAACB1534F3Z0","","AAACB1534F",\N,\N,\N,\N,\N,\N,"bob","2026-07-16 16:20:22","113",\N,\N,"20","18","BOB","Bank of Baroda","info@bob.com","1234567890","Hebbal, Bangalore",\N,"2022-06-14 12:08:55","1","2022-07-13 17:05:01","14","18","2"
"1205","BOBSing","18","BOB Singena Agra branch","sinagr@bankofbaroda.bank.in","","E-3, APMC Yard,  Singena Agrahara, Bangalore","1558","17","101","560099","29AAACB1534F3Z0","","AAACB1534F",\N,\N,\N,\N,\N,\N,"bob","2026-07-16 16:20:22","113",\N,\N,"20","18","BOB","Bank of Baroda","info@bob.com","1234567890","Hebbal, Bangalore",\N,"2022-06-14 12:08:55","1","2022-07-13 17:05:01","14","18","2"
"1206","BOBNark","18","BOB Narkol","narol@bankofbaroda.bank.in","","Khata No 310, Narasapura Industrial Area,  Kolar District,","1558","17","101","563133","29AAACB1534F3Z0","","AAACB1534F",\N,\N,\N,\N,\N,\N,"bob","2026-07-16 16:20:22","113",\N,\N,"20","18","BOB","Bank of Baroda","info@bob.com","1234567890","Hebbal, Bangalore",\N,"2022-06-14 12:08:55","1","2022-07-13 17:05:01","14","18","2"
"1207","BOBSout","18","BOB South-End-Road","vjsout@bankofbaroda.bank.in","","No. 106, South End Road,  Basavanagudi, Bengaluru,","1558","17","101","560004","29AAACB1534F3Z0","","AAACB1534F",\N,\N,\N,\N,\N,\N,"bob","2026-07-16 16:20:22","113",\N,\N,"20","18","BOB","Bank of Baroda","info@bob.com","1234567890","Hebbal, Bangalore",\N,"2022-06-14 12:08:55","1","2022-07-13 17:05:01","14","18","2"
"1208","BOBVart","18","BOB Varthur","vjvart@bankofbaroda.bank.in","","No. 98, Varthur Main Road, Opposite Mosque,  Varthur, Bengaluru,","1558","17","101","560087","29AAACB1534F3Z0","","AAACB1534F",\N,\N,\N,\N,\N,\N,"bob","2026-07-16 16:20:22","113",\N,\N,"20","18","BOB","Bank of Baroda","info@bob.com","1234567890","Hebbal, Bangalore",\N,"2022-06-14 12:08:55","1","2022-07-13 17:05:01","14","18","2"
"1209","BOBVara","18","BOB Varanasi","rovara@bankofbaroda.bank.in","","Baroda Bhavan, Plot No. 24,  Industrial Estate, Chandpur, Varanasi","5211","17","101","221106","09AAACB1534F1Z4","","AAACB1534F",\N,\N,\N,\N,\N,\N,"bob","2026-07-16 16:20:22","113",\N,\N,"20","18","BOB","Bank of Baroda","info@bob.com","1234567890","Hebbal, Bangalore",\N,"2022-06-14 12:08:55","1","2022-07-13 17:05:01","14","18","2"
"1210","BOBYell","18","BOB Yellur Udupi","vjyell@bankofbaroda.bank.in","","Church Complex, Post Pilar,  Mudarangady, Yellur,","5211","17","101","574113","29AAACB1534F3Z0","","AAACB1534F",\N,\N,\N,\N,\N,\N,"bob","2026-07-16 16:20:22","113",\N,\N,"20","18","BOB","Bank of Baroda","info@bob.com","1234567890","Hebbal, Bangalore",\N,"2022-06-14 12:08:55","1","2022-07-13 17:05:01","14","18","2"
"1211","BOBTiru","18","BOB Tirumale","vjtira@bankofbaroda.bank.in","","No. 5, Temple Road, Tirumale, Magadi Taluk,  Ramanagara District,","5211","17","101","562120","29AAACB1534F3Z0","","AAACB1534F",\N,\N,\N,\N,\N,\N,"bob","2026-07-16 16:20:22","113",\N,\N,"20","18","BOB","Bank of Baroda","info@bob.com","1234567890","Hebbal, Bangalore",\N,"2022-06-14 12:08:55","1","2022-07-13 17:05:01","14","18","2"
"1212","BOBNire","18","BOB Nirebailur","vjnire@bankofbaroda.bank.in","","Mada Complex, Nirebailur, Post Bailur,  Karkala Taluk, Udupi Dist, Bailur","5211","17","101","574102","29AAACB1534F3Z0","","AAACB1534F",\N,\N,\N,\N,\N,\N,"bob","2026-07-16 16:20:22","113",\N,\N,"20","18","BOB","Bank of Baroda","info@bob.com","1234567890","Hebbal, Bangalore",\N,"2022-06-14 12:08:55","1","2022-07-13 17:05:01","14","18","2"
"1213","BOBRAPC","18","BOB RAPC Hanumangarh","sms.hanumangarh@bankofbaroda.bank.in","","New Mandi, Majhila, Hanumangarh,  Rajasthan","5211","33","101","335513","08AAACB1534F1Z6","","AAACB1534F",\N,\N,\N,\N,\N,\N,"bob","2026-07-16 16:20:22","113",\N,\N,"20","18","BOB","Bank of Baroda","info@bob.com","1234567890","Hebbal, Bangalore",\N,"2022-06-14 12:08:55","1","2022-07-13 17:05:01","14","18","2"
"1214","SMSUdup","18","SMS Udupi","sms.udupi@bankofbaroda.bank.in","","2nd Floor, Shamili Inn, NH 66, A mbalpadi, Udupi, Karnataka","5211","17","101","576103","29AAACB1534F3Z0","","AAACB1534F",\N,\N,\N,\N,\N,\N,"bob","2026-07-16 16:20:22","113",\N,\N,"20","18","BOB","Bank of Baroda","info@bob.com","1234567890","Hebbal, Bangalore",\N,"2022-06-14 12:08:55","1","2022-07-13 17:05:01","14","18","2"
"1215","BOBRace","18","BOB Race coursce","raceco@bankofbaroda.bank.in","","101, Race Course Road,  Gopalapuram, Coimbatore, Tamil Nadu","5211","35","101","641018","33AAACB1534F3ZB","","AAACB1534F",\N,\N,\N,\N,\N,\N,"bob","2026-07-16 16:20:22","113",\N,\N,"20","18","BOB","Bank of Baroda","info@bob.com","1234567890","Hebbal, Bangalore",\N,"2022-06-14 12:08:55","1","2022-07-13 17:05:01","14","18","2"
"1216","BOBMyla","18","BOB Mylanahalli","vjmyha@bankofbaroda.bank.in","","No. 211, Mylanahalli, B K Halli Post, Jala Hobli,  Bangalore North Tq, Bangalore,","1558","17","101","562149","29AAACB1534F3Z0","","AAACB1534F",\N,\N,\N,\N,\N,\N,"bob","2026-07-16 16:20:22","113",\N,\N,"20","18","BOB","Bank of Baroda","info@bob.com","1234567890","Hebbal, Bangalore",\N,"2022-06-14 12:08:55","1","2022-07-13 17:05:01","14","18","2"
"1217","BOB-SUN","18","BOB- Sunkadakatte","VJSUKK@bankofbaroda.bank.in","","NO.296/295,JAI MARUTHI PLAZA, OPP.ASHRAYA HOSPITAL MAGADI MAIN ROAD, SUNKADAKATTE, BANGALORE","1558","17","101","560091","29AAACB1534F3Z0","","AAACB1534F",\N,\N,\N,\N,\N,\N,"bob","2026-07-16 16:20:22","113",\N,\N,"20","18","BOB","Bank of Baroda","info@bob.com","1234567890","Hebbal, Bangalore",\N,"2022-06-14 12:08:55","1","2022-07-13 17:05:01","14","18","2"
"1218","BOBMuda","18","BOB  Muda-Mysore-MR-Tathi-naidu","vjmuda@bankofbaroda.com","","Mysore Urban Development Authority Complex,   J.L.B. Road, Mysuru, Karnataka,","1558","17","101","570005","29AAACB1534F3Z0","","AAACB1534F",\N,\N,\N,\N,\N,\N,"bob","2026-07-16 16:20:22","113",\N,\N,"20","18","BOB","Bank of Baroda","info@bob.com","1234567890","Hebbal, Bangalore",\N,"2022-06-14 12:08:55","1","2022-07-13 17:05:01","14","18","2"
"1219","BOBJava","18","BOB Javagal HR","VJJAVA@bankofbaroda.bank.in","","Santhe Beedhi, Javagal Village and Post,  Arsikere Taluk, Hassan District,","1558","17","101","573125","29AAACB1534F3Z0","","AAACB1534F",\N,\N,\N,\N,\N,\N,"bob","2026-07-16 16:20:22","113",\N,\N,"20","18","BOB","Bank of Baroda","info@bob.com","1234567890","Hebbal, Bangalore",\N,"2022-06-14 12:08:55","1","2022-07-13 17:05:01","14","18","2"
"1220","BOBKuve","18","BOB Kuvempunagar Mysore","kuvemp@bankofbaroda.com","","No. 610/B, Panchamantra Main Road, P & T Block, Kuvempunagar, Mysuru,","1558","17","101","570023","29AAACB1534F3Z0","","AAACB1534F",\N,\N,\N,\N,\N,\N,"bob","2026-07-16 16:20:22","113",\N,\N,"20","18","BOB","Bank of Baroda","info@bob.com","1234567890","Hebbal, Bangalore",\N,"2022-06-14 12:08:55","1","2022-07-13 17:05:01","14","18","2"
"1221","BOBSakl","18","BOB Sakleshpur HR","VJSAKL@bankofbaroda.bank.in","","Vanijya Bhavan Building, B.M. Road, Sakleshpur, Hassan District,","1558","17","101","573134","29AAACB1534F3Z0","","AAACB1534F",\N,\N,\N,\N,\N,\N,"bob","2026-07-16 16:20:22","113",\N,\N,"20","18","BOB","Bank of Baroda","info@bob.com","1234567890","Hebbal, Bangalore",\N,"2022-06-14 12:08:55","1","2022-07-13 17:05:01","14","18","2"
"1222","BOBSrir","18","BOB Srirampura Mysore","vjsrir@bankofbaroda.co.in","","No. 10, Block 16, BEML Layout Main Road  Srirampura, Mysuru,","1558","17","101","570023","29AAACB1534F3Z0","","AAACB1534F",\N,\N,\N,\N,\N,\N,"bob","2026-07-16 16:20:22","113",\N,\N,"20","18","BOB","Bank of Baroda","info@bob.com","1234567890","Hebbal, Bangalore",\N,"2022-06-14 12:08:55","1","2022-07-13 17:05:01","14","18","2"
"1223","BOBVija","18","BOB Vijayanagar-Mysuru-MR","vjvimy@bankofbaroda.bank.in","","No 441 & 504, New Kalidasa Road, Vijayanagar 1st Stage, Mysuru,","1558","17","101","570017","29AAACB1534F3Z0","","AAACB1534F",\N,\N,\N,\N,\N,\N,"bob","2026-07-16 16:20:22","113",\N,\N,"20","18","BOB","Bank of Baroda","info@bob.com","1234567890","Hebbal, Bangalore",\N,"2022-06-14 12:08:55","1","2022-07-13 17:05:01","14","18","2"
"1224","BOBAbbu","18","BOB Abburkatte Branch","vjabbu@bankofbaroda.bank.in","","Door No. 17, Ground Floor, Doddabbur Village, Post Abburkatte Somavarpet Taluk, Kodagu District,","1558","17","101","571236","29AAACB1534F3Z0","","AAACB1534F",\N,\N,\N,\N,\N,\N,"bob","2026-07-16 16:20:22","113",\N,\N,"20","18","BOB","Bank of Baroda","info@bob.com","1234567890","Hebbal, Bangalore",\N,"2022-06-14 12:08:55","1","2022-07-13 17:05:01","14","18","2"
"1225","BOBAdug","18","BOB Adugodi","vjadug@bankofbaroda.bank.in","","P B No. 8227, 29, Hosur Road,  Adugodi, Bengaluru, Karnataka,","1558","17","101","560030","29AAACB1534F3Z0","","AAACB1534F",\N,\N,\N,\N,\N,\N,"bob","2026-07-16 16:20:22","113",\N,\N,"20","18","BOB","Bank of Baroda","info@bob.com","1234567890","Hebbal, Bangalore",\N,"2022-06-14 12:08:55","1","2022-07-13 17:05:01","14","18","2"
"1226","BOBBuss","18","BOB Bus stand Branch Shivamogga ","shimog@bankofbaroda.bank.in","","Patil Buildings, B.H. Road,  Near KSRTC Bus Stop, Shivamogga,","1558","17","101","577201","29AAACB1534F3Z0","","AAACB1534F",\N,\N,\N,\N,\N,\N,"bob","2026-07-16 16:20:22","113",\N,\N,"20","18","BOB","Bank of Baroda","info@bob.com","1234567890","Hebbal, Bangalore",\N,"2022-06-14 12:08:55","1","2022-07-13 17:05:01","14","18","2"
"1227","BOBByra","18","BOB Byrasandra","BYRASA@bankofbaroda.bank.in","","No. 1380/A, Nidhi, East End Main Road,   Jayanagar 4th T Block, Bengaluru Urban,","1558","17","101","560041","29AAACB1534F3Z0","","AAACB1534F",\N,\N,\N,\N,\N,\N,"bob","2026-07-16 16:20:22","113",\N,\N,"20","18","BOB","Bank of Baroda","info@bob.com","1234567890","Hebbal, Bangalore",\N,"2022-06-14 12:08:55","1","2022-07-13 17:05:01","14","18","2"
"1228","BOBChik","18","BOB Chikkodi","vjchbe@bankofbaroda.bank.in","","Shaha Complex, K.C. Road, Chikkodi, Belagavi District,","1558","17","101","591201","29AAACB1534F3Z0","","AAACB1534F",\N,\N,\N,\N,\N,\N,"bob","2026-07-16 16:20:22","113",\N,\N,"20","18","BOB","Bank of Baroda","info@bob.com","1234567890","Hebbal, Bangalore",\N,"2022-06-14 12:08:55","1","2022-07-13 17:05:01","14","18","2"
"1229","BOBDhar","18","BOB Dharwad Narayanapura branch","DHARWA@bankofbaroda.bank.in","","8605/A, IX Ward, Narayanpur,  Goa Road, Dharwad, Karnataka,","1589","17","101","580008","29AAACB1534F3Z0","","AAACB1534F",\N,\N,\N,\N,\N,\N,"bob","2026-07-16 16:20:22","113",\N,\N,"20","18","BOB","Bank of Baroda","info@bob.com","1234567890","Hebbal, Bangalore",\N,"2022-06-14 12:08:55","1","2022-07-13 17:05:01","14","18","2"
"1230","BOBDibb","18","BOB Dibbur","dbdibb@bankofbaroda.bank.in","","House No. 118, Opposite To Dibbur Milk Diary, Dibbur Village Chikkaballapura Taluk & District, Karnataka","1589","17","101","562101","29AAACB1534F3Z0","","AAACB1534F",\N,\N,\N,\N,\N,\N,"bob","2026-07-16 16:20:22","113",\N,\N,"20","18","BOB","Bank of Baroda","info@bob.com","1234567890","Hebbal, Bangalore",\N,"2022-06-14 12:08:55","1","2022-07-13 17:05:01","14","18","2"
"1231","BOBDodd","18","BOB Doddamagge Hassan","VJDOMA@bankofbaroda.bank.in","","Doddamagge Village, Arakalgud Taluk, Hassan District, Karnataka,","1589","17","101","573142","29AAACB1534F3Z0","","AAACB1534F",\N,\N,\N,\N,\N,\N,"bob","2026-07-16 16:20:22","113",\N,\N,"20","18","BOB","Bank of Baroda","info@bob.com","1234567890","Hebbal, Bangalore",\N,"2022-06-14 12:08:55","1","2022-07-13 17:05:01","14","18","2"
"1232","BOBGomt","18","BOB Gomtinagar Lucknow","KOMAL.LALWANI@bankofbaroda.bank.in","","Bank of Baroda Zonal Office, V-23, Baroda House,  Vibhuti Khand, Gomti Nagar, Lucknow, Uttar Pradesh","1589","38","101","226010","09AAACB1534F1Z4","","AAACB1534F",\N,\N,\N,\N,\N,\N,"bob","2026-07-16 16:20:22","113",\N,\N,"20","18","BOB","Bank of Baroda","info@bob.com","1234567890","Hebbal, Bangalore",\N,"2022-06-14 12:08:55","1","2022-07-13 17:05:01","14","18","2"
"1233","BOBGopa","18","BOB Gopal Branch Shivamogga","gopala@bankofbaroda.bank.in","","dhyshree KHB-05, Gopala, Near Hotel Vidhathri Bhavan Shivamogga District, Karnataka,","1589","17","101","577205","29AAACB1534F3Z0","","AAACB1534F",\N,\N,\N,\N,\N,\N,"bob","2026-07-16 16:20:23","113",\N,\N,"20","18","BOB","Bank of Baroda","info@bob.com","1234567890","Hebbal, Bangalore",\N,"2022-06-14 12:08:55","1","2022-07-13 17:05:01","14","18","2"
"1234","BOBHass","18","BOB Hassan","HASSAN@bankofbaroda.bank.in","","No. 4410, BM Road,  Near Hemavathi Statue, Hassan,","1623","17","101","573201","29AAACB1534F3Z0","","AAACB1534F",\N,\N,\N,\N,\N,\N,"bob","2026-07-16 16:20:23","113",\N,\N,"20","18","BOB","Bank of Baroda","info@bob.com","1234567890","Hebbal, Bangalore",\N,"2022-06-14 12:08:55","1","2022-07-13 17:05:01","14","18","2"
"1235","BOBHatt","18","BOB Hattargi Hubli","VJHATT@bankofbaroda.bank.in","","Bisirotti Building, Yamkanmardi Road, Hattargi, Hukkeri Taluk, Belagavi District,","1623","17","101","591246","29AAACB1534F3Z0","","AAACB1534F",\N,\N,\N,\N,\N,\N,"bob","2026-07-16 16:20:23","113",\N,\N,"20","18","BOB","Bank of Baroda","info@bob.com","1234567890","Hebbal, Bangalore",\N,"2022-06-14 12:08:55","1","2022-07-13 17:05:01","14","18","2"
"1236","BOBKoma","18","BOB Komaripalem Vishakhapatnam","VJKPLM@bankofbaroda.bank.in","","No. 162, Machavaram To Rajanagaram Road, Opposite KPR Rice Mill Komaripalem, Biccavolu Mandal, East Godavari District, Andhra Pradesh","1623","2","101","533346","37AAACB1534F2Z4","","AAACB1534F",\N,\N,\N,\N,\N,\N,"bob","2026-07-16 16:20:23","113",\N,\N,"20","18","BOB","Bank of Baroda","info@bob.com","1234567890","Hebbal, Bangalore",\N,"2022-06-14 12:08:55","1","2022-07-13 17:05:01","14","18","2"
"1237","BOBMask","18","BOB Maskal Branch","VJMASK@bankofbaroda.bank.in","","Hiriyur - Dharmapura Main Road, Maskal Village, Hiriyur Taluk, Chitradurga District,","1623","17","101","577546","29AAACB1534F3Z0","","AAACB1534F",\N,\N,\N,\N,\N,\N,"bob","2026-07-16 16:20:23","113",\N,\N,"20","18","BOB","Bank of Baroda","info@bob.com","1234567890","Hebbal, Bangalore",\N,"2022-06-14 12:08:55","1","2022-07-13 17:05:01","14","18","2"
"1238","BOBNaga","18","BOB Nagarur ","vjnagr@bankofbaroda.co.in","","Y13, Sambram Complex, Ground Floor,   Club Road, Somawarpet, Nagroor,","1623","17","101","571236","29AAACB1534F3Z0","","AAACB1534F",\N,\N,\N,\N,\N,\N,"bob","2026-07-16 16:20:23","113",\N,\N,"20","18","BOB","Bank of Baroda","info@bob.com","1234567890","Hebbal, Bangalore",\N,"2022-06-14 12:08:55","1","2022-07-13 17:05:01","14","18","2"
"1239","BOBOxfo","18","BOB Oxford Dental College & Hospital Branch","vjoxdc@bankofbaroda.bank.in","","Oxford Engineering College, 10th Mile Stone,  Bommanahalli, Hosur Road, Bengaluru,","1623","17","101","560068","29AAACB1534F3Z0","","AAACB1534F",\N,\N,\N,\N,\N,\N,"bob","2026-07-16 16:20:23","113",\N,\N,"20","18","BOB","Bank of Baroda","info@bob.com","1234567890","Hebbal, Bangalore",\N,"2022-06-14 12:08:55","1","2022-07-13 17:05:01","14","18","2"
"1240","BOBRajk","18","BOB Rajkumar Road","RAJAJI@bankofbaroda.bank.in","","1001/56, Dr. Rajkumar Road,  4th Block, Rajajinagar, Bengaluru,","1623","17","101","560010","29AAACB1534F3Z0","","AAACB1534F",\N,\N,\N,\N,\N,\N,"bob","2026-07-16 16:20:23","113",\N,\N,"20","18","BOB","Bank of Baroda","info@bob.com","1234567890","Hebbal, Bangalore",\N,"2022-06-14 12:08:55","1","2022-07-13 17:05:01","14","18","2"
"1241","BOBSant","18","BOB Santhepete-MR","vjsape@bankofbaroda.bank.in","","No. 28, D. Devaraj Urs Road, Near K.R. Circle, Santhepet,  Subbarayanakere, Shivarampet, Mysuru,","1623","17","101","570001","29AAACB1534F3Z0","","AAACB1534F",\N,\N,\N,\N,\N,\N,"bob","2026-07-16 16:20:23","113",\N,\N,"20","18","BOB","Bank of Baroda","info@bob.com","1234567890","Hebbal, Bangalore",\N,"2022-06-14 12:08:55","1","2022-07-13 17:05:01","14","18","2"
"1242","BOBPull","18","BOB Pullazhi Branch","PULLAZ@bankofbaroda.bank.in","","Olarikkara Junction, Pullazhi, Thrissur  (Trichur), Kerala,","1623","19","101","680012","32AAACB1534F3ZD","","AAACB1534F",\N,\N,\N,\N,\N,\N,"bob","2026-07-16 16:20:23","113",\N,\N,"20","18","BOB","Bank of Baroda","info@bob.com","1234567890","Hebbal, Bangalore",\N,"2022-06-14 12:08:55","1","2022-07-13 17:05:01","14","18","2"
"1243","BOBSidd","18","BOB Siddaiah Road","siddai@bankofbaroda.co.in","","No. 6, Ground Floor, Jwalamukhi Complex,  Near Urvashi Theater, Siddaiah Road, Bengaluru,","1623","17","101","560027","29AAACB1534F3Z0","","AAACB1534F",\N,\N,\N,\N,\N,\N,"bob","2026-07-16 16:20:23","113",\N,\N,"20","18","BOB","Bank of Baroda","info@bob.com","1234567890","Hebbal, Bangalore",\N,"2022-06-14 12:08:55","1","2022-07-13 17:05:01","14","18","2"
"1244","BOBThri","18","BOB Thrissur","EDAKKA@bankofbaroda.bank.in","","Ground Floor, Ali Square Building, Ooty Road, Post Office Edakkara, Malappuram District,","1623","19","101","679331","32AAACB1534F3ZD","","AAACB1534F",\N,\N,\N,\N,\N,\N,"bob","2026-07-16 16:20:23","113",\N,\N,"20","18","BOB","Bank of Baroda","info@bob.com","1234567890","Hebbal, Bangalore",\N,"2022-06-14 12:08:55","1","2022-07-13 17:05:01","14","18","2"
"1245","BOBSara","18","BOB Saraswathinagar Shivamogga","sarwat@bankofbaroda.com","","No. 644, Sri Durga Krupa, 60 Feet Road Nituvalli, Davanagere,","1623","17","101","577004","29AAACB1534F3Z0","","AAACB1534F",\N,\N,\N,\N,\N,\N,"bob","2026-07-16 16:20:23","113",\N,\N,"20","18","BOB","Bank of Baroda","info@bob.com","1234567890","Hebbal, Bangalore",\N,"2022-06-14 12:08:55","1","2022-07-13 17:05:01","14","18","2"
"1246","BOBKumt","18","BOB Kumta-Branch-HR","Vjkumt@bankofbaroda.co.in","","Varun Arcade, Bus Stand Road, Nellikeri, Kumta,Uttara Kannada District","1623","17","101","581343","29AAACB1534F3Z0","","AAACB1534F",\N,\N,\N,\N,\N,\N,"bob","2026-07-16 16:20:23","113",\N,\N,"20","18","BOB","Bank of Baroda","info@bob.com","1234567890","Hebbal, Bangalore",\N,"2022-06-14 12:08:55","1","2022-07-13 17:05:01","14","18","2"
"1247","BOBBugu","18","BOB Bugudanahalli","VJBUGU@bankofbaroda.bank.in","","Main Road, Bugudanahalli,  Tumkur District","1623","17","101","572107","29AAACB1534F3Z0","","AAACB1534F",\N,\N,\N,\N,\N,\N,"bob","2026-07-16 16:20:23","113",\N,\N,"20","18","BOB","Bank of Baroda","info@bob.com","1234567890","Hebbal, Bangalore",\N,"2022-06-14 12:08:55","1","2022-07-13 17:05:01","14","18","2"
"1248","BOBKhan","18","BOB Khanagaon-HR","dbkgao@bankofbaroda.com","","Gokak Road, Opposite to Government Primary School Khanagaon (K.H.), Belagavi Taluk, Belagavi District","1623","17","101","590016","29AAACB1534F3Z0","","AAACB1534F",\N,\N,\N,\N,\N,\N,"bob","2026-07-16 16:20:23","113",\N,\N,"20","18","BOB","Bank of Baroda","info@bob.com","1234567890","Hebbal, Bangalore",\N,"2022-06-14 12:08:55","1","2022-07-13 17:05:01","14","18","2"
"1249","BOB-GOP","18","BOB-Gopala-Branch","gopala@bankofbaroda.com","","Adhyshree KHB-05, Gopala,Near Hotel Vidhathri Bhavan Shivamogga (Shimoga) District","1623","17","101","577205","29AAACB1534F3Z0","","AAACB1534F",\N,\N,\N,\N,\N,\N,"bob","2026-07-16 16:20:23","113",\N,\N,"20","18","BOB","Bank of Baroda","info@bob.com","1234567890","Hebbal, Bangalore",\N,"2022-06-14 12:08:55","1","2022-07-13 17:05:01","14","18","2"
"1250","BOBJCRo","18","BOB  J C Road","VJRCRO@bankofbaroda.bank.in","","P.B. No. 5099, Bharatiya Vidya Bhavan Building, Race Course Road, High Grounds,Bengaluru","1623","17","101","560001","29AAACB1534F3Z0","","AAACB1534F",\N,\N,\N,\N,\N,\N,"bob","2026-07-16 16:20:23","113",\N,\N,"20","18","BOB","Bank of Baroda","info@bob.com","1234567890","Hebbal, Bangalore",\N,"2022-06-14 12:08:55","1","2022-07-13 17:05:01","14","18","2"
"1251","BOBBejj","18","BOB Bejjavalli-Shivamogga","VJBEJJ@bankofbaroda.bank.in","","GRK Building, Shimoga-Mangalore Road,Bejjavalli Thirthahalli Taluk,Shivamogga District,","1623","17","101","577232","29AAACB1534F3Z0","","AAACB1534F",\N,\N,\N,\N,\N,\N,"bob","2026-07-16 16:20:23","113",\N,\N,"20","18","BOB","Bank of Baroda","info@bob.com","1234567890","Hebbal, Bangalore",\N,"2022-06-14 12:08:55","1","2022-07-13 17:05:01","14","18","2"
"1252","BOBSayy","18","BOB Sayyaji-Rao-Road-Mysore","vjsayy@bankofbaroda.com","","Door No. 1873, 4A, Wesley Road, ,Mysuru (Mysore),Karnataka","1623","17","101","570021","29AAACB1534F3Z0","","AAACB1534F",\N,\N,\N,\N,\N,\N,"bob","2026-07-16 16:20:23","113",\N,\N,"20","18","BOB","Bank of Baroda","info@bob.com","1234567890","Hebbal, Bangalore",\N,"2022-06-14 12:08:55","1","2022-07-13 17:05:01","14","18","2"
"1253","BOBHona","18","BOB Honavar-Shivamogga","HONAVA@bankofbaroda.bank.in","","Sushil Towers, Opposite Canara Bank (Erstwhile Syndicate Bank), Bazar Road, Near Bus Stand,Honavar, Uttara Kannada District","1623","17","101","581334","29AAACB1534F3Z0","","AAACB1534F",\N,\N,\N,\N,\N,\N,"bob","2026-07-16 16:20:23","113",\N,\N,"20","18","BOB","Bank of Baroda","info@bob.com","1234567890","Hebbal, Bangalore",\N,"2022-06-14 12:08:55","1","2022-07-13 17:05:01","14","18","2"
"1254","Holalke","18","Holalkere-Hassan-HR","vjhola@bankofbaroda.co.in","","B.M. Road, Holalkere Taluk, Chitradurga District,","1623","17","101","577526","29AAACB1534F3Z0","","AAACB1534F",\N,\N,\N,\N,\N,\N,"bob","2026-07-16 16:20:23","113",\N,\N,"20","18","BOB","Bank of Baroda","info@bob.com","1234567890","Hebbal, Bangalore",\N,"2022-06-14 12:08:55","1","2022-07-13 17:05:01","14","18","2"
"1255","BOBAksh","18","BOB Akshaynagar","AKSNAG@bankofbaroda.bank.in","","Pinnacle Business Square, Ground Floor,No. 5, 709/220/5, Yelenahalli Main Road,Akshayanagar, Bengaluru,","1623","17","101","560114","29AAACB1534F3Z0","","AAACB1534F",\N,\N,\N,\N,\N,\N,"bob","2026-07-16 16:20:23","113",\N,\N,"20","18","BOB","Bank of Baroda","info@bob.com","1234567890","Hebbal, Bangalore",\N,"2022-06-14 12:08:55","1","2022-07-13 17:05:01","14","18","2"
"1256","BOBAnek","18","BOB Anekal","anekal@bankofbaroda.co.in","","No. 87, Ground Floor,Bhajanmandir Street,  Anekal Post,Bengaluru Urban, Karnataka","1623","17","101","562106","29AAACB1534F3Z0","","AAACB1534F",\N,\N,\N,\N,\N,\N,"bob","2026-07-16 16:20:23","113",\N,\N,"20","18","BOB","Bank of Baroda","info@bob.com","1234567890","Hebbal, Bangalore",\N,"2022-06-14 12:08:55","1","2022-07-13 17:05:01","14","18","2"
"1257","BOBMuva","18","BOB Muvattupuzha Branch Kerala","VJMUER@bankofbaroda.bank.in","","Veloorkunnam, Muvattupuzha Ernakulam District,Kerala","1623","19","101","686661","32AAACB1534F1ZM","","AAACB1534F",\N,\N,\N,\N,\N,\N,"bob","2026-07-16 16:20:23","113",\N,\N,"20","18","BOB","Bank of Baroda","info@bob.com","1234567890","Hebbal, Bangalore",\N,"2022-06-14 12:08:55","1","2022-07-13 17:05:01","14","18","2"
"1258","BOBPBBI","18","BOB PBB Indiranagar","PBBBAN@bankofbaroda.bank.in","","No. 72, M.G. Road Bengaluru,","1623","17","101","560001","29AAACB1534F3Z0","","AAACB1534F",\N,\N,\N,\N,\N,\N,"bob","2026-07-16 16:20:23","113",\N,\N,"20","18","BOB","Bank of Baroda","info@bob.com","1234567890","Hebbal, Bangalore",\N,"2022-06-14 12:08:55","1","2022-07-13 17:05:01","14","18","2"
"1259","BOBTand","18","BOB Tandaga Branch","VJTACH@bankofbaroda.bank.in","","Hosadurga Taluk, Chitradurga District Tandaga,","1623","17","101","573114","29AAACB1534F3Z0","","AAACB1534F",\N,\N,\N,\N,\N,\N,"bob","2026-07-16 16:20:23","113",\N,\N,"20","18","BOB","Bank of Baroda","info@bob.com","1234567890","Hebbal, Bangalore",\N,"2022-06-14 12:08:55","1","2022-07-13 17:05:01","14","18","2"
"1260","JLB-ROA","18","JLB-Road-Mysuru-MR","vjjlbr@bankofbaroda.com","","P.B. No. 319, No. 876/8 & 876/8B 1st Cross, Laxmipuram, Mysuru","1623","17","101","570004","29AAACB1534F3Z0","","AAACB1534F",\N,\N,\N,\N,\N,\N,"bob","2026-07-16 16:20:23","113",\N,\N,"20","18","BOB","Bank of Baroda","info@bob.com","1234567890","Hebbal, Bangalore",\N,"2022-06-14 12:08:55","1","2022-07-13 17:05:01","14","18","2"
"1261","BOBIndi","18","BOB Indiranagar Main","vjinba@bankofbaroda.bank.in","","No. 325, Chinmaya Mission Hospital (CMH) Road, Binnamangala, HAL 1st Stage, Indiranagar,Bengaluru,","1623","17","101","560038","29AAACB1534F3Z0","","AAACB1534F",\N,\N,\N,\N,\N,\N,"bob","2026-07-16 16:20:23","113",\N,\N,"20","18","BOB","Bank of Baroda","info@bob.com","1234567890","Hebbal, Bangalore",\N,"2022-06-14 12:08:55","1","2022-07-13 17:05:01","14","18","2"
"1262","Goka","18","Gokak","GOKAK@bankofbaroda.bank.in","","No. 3191 A/10, Bus Stand Road,Old Moholla,  Gokak,Belagavi District,","1623","17","101","591307","29AAACB1534F3Z0","","AAACB1534F",\N,\N,\N,\N,\N,\N,"bob","2026-07-16 16:20:23","113",\N,\N,"20","18","BOB","Bank of Baroda","info@bob.com","1234567890","Hebbal, Bangalore",\N,"2022-06-14 12:08:55","1","2022-07-13 17:05:01","14","18","2"
"1263","CottonM","18","Cotton Market Branch-Tirupur","cotton@bankofbaroda.bank.in","","No. 642, Kamaraj Road,Post Box No: 434 Tiruppur, Tamil Nadu","1623","35","101","641604","33AAACB1534F3ZB","","AAACB1534F",\N,\N,\N,\N,\N,\N,"bob","2026-07-16 16:20:23","113",\N,\N,"20","18","BOB","Bank of Baroda","info@bob.com","1234567890","Hebbal, Bangalore",\N,"2022-06-14 12:08:55","1","2022-07-13 17:05:01","14","18","2"
"1264","Belur-H","18","Belur-HR","VJBLUR@bankofbaroda.bank.in","","Channakeshva Temple Road,Belur, Belur Taluk, Hassan District,","1623","17","101","573115","29AAACB1534F3Z0","","AAACB1534F",\N,\N,\N,\N,\N,\N,"bob","2026-07-16 16:20:23","113",\N,\N,"20","18","BOB","Bank of Baroda","info@bob.com","1234567890","Hebbal, Bangalore",\N,"2022-06-14 12:08:55","1","2022-07-13 17:05:01","14","18","2"
"1265","BOBCham","18","BOB Chamrajnagar MR","vjcngr@bankofbaroda.bank.iN","","Main Road, Chamarajanagar,","1623","17","101","571313","29AAACB1534F3Z0","","AAACB1534F",\N,\N,\N,\N,\N,\N,"bob","2026-07-16 16:20:23","113",\N,\N,"20","18","BOB","Bank of Baroda","info@bob.com","1234567890","Hebbal, Bangalore",\N,"2022-06-14 12:08:55","1","2022-07-13 17:05:01","14","18","2"
"1266","SMV-LAY","18","SMV-Layout","VISHWE@bankofbaroda.bank.in","","Building No. 161, 100 Feet Road, 4th Block,Vishweshwaraiah Layout Bengaluru South Taluk,Bengaluru Urban,","1623","17","101","560056","29AAACB1534F3Z0","","AAACB1534F",\N,\N,\N,\N,\N,\N,"bob","2026-07-16 16:20:23","113",\N,\N,"20","18","BOB","Bank of Baroda","info@bob.com","1234567890","Hebbal, Bangalore",\N,"2022-06-14 12:08:55","1","2022-07-13 17:05:01","14","18","2"
"1267","SDM-COL","18","SDM-College-Branch-Hassan-HR","VJSCAH@bankofbaroda.bank.in","","S D M College of Ayurveda & Hospital, Tannerhalla, B.M. Road, Hassan,","1623","17","101","573201","29AAACB1534F3Z0","","AAACB1534F",\N,\N,\N,\N,\N,\N,"bob","2026-07-16 16:20:23","113",\N,\N,"20","18","BOB","Bank of Baroda","info@bob.com","1234567890","Hebbal, Bangalore",\N,"2022-06-14 12:08:55","1","2022-07-13 17:05:01","14","18","2"
"1268","Belagav","18","Belagavi-Satellite","belgau@bankofbaroda.bank.co.in","","CTS No. 4829/A1, Ground Floor,Khanapur Road, Near Tilakwadi First Gate,Belagavi (Belgaum),","1623","17","101","590001","29AAACB1534F3Z0","","AAACB1534F",\N,\N,\N,\N,\N,\N,"bob","2026-07-16 16:20:23","113",\N,\N,"20","18","BOB","Bank of Baroda","info@bob.com","1234567890","Hebbal, Bangalore",\N,"2022-06-14 12:08:55","1","2022-07-13 17:05:01","14","18","2"
"1269","BOBAsho","18","BOB Ashok Road Sagar Shivamogga","vjsaga@bankofbaroda.bank.in","","HKH Complex, Ashoka Road, Sagar, Shivamogga District,","1623","17","101","577401","29AAACB1534F3Z0","","AAACB1534F",\N,\N,\N,\N,\N,\N,"bob","2026-07-16 16:20:23","113",\N,\N,"20","18","BOB","Bank of Baroda","info@bob.com","1234567890","Hebbal, Bangalore",\N,"2022-06-14 12:08:55","1","2022-07-13 17:05:01","14","18","2"
"7","AVNURD","20","Avenue Road","avenue@unionbankofindia.com","78995 48777","Avenue Road","1558","17","101","","","29AAACU0564G2ZC","","AAACU0564G",\N,"UDYAM-KR-03-0106234",\N,\N,\N,\N,"2022-07-13 16:02:52","21",\N,\N,"20","20","UBI","Union Bank of India","UBI@UBI.com","9999999999","Bangalore-560001","{\
  ""nameSearchQueries"": [\
    {\
      ""queryDHI"": {\
        ""multi_match"": {\
          ""query"": ""SEARCH_NAME"",\
          ""fields"": [\
            ""name""\
          ],\
          ""type"": ""phrase"",\
          ""analyzer"": ""dhi_term_analyzer"",\
          ""boost"": 10\
        }\
      }\
    }\
  ],\
  ""addressSearchQueries"": [\
    {\
      ""queryDHI"": {\
        ""match"": {\
          ""address"": {\
            ""query"": ""SEARCH_ADDRESS"",\
            ""analyzer"": ""dhi_term_analyzer""\
          }\
        }\
      }\
    }\
  ],\
  ""nameAddressQueries"": [\
    {\
      ""queryDHI"": {\
        ""bool"": {\
          ""must"": [\
            {\
              ""multi_match"": {\
                ""query"": ""SEARCH_NAME"",\
                ""fields"": [\
                  ""name""\
                ],\
                ""type"": ""phrase"",\
                ""analyzer"": ""dhi_term_analyzer"",\
                ""boost"": 10\
              }\
            },\
            {\
              ""multi_match"": {\
                ""query"": ""SEARCH_ADDRESS"",\
                ""type"": ""most_fields"",\
                ""fields"": [\
                  ""address""\
                ],\
                ""analyzer"": ""dhi_term_analyzer"",\
                ""boost"": 2\
              }\
            }\
          ]\
        }\
      }\
    },\
    {\
      ""queryDHI"": {\
        ""bool"": {\
          ""must"": [\
            {\
              ""multi_match"": {\
                ""query"": ""SEARCH_NAME"",\
                ""fields"": [\
                  ""name""\
                ],\
                ""type"": ""phrase"",\
                ""analyzer"": ""dhi_term_analyzer"",\
                ""boost"": 2\
              }\
            },\
            {\
              ""multi_match"": {\
                ""query"": ""SEARCH_ADDRESS"",\
                ""type"": ""most_fields"",\
                ""fields"": [\
                  ""address""\
                ],\
                ""analyzer"": ""dhi_term_analyzer"",\
                ""boost"": 10\
              }\
            }\
          ]\
        }\
      }\
    }\
  ]\
}","2022-06-20 10:38:29","14","2022-06-23 15:40:25","1","18","2"
"8","BASVNR","20","Basaveshvaranagara","basaveshwara@unionbankofindia.com","99004 24609","Basaveshvaranagara","1558","17","101","","","29AAACU0564G2ZC","","AAACU0564G",\N,"UDYAM-KR-03-0106234",\N,\N,\N,\N,"2022-07-13 16:02:52","21",\N,\N,"20","20","UBI","Union Bank of India","UBI@UBI.com","9999999999","Bangalore-560001","{\
  ""nameSearchQueries"": [\
    {\
      ""queryDHI"": {\
        ""multi_match"": {\
          ""query"": ""SEARCH_NAME"",\
          ""fields"": [\
            ""name""\
          ],\
          ""type"": ""phrase"",\
          ""analyzer"": ""dhi_term_analyzer"",\
          ""boost"": 10\
        }\
      }\
    }\
  ],\
  ""addressSearchQueries"": [\
    {\
      ""queryDHI"": {\
        ""match"": {\
          ""address"": {\
            ""query"": ""SEARCH_ADDRESS"",\
            ""analyzer"": ""dhi_term_analyzer""\
          }\
        }\
      }\
    }\
  ],\
  ""nameAddressQueries"": [\
    {\
      ""queryDHI"": {\
        ""bool"": {\
          ""must"": [\
            {\
              ""multi_match"": {\
                ""query"": ""SEARCH_NAME"",\
                ""fields"": [\
                  ""name""\
                ],\
                ""type"": ""phrase"",\
                ""analyzer"": ""dhi_term_analyzer"",\
                ""boost"": 10\
              }\
            },\
            {\
              ""multi_match"": {\
                ""query"": ""SEARCH_ADDRESS"",\
                ""type"": ""most_fields"",\
                ""fields"": [\
                  ""address""\
                ],\
                ""analyzer"": ""dhi_term_analyzer"",\
                ""boost"": 2\
              }\
            }\
          ]\
        }\
      }\
    },\
    {\
      ""queryDHI"": {\
        ""bool"": {\
          ""must"": [\
            {\
              ""multi_match"": {\
                ""query"": ""SEARCH_NAME"",\
                ""fields"": [\
                  ""name""\
                ],\
                ""type"": ""phrase"",\
                ""analyzer"": ""dhi_term_analyzer"",\
                ""boost"": 2\
              }\
            },\
            {\
              ""multi_match"": {\
                ""query"": ""SEARCH_ADDRESS"",\
                ""type"": ""most_fields"",\
                ""fields"": [\
                  ""address""\
                ],\
                ""analyzer"": ""dhi_term_analyzer"",\
                ""boost"": 10\
              }\
            }\
          ]\
        }\
      }\
    }\
  ]\
}","2022-06-20 10:38:29","14","2022-06-23 15:40:25","1","18","2"
"9","BHVNNR","20","Bhuvaneshwari Nagar","bhuvaneshwari@unionbankofindia.com","72590 40015","Bhuvaneshwari Nagar","1558","17","101","","","29AAACU0564G2ZC","","AAACU0564G",\N,"UDYAM-KR-03-0106234",\N,\N,\N,\N,"2022-07-13 16:02:52","21",\N,\N,"20","20","UBI","Union Bank of India","UBI@UBI.com","9999999999","Bangalore-560001","{\
  ""nameSearchQueries"": [\
    {\
      ""queryDHI"": {\
        ""multi_match"": {\
          ""query"": ""SEARCH_NAME"",\
          ""fields"": [\
            ""name""\
          ],\
          ""type"": ""phrase"",\
          ""analyzer"": ""dhi_term_analyzer"",\
          ""boost"": 10\
        }\
      }\
    }\
  ],\
  ""addressSearchQueries"": [\
    {\
      ""queryDHI"": {\
        ""match"": {\
          ""address"": {\
            ""query"": ""SEARCH_ADDRESS"",\
            ""analyzer"": ""dhi_term_analyzer""\
          }\
        }\
      }\
    }\
  ],\
  ""nameAddressQueries"": [\
    {\
      ""queryDHI"": {\
        ""bool"": {\
          ""must"": [\
            {\
              ""multi_match"": {\
                ""query"": ""SEARCH_NAME"",\
                ""fields"": [\
                  ""name""\
                ],\
                ""type"": ""phrase"",\
                ""analyzer"": ""dhi_term_analyzer"",\
                ""boost"": 10\
              }\
            },\
            {\
              ""multi_match"": {\
                ""query"": ""SEARCH_ADDRESS"",\
                ""type"": ""most_fields"",\
                ""fields"": [\
                  ""address""\
                ],\
                ""analyzer"": ""dhi_term_analyzer"",\
                ""boost"": 2\
              }\
            }\
          ]\
        }\
      }\
    },\
    {\
      ""queryDHI"": {\
        ""bool"": {\
          ""must"": [\
            {\
              ""multi_match"": {\
                ""query"": ""SEARCH_NAME"",\
                ""fields"": [\
                  ""name""\
                ],\
                ""type"": ""phrase"",\
                ""analyzer"": ""dhi_term_analyzer"",\
                ""boost"": 2\
              }\
            },\
            {\
              ""multi_match"": {\
                ""query"": ""SEARCH_ADDRESS"",\
                ""type"": ""most_fields"",\
                ""fields"": [\
                  ""address""\
                ],\
                ""analyzer"": ""dhi_term_analyzer"",\
                ""boost"": 10\
              }\
            }\
          ]\
        }\
      }\
    }\
  ]\
}","2022-06-20 10:38:29","14","2022-06-23 15:40:25","1","18","2"
"10","BTLAYT","20","BTM Layout","btmlayout@unionbankofindia.com","9918702042","BTM Layout","1558","17","101","","","29AAACU0564G2ZC","","AAACU0564G",\N,"UDYAM-KR-03-0106234",\N,\N,\N,\N,"2022-07-13 16:02:52","21",\N,\N,"20","20","UBI","Union Bank of India","UBI@UBI.com","9999999999","Bangalore-560001","{\
  ""nameSearchQueries"": [\
    {\
      ""queryDHI"": {\
        ""multi_match"": {\
          ""query"": ""SEARCH_NAME"",\
          ""fields"": [\
            ""name""\
          ],\
          ""type"": ""phrase"",\
          ""analyzer"": ""dhi_term_analyzer"",\
          ""boost"": 10\
        }\
      }\
    }\
  ],\
  ""addressSearchQueries"": [\
    {\
      ""queryDHI"": {\
        ""match"": {\
          ""address"": {\
            ""query"": ""SEARCH_ADDRESS"",\
            ""analyzer"": ""dhi_term_analyzer""\
          }\
        }\
      }\
    }\
  ],\
  ""nameAddressQueries"": [\
    {\
      ""queryDHI"": {\
        ""bool"": {\
          ""must"": [\
            {\
              ""multi_match"": {\
                ""query"": ""SEARCH_NAME"",\
                ""fields"": [\
                  ""name""\
                ],\
                ""type"": ""phrase"",\
                ""analyzer"": ""dhi_term_analyzer"",\
                ""boost"": 10\
              }\
            },\
            {\
              ""multi_match"": {\
                ""query"": ""SEARCH_ADDRESS"",\
                ""type"": ""most_fields"",\
                ""fields"": [\
                  ""address""\
                ],\
                ""analyzer"": ""dhi_term_analyzer"",\
                ""boost"": 2\
              }\
            }\
          ]\
        }\
      }\
    },\
    {\
      ""queryDHI"": {\
        ""bool"": {\
          ""must"": [\
            {\
              ""multi_match"": {\
                ""query"": ""SEARCH_NAME"",\
                ""fields"": [\
                  ""name""\
                ],\
                ""type"": ""phrase"",\
                ""analyzer"": ""dhi_term_analyzer"",\
                ""boost"": 2\
              }\
            },\
            {\
              ""multi_match"": {\
                ""query"": ""SEARCH_ADDRESS"",\
                ""type"": ""most_fields"",\
                ""fields"": [\
                  ""address""\
                ],\
                ""analyzer"": ""dhi_term_analyzer"",\
                ""boost"": 10\
              }\
            }\
          ]\
        }\
      }\
    }\
  ]\
}","2022-06-20 10:38:29","14","2022-06-23 15:40:25","1","18","2"
"11","BVKIRD","20","BVK Iyenger Road","bvkiroad@unionbankofindia.com","8555041334","BVK Iyenger Road","1558","17","101","","","29AAACU0564G2ZC","","AAACU0564G",\N,"UDYAM-KR-03-0106234",\N,\N,\N,\N,"2022-07-13 16:02:52","21",\N,\N,"20","20","UBI","Union Bank of India","UBI@UBI.com","9999999999","Bangalore-560001","{\
  ""nameSearchQueries"": [\
    {\
      ""queryDHI"": {\
        ""multi_match"": {\
          ""query"": ""SEARCH_NAME"",\
          ""fields"": [\
            ""name""\
          ],\
          ""type"": ""phrase"",\
          ""analyzer"": ""dhi_term_analyzer"",\
          ""boost"": 10\
        }\
      }\
    }\
  ],\
  ""addressSearchQueries"": [\
    {\
      ""queryDHI"": {\
        ""match"": {\
          ""address"": {\
            ""query"": ""SEARCH_ADDRESS"",\
            ""analyzer"": ""dhi_term_analyzer""\
          }\
        }\
      }\
    }\
  ],\
  ""nameAddressQueries"": [\
    {\
      ""queryDHI"": {\
        ""bool"": {\
          ""must"": [\
            {\
              ""multi_match"": {\
                ""query"": ""SEARCH_NAME"",\
                ""fields"": [\
                  ""name""\
                ],\
                ""type"": ""phrase"",\
                ""analyzer"": ""dhi_term_analyzer"",\
                ""boost"": 10\
              }\
            },\
            {\
              ""multi_match"": {\
                ""query"": ""SEARCH_ADDRESS"",\
                ""type"": ""most_fields"",\
                ""fields"": [\
                  ""address""\
                ],\
                ""analyzer"": ""dhi_term_analyzer"",\
                ""boost"": 2\
              }\
            }\
          ]\
        }\
      }\
    },\
    {\
      ""queryDHI"": {\
        ""bool"": {\
          ""must"": [\
            {\
              ""multi_match"": {\
                ""query"": ""SEARCH_NAME"",\
                ""fields"": [\
                  ""name""\
                ],\
                ""type"": ""phrase"",\
                ""analyzer"": ""dhi_term_analyzer"",\
                ""boost"": 2\
              }\
            },\
            {\
              ""multi_match"": {\
                ""query"": ""SEARCH_ADDRESS"",\
                ""type"": ""most_fields"",\
                ""fields"": [\
                  ""address""\
                ],\
                ""analyzer"": ""dhi_term_analyzer"",\
                ""boost"": 10\
              }\
            }\
          ]\
        }\
      }\
    }\
  ]\
}","2022-06-20 10:38:29","14","2022-06-23 15:40:25","1","18","2"
"12","CHMRPT","20","Chamarajpet","chamrajpet@unionbankofindia.com","9496339493","Chamarajpet","1558","17","101","","","29AAACU0564G2ZC","","AAACU0564G",\N,"UDYAM-KR-03-0106234",\N,\N,\N,\N,"2022-07-13 16:02:52","21",\N,\N,"20","20","UBI","Union Bank of India","UBI@UBI.com","9999999999","Bangalore-560001","{\
  ""nameSearchQueries"": [\
    {\
      ""queryDHI"": {\
        ""multi_match"": {\
          ""query"": ""SEARCH_NAME"",\
          ""fields"": [\
            ""name""\
          ],\
          ""type"": ""phrase"",\
          ""analyzer"": ""dhi_term_analyzer"",\
          ""boost"": 10\
        }\
      }\
    }\
  ],\
  ""addressSearchQueries"": [\
    {\
      ""queryDHI"": {\
        ""match"": {\
          ""address"": {\
            ""query"": ""SEARCH_ADDRESS"",\
            ""analyzer"": ""dhi_term_analyzer""\
          }\
        }\
      }\
    }\
  ],\
  ""nameAddressQueries"": [\
    {\
      ""queryDHI"": {\
        ""bool"": {\
          ""must"": [\
            {\
              ""multi_match"": {\
                ""query"": ""SEARCH_NAME"",\
                ""fields"": [\
                  ""name""\
                ],\
                ""type"": ""phrase"",\
                ""analyzer"": ""dhi_term_analyzer"",\
                ""boost"": 10\
              }\
            },\
            {\
              ""multi_match"": {\
                ""query"": ""SEARCH_ADDRESS"",\
                ""type"": ""most_fields"",\
                ""fields"": [\
                  ""address""\
                ],\
                ""analyzer"": ""dhi_term_analyzer"",\
                ""boost"": 2\
              }\
            }\
          ]\
        }\
      }\
    },\
    {\
      ""queryDHI"": {\
        ""bool"": {\
          ""must"": [\
            {\
              ""multi_match"": {\
                ""query"": ""SEARCH_NAME"",\
                ""fields"": [\
                  ""name""\
                ],\
                ""type"": ""phrase"",\
                ""analyzer"": ""dhi_term_analyzer"",\
                ""boost"": 2\
              }\
            },\
            {\
              ""multi_match"": {\
                ""query"": ""SEARCH_ADDRESS"",\
                ""type"": ""most_fields"",\
                ""fields"": [\
                  ""address""\
                ],\
                ""analyzer"": ""dhi_term_analyzer"",\
                ""boost"": 10\
              }\
            }\
          ]\
        }\
      }\
    }\
  ]\
}","2022-06-20 10:38:29","14","2022-06-23 15:40:25","1","18","2"
"13","CHADPR","20","Chandapura","chandapura@unionbankofindia.com","8861006857","Chandapura","1558","17","101","","","29AAACU0564G2ZC","","AAACU0564G",\N,"UDYAM-KR-03-0106234",\N,\N,\N,\N,"2022-07-13 16:02:52","21",\N,\N,"20","20","UBI","Union Bank of India","UBI@UBI.com","9999999999","Bangalore-560001","{\
  ""nameSearchQueries"": [\
    {\
      ""queryDHI"": {\
        ""multi_match"": {\
          ""query"": ""SEARCH_NAME"",\
          ""fields"": [\
            ""name""\
          ],\
          ""type"": ""phrase"",\
          ""analyzer"": ""dhi_term_analyzer"",\
          ""boost"": 10\
        }\
      }\
    }\
  ],\
  ""addressSearchQueries"": [\
    {\
      ""queryDHI"": {\
        ""match"": {\
          ""address"": {\
            ""query"": ""SEARCH_ADDRESS"",\
            ""analyzer"": ""dhi_term_analyzer""\
          }\
        }\
      }\
    }\
  ],\
  ""nameAddressQueries"": [\
    {\
      ""queryDHI"": {\
        ""bool"": {\
          ""must"": [\
            {\
              ""multi_match"": {\
                ""query"": ""SEARCH_NAME"",\
                ""fields"": [\
                  ""name""\
                ],\
                ""type"": ""phrase"",\
                ""analyzer"": ""dhi_term_analyzer"",\
                ""boost"": 10\
              }\
            },\
            {\
              ""multi_match"": {\
                ""query"": ""SEARCH_ADDRESS"",\
                ""type"": ""most_fields"",\
                ""fields"": [\
                  ""address""\
                ],\
                ""analyzer"": ""dhi_term_analyzer"",\
                ""boost"": 2\
              }\
            }\
          ]\
        }\
      }\
    },\
    {\
      ""queryDHI"": {\
        ""bool"": {\
          ""must"": [\
            {\
              ""multi_match"": {\
                ""query"": ""SEARCH_NAME"",\
                ""fields"": [\
                  ""name""\
                ],\
                ""type"": ""phrase"",\
                ""analyzer"": ""dhi_term_analyzer"",\
                ""boost"": 2\
              }\
            },\
            {\
              ""multi_match"": {\
                ""query"": ""SEARCH_ADDRESS"",\
                ""type"": ""most_fields"",\
                ""fields"": [\
                  ""address""\
                ],\
                ""analyzer"": ""dhi_term_analyzer"",\
                ""boost"": 10\
              }\
            }\
          ]\
        }\
      }\
    }\
  ]\
}","2022-06-20 10:38:29","14","2022-06-23 15:40:25","1","18","2"
"14","COTMNT","20","Contonment","ubin0533114@unionbankofindian.bank","94819 70491","Contonment","1558","17","101","","","29AAACU0564G2ZC","","AAACU0564G",\N,"UDYAM-KR-03-0106234",\N,\N,\N,\N,"2022-07-13 16:02:52","21",\N,\N,"20","20","UBI","Union Bank of India","UBI@UBI.com","9999999999","Bangalore-560001","{\
  ""nameSearchQueries"": [\
    {\
      ""queryDHI"": {\
        ""multi_match"": {\
          ""query"": ""SEARCH_NAME"",\
          ""fields"": [\
            ""name""\
          ],\
          ""type"": ""phrase"",\
          ""analyzer"": ""dhi_term_analyzer"",\
          ""boost"": 10\
        }\
      }\
    }\
  ],\
  ""addressSearchQueries"": [\
    {\
      ""queryDHI"": {\
        ""match"": {\
          ""address"": {\
            ""query"": ""SEARCH_ADDRESS"",\
            ""analyzer"": ""dhi_term_analyzer""\
          }\
        }\
      }\
    }\
  ],\
  ""nameAddressQueries"": [\
    {\
      ""queryDHI"": {\
        ""bool"": {\
          ""must"": [\
            {\
              ""multi_match"": {\
                ""query"": ""SEARCH_NAME"",\
                ""fields"": [\
                  ""name""\
                ],\
                ""type"": ""phrase"",\
                ""analyzer"": ""dhi_term_analyzer"",\
                ""boost"": 10\
              }\
            },\
            {\
              ""multi_match"": {\
                ""query"": ""SEARCH_ADDRESS"",\
                ""type"": ""most_fields"",\
                ""fields"": [\
                  ""address""\
                ],\
                ""analyzer"": ""dhi_term_analyzer"",\
                ""boost"": 2\
              }\
            }\
          ]\
        }\
      }\
    },\
    {\
      ""queryDHI"": {\
        ""bool"": {\
          ""must"": [\
            {\
              ""multi_match"": {\
                ""query"": ""SEARCH_NAME"",\
                ""fields"": [\
                  ""name""\
                ],\
                ""type"": ""phrase"",\
                ""analyzer"": ""dhi_term_analyzer"",\
                ""boost"": 2\
              }\
            },\
            {\
              ""multi_match"": {\
                ""query"": ""SEARCH_ADDRESS"",\
                ""type"": ""most_fields"",\
                ""fields"": [\
                  ""address""\
                ],\
                ""analyzer"": ""dhi_term_analyzer"",\
                ""boost"": 10\
              }\
            }\
          ]\
        }\
      }\
    }\
  ]\
}","2022-06-20 10:38:29","14","2022-06-23 15:40:25","1","18","2"
"15","CTSTRT","20","CT Street","ctsbangalore@unionbankofindia.com"," 95017 21733","CT Street","1558","17","101","","","29AAACU0564G2ZC","","AAACU0564G",\N,"UDYAM-KR-03-0106234",\N,\N,\N,\N,"2022-07-13 16:02:52","21",\N,\N,"20","20","UBI","Union Bank of India","UBI@UBI.com","9999999999","Bangalore-560001","{\
  ""nameSearchQueries"": [\
    {\
      ""queryDHI"": {\
        ""multi_match"": {\
          ""query"": ""SEARCH_NAME"",\
          ""fields"": [\
            ""name""\
          ],\
          ""type"": ""phrase"",\
          ""analyzer"": ""dhi_term_analyzer"",\
          ""boost"": 10\
        }\
      }\
    }\
  ],\
  ""addressSearchQueries"": [\
    {\
      ""queryDHI"": {\
        ""match"": {\
          ""address"": {\
            ""query"": ""SEARCH_ADDRESS"",\
            ""analyzer"": ""dhi_term_analyzer""\
          }\
        }\
      }\
    }\
  ],\
  ""nameAddressQueries"": [\
    {\
      ""queryDHI"": {\
        ""bool"": {\
          ""must"": [\
            {\
              ""multi_match"": {\
                ""query"": ""SEARCH_NAME"",\
                ""fields"": [\
                  ""name""\
                ],\
                ""type"": ""phrase"",\
                ""analyzer"": ""dhi_term_analyzer"",\
                ""boost"": 10\
              }\
            },\
            {\
              ""multi_match"": {\
                ""query"": ""SEARCH_ADDRESS"",\
                ""type"": ""most_fields"",\
                ""fields"": [\
                  ""address""\
                ],\
                ""analyzer"": ""dhi_term_analyzer"",\
                ""boost"": 2\
              }\
            }\
          ]\
        }\
      }\
    },\
    {\
      ""queryDHI"": {\
        ""bool"": {\
          ""must"": [\
            {\
              ""multi_match"": {\
                ""query"": ""SEARCH_NAME"",\
                ""fields"": [\
                  ""name""\
                ],\
                ""type"": ""phrase"",\
                ""analyzer"": ""dhi_term_analyzer"",\
                ""boost"": 2\
              }\
            },\
            {\
              ""multi_match"": {\
                ""query"": ""SEARCH_ADDRESS"",\
                ""type"": ""most_fields"",\
                ""fields"": [\
                  ""address""\
                ],\
                ""analyzer"": ""dhi_term_analyzer"",\
                ""boost"": 10\
              }\
            }\
          ]\
        }\
      }\
    }\
  ]\
}","2022-06-20 10:38:29","14","2022-06-23 15:40:25","1","18","2"
"16","DVNGRE","20","Davanagere","davangere@unionbankofindia.com","99898 79878","Davanagere","1558","17","101","","","29AAACU0564G2ZC","","AAACU0564G",\N,"UDYAM-KR-03-0106234",\N,\N,\N,\N,"2022-07-13 16:02:52","21",\N,\N,"20","20","UBI","Union Bank of India","UBI@UBI.com","9999999999","Bangalore-560001","{\
  ""nameSearchQueries"": [\
    {\
      ""queryDHI"": {\
        ""multi_match"": {\
          ""query"": ""SEARCH_NAME"",\
          ""fields"": [\
            ""name""\
          ],\
          ""type"": ""phrase"",\
          ""analyzer"": ""dhi_term_analyzer"",\
          ""boost"": 10\
        }\
      }\
    }\
  ],\
  ""addressSearchQueries"": [\
    {\
      ""queryDHI"": {\
        ""match"": {\
          ""address"": {\
            ""query"": ""SEARCH_ADDRESS"",\
            ""analyzer"": ""dhi_term_analyzer""\
          }\
        }\
      }\
    }\
  ],\
  ""nameAddressQueries"": [\
    {\
      ""queryDHI"": {\
        ""bool"": {\
          ""must"": [\
            {\
              ""multi_match"": {\
                ""query"": ""SEARCH_NAME"",\
                ""fields"": [\
                  ""name""\
                ],\
                ""type"": ""phrase"",\
                ""analyzer"": ""dhi_term_analyzer"",\
                ""boost"": 10\
              }\
            },\
            {\
              ""multi_match"": {\
                ""query"": ""SEARCH_ADDRESS"",\
                ""type"": ""most_fields"",\
                ""fields"": [\
                  ""address""\
                ],\
                ""analyzer"": ""dhi_term_analyzer"",\
                ""boost"": 2\
              }\
            }\
          ]\
        }\
      }\
    },\
    {\
      ""queryDHI"": {\
        ""bool"": {\
          ""must"": [\
            {\
              ""multi_match"": {\
                ""query"": ""SEARCH_NAME"",\
                ""fields"": [\
                  ""name""\
                ],\
                ""type"": ""phrase"",\
                ""analyzer"": ""dhi_term_analyzer"",\
                ""boost"": 2\
              }\
            },\
            {\
              ""multi_match"": {\
                ""query"": ""SEARCH_ADDRESS"",\
                ""type"": ""most_fields"",\
                ""fields"": [\
                  ""address""\
                ],\
                ""analyzer"": ""dhi_term_analyzer"",\
                ""boost"": 10\
              }\
            }\
          ]\
        }\
      }\
    }\
  ]\
}","2022-06-20 10:38:29","14","2022-06-23 15:40:25","1","18","2"
"17","DVNHALI","20","Devanahalli","devanahalli@unionbankofindia.com"," 70362 98943","Devanahalli","1558","17","101","","","29AAACU0564G2ZC","","AAACU0564G",\N,"UDYAM-KR-03-0106234",\N,\N,\N,\N,"2022-07-13 16:02:52","21",\N,\N,"20","20","UBI","Union Bank of India","UBI@UBI.com","9999999999","Bangalore-560001","{\
  ""nameSearchQueries"": [\
    {\
      ""queryDHI"": {\
        ""multi_match"": {\
          ""query"": ""SEARCH_NAME"",\
          ""fields"": [\
            ""name""\
          ],\
          ""type"": ""phrase"",\
          ""analyzer"": ""dhi_term_analyzer"",\
          ""boost"": 10\
        }\
      }\
    }\
  ],\
  ""addressSearchQueries"": [\
    {\
      ""queryDHI"": {\
        ""match"": {\
          ""address"": {\
            ""query"": ""SEARCH_ADDRESS"",\
            ""analyzer"": ""dhi_term_analyzer""\
          }\
        }\
      }\
    }\
  ],\
  ""nameAddressQueries"": [\
    {\
      ""queryDHI"": {\
        ""bool"": {\
          ""must"": [\
            {\
              ""multi_match"": {\
                ""query"": ""SEARCH_NAME"",\
                ""fields"": [\
                  ""name""\
                ],\
                ""type"": ""phrase"",\
                ""analyzer"": ""dhi_term_analyzer"",\
                ""boost"": 10\
              }\
            },\
            {\
              ""multi_match"": {\
                ""query"": ""SEARCH_ADDRESS"",\
                ""type"": ""most_fields"",\
                ""fields"": [\
                  ""address""\
                ],\
                ""analyzer"": ""dhi_term_analyzer"",\
                ""boost"": 2\
              }\
            }\
          ]\
        }\
      }\
    },\
    {\
      ""queryDHI"": {\
        ""bool"": {\
          ""must"": [\
            {\
              ""multi_match"": {\
                ""query"": ""SEARCH_NAME"",\
                ""fields"": [\
                  ""name""\
                ],\
                ""type"": ""phrase"",\
                ""analyzer"": ""dhi_term_analyzer"",\
                ""boost"": 2\
              }\
            },\
            {\
              ""multi_match"": {\
                ""query"": ""SEARCH_ADDRESS"",\
                ""type"": ""most_fields"",\
                ""fields"": [\
                  ""address""\
                ],\
                ""analyzer"": ""dhi_term_analyzer"",\
                ""boost"": 10\
              }\
            }\
          ]\
        }\
      }\
    }\
  ]\
}","2022-06-20 10:38:29","14","2022-06-23 15:40:25","1","18","2"
"18","DOMLURU","20","Domluru","domlur@unionbankofindia.com","78299 02933","Domluru","1558","17","101","","","29AAACU0564G2ZC","","AAACU0564G",\N,"UDYAM-KR-03-0106234",\N,\N,\N,\N,"2022-07-13 16:02:52","21",\N,\N,"20","20","UBI","Union Bank of India","UBI@UBI.com","9999999999","Bangalore-560001","{\
  ""nameSearchQueries"": [\
    {\
      ""queryDHI"": {\
        ""multi_match"": {\
          ""query"": ""SEARCH_NAME"",\
          ""fields"": [\
            ""name""\
          ],\
          ""type"": ""phrase"",\
          ""analyzer"": ""dhi_term_analyzer"",\
          ""boost"": 10\
        }\
      }\
    }\
  ],\
  ""addressSearchQueries"": [\
    {\
      ""queryDHI"": {\
        ""match"": {\
          ""address"": {\
            ""query"": ""SEARCH_ADDRESS"",\
            ""analyzer"": ""dhi_term_analyzer""\
          }\
        }\
      }\
    }\
  ],\
  ""nameAddressQueries"": [\
    {\
      ""queryDHI"": {\
        ""bool"": {\
          ""must"": [\
            {\
              ""multi_match"": {\
                ""query"": ""SEARCH_NAME"",\
                ""fields"": [\
                  ""name""\
                ],\
                ""type"": ""phrase"",\
                ""analyzer"": ""dhi_term_analyzer"",\
                ""boost"": 10\
              }\
            },\
            {\
              ""multi_match"": {\
                ""query"": ""SEARCH_ADDRESS"",\
                ""type"": ""most_fields"",\
                ""fields"": [\
                  ""address""\
                ],\
                ""analyzer"": ""dhi_term_analyzer"",\
                ""boost"": 2\
              }\
            }\
          ]\
        }\
      }\
    },\
    {\
      ""queryDHI"": {\
        ""bool"": {\
          ""must"": [\
            {\
              ""multi_match"": {\
                ""query"": ""SEARCH_NAME"",\
                ""fields"": [\
                  ""name""\
                ],\
                ""type"": ""phrase"",\
                ""analyzer"": ""dhi_term_analyzer"",\
                ""boost"": 2\
              }\
            },\
            {\
              ""multi_match"": {\
                ""query"": ""SEARCH_ADDRESS"",\
                ""type"": ""most_fields"",\
                ""fields"": [\
                  ""address""\
                ],\
                ""analyzer"": ""dhi_term_analyzer"",\
                ""boost"": 10\
              }\
            }\
          ]\
        }\
      }\
    }\
  ]\
}","2022-06-20 10:38:29","14","2022-06-23 15:40:25","1","18","2"
"19","GNDHNR","20","Gandhinagar","ubin0535311@unionbankofindia.bank","91760 15165","Gandhinagar","1558","17","101","","","29AAACU0564G2ZC","","AAACU0564G",\N,"UDYAM-KR-03-0106234",\N,\N,\N,\N,"2022-07-13 16:02:52","21",\N,\N,"20","20","UBI","Union Bank of India","UBI@UBI.com","9999999999","Bangalore-560001","{\
  ""nameSearchQueries"": [\
    {\
      ""queryDHI"": {\
        ""multi_match"": {\
          ""query"": ""SEARCH_NAME"",\
          ""fields"": [\
            ""name""\
          ],\
          ""type"": ""phrase"",\
          ""analyzer"": ""dhi_term_analyzer"",\
          ""boost"": 10\
        }\
      }\
    }\
  ],\
  ""addressSearchQueries"": [\
    {\
      ""queryDHI"": {\
        ""match"": {\
          ""address"": {\
            ""query"": ""SEARCH_ADDRESS"",\
            ""analyzer"": ""dhi_term_analyzer""\
          }\
        }\
      }\
    }\
  ],\
  ""nameAddressQueries"": [\
    {\
      ""queryDHI"": {\
        ""bool"": {\
          ""must"": [\
            {\
              ""multi_match"": {\
                ""query"": ""SEARCH_NAME"",\
                ""fields"": [\
                  ""name""\
                ],\
                ""type"": ""phrase"",\
                ""analyzer"": ""dhi_term_analyzer"",\
                ""boost"": 10\
              }\
            },\
            {\
              ""multi_match"": {\
                ""query"": ""SEARCH_ADDRESS"",\
                ""type"": ""most_fields"",\
                ""fields"": [\
                  ""address""\
                ],\
                ""analyzer"": ""dhi_term_analyzer"",\
                ""boost"": 2\
              }\
            }\
          ]\
        }\
      }\
    },\
    {\
      ""queryDHI"": {\
        ""bool"": {\
          ""must"": [\
            {\
              ""multi_match"": {\
                ""query"": ""SEARCH_NAME"",\
                ""fields"": [\
                  ""name""\
                ],\
                ""type"": ""phrase"",\
                ""analyzer"": ""dhi_term_analyzer"",\
                ""boost"": 2\
              }\
            },\
            {\
              ""multi_match"": {\
                ""query"": ""SEARCH_ADDRESS"",\
                ""type"": ""most_fields"",\
                ""fields"": [\
                  ""address""\
                ],\
                ""analyzer"": ""dhi_term_analyzer"",\
                ""boost"": 10\
              }\
            }\
          ]\
        }\
      }\
    }\
  ]\
}","2022-06-20 10:38:29","14","2022-06-23 15:40:25","1","18","2"
"20","GYRBLG","20","Gelayarabalaga","gelayarabalaga@unionbankofindia.com","88268 85744","Gelayarabalaga","1558","17","101","","","29AAACU0564G2ZC","","AAACU0564G",\N,"UDYAM-KR-03-0106234",\N,\N,\N,\N,"2022-07-13 16:02:52","21",\N,\N,"20","20","UBI","Union Bank of India","UBI@UBI.com","9999999999","Bangalore-560001","{\
  ""nameSearchQueries"": [\
    {\
      ""queryDHI"": {\
        ""multi_match"": {\
          ""query"": ""SEARCH_NAME"",\
          ""fields"": [\
            ""name""\
          ],\
          ""type"": ""phrase"",\
          ""analyzer"": ""dhi_term_analyzer"",\
          ""boost"": 10\
        }\
      }\
    }\
  ],\
  ""addressSearchQueries"": [\
    {\
      ""queryDHI"": {\
        ""match"": {\
          ""address"": {\
            ""query"": ""SEARCH_ADDRESS"",\
            ""analyzer"": ""dhi_term_analyzer""\
          }\
        }\
      }\
    }\
  ],\
  ""nameAddressQueries"": [\
    {\
      ""queryDHI"": {\
        ""bool"": {\
          ""must"": [\
            {\
              ""multi_match"": {\
                ""query"": ""SEARCH_NAME"",\
                ""fields"": [\
                  ""name""\
                ],\
                ""type"": ""phrase"",\
                ""analyzer"": ""dhi_term_analyzer"",\
                ""boost"": 10\
              }\
            },\
            {\
              ""multi_match"": {\
                ""query"": ""SEARCH_ADDRESS"",\
                ""type"": ""most_fields"",\
                ""fields"": [\
                  ""address""\
                ],\
                ""analyzer"": ""dhi_term_analyzer"",\
                ""boost"": 2\
              }\
            }\
          ]\
        }\
      }\
    },\
    {\
      ""queryDHI"": {\
        ""bool"": {\
          ""must"": [\
            {\
              ""multi_match"": {\
                ""query"": ""SEARCH_NAME"",\
                ""fields"": [\
                  ""name""\
                ],\
                ""type"": ""phrase"",\
                ""analyzer"": ""dhi_term_analyzer"",\
                ""boost"": 2\
              }\
            },\
            {\
              ""multi_match"": {\
                ""query"": ""SEARCH_ADDRESS"",\
                ""type"": ""most_fields"",\
                ""fields"": [\
                  ""address""\
                ],\
                ""analyzer"": ""dhi_term_analyzer"",\
                ""boost"": 10\
              }\
            }\
          ]\
        }\
      }\
    }\
  ]\
}","2022-06-20 10:38:29","14","2022-06-23 15:40:25","1","18","2"
"21","HINSRD","20","Haines Road","hainesroad@unionbankofindia.com","78996 54787","Haines Road","1558","17","101","","","29AAACU0564G2ZC","","AAACU0564G",\N,"UDYAM-KR-03-0106234",\N,\N,\N,\N,"2022-07-13 16:02:52","21",\N,\N,"20","20","UBI","Union Bank of India","UBI@UBI.com","9999999999","Bangalore-560001","{\
  ""nameSearchQueries"": [\
    {\
      ""queryDHI"": {\
        ""multi_match"": {\
          ""query"": ""SEARCH_NAME"",\
          ""fields"": [\
            ""name""\
          ],\
          ""type"": ""phrase"",\
          ""analyzer"": ""dhi_term_analyzer"",\
          ""boost"": 10\
        }\
      }\
    }\
  ],\
  ""addressSearchQueries"": [\
    {\
      ""queryDHI"": {\
        ""match"": {\
          ""address"": {\
            ""query"": ""SEARCH_ADDRESS"",\
            ""analyzer"": ""dhi_term_analyzer""\
          }\
        }\
      }\
    }\
  ],\
  ""nameAddressQueries"": [\
    {\
      ""queryDHI"": {\
        ""bool"": {\
          ""must"": [\
            {\
              ""multi_match"": {\
                ""query"": ""SEARCH_NAME"",\
                ""fields"": [\
                  ""name""\
                ],\
                ""type"": ""phrase"",\
                ""analyzer"": ""dhi_term_analyzer"",\
                ""boost"": 10\
              }\
            },\
            {\
              ""multi_match"": {\
                ""query"": ""SEARCH_ADDRESS"",\
                ""type"": ""most_fields"",\
                ""fields"": [\
                  ""address""\
                ],\
                ""analyzer"": ""dhi_term_analyzer"",\
                ""boost"": 2\
              }\
            }\
          ]\
        }\
      }\
    },\
    {\
      ""queryDHI"": {\
        ""bool"": {\
          ""must"": [\
            {\
              ""multi_match"": {\
                ""query"": ""SEARCH_NAME"",\
                ""fields"": [\
                  ""name""\
                ],\
                ""type"": ""phrase"",\
                ""analyzer"": ""dhi_term_analyzer"",\
                ""boost"": 2\
              }\
            },\
            {\
              ""multi_match"": {\
                ""query"": ""SEARCH_ADDRESS"",\
                ""type"": ""most_fields"",\
                ""fields"": [\
                  ""address""\
                ],\
                ""analyzer"": ""dhi_term_analyzer"",\
                ""boost"": 10\
              }\
            }\
          ]\
        }\
      }\
    }\
  ]\
}","2022-06-20 10:38:29","14","2022-06-23 15:40:25","1","18","2"
"22","HRPHLI","20","Harapahalli","harapanahalli@unionbankofindia.com","72590 40027","Harapahalli","1558","17","101","","","29AAACU0564G2ZC","","AAACU0564G",\N,"UDYAM-KR-03-0106234",\N,\N,\N,\N,"2022-07-13 16:02:52","21",\N,\N,"20","20","UBI","Union Bank of India","UBI@UBI.com","9999999999","Bangalore-560001","{\
  ""nameSearchQueries"": [\
    {\
      ""queryDHI"": {\
        ""multi_match"": {\
          ""query"": ""SEARCH_NAME"",\
          ""fields"": [\
            ""name""\
          ],\
          ""type"": ""phrase"",\
          ""analyzer"": ""dhi_term_analyzer"",\
          ""boost"": 10\
        }\
      }\
    }\
  ],\
  ""addressSearchQueries"": [\
    {\
      ""queryDHI"": {\
        ""match"": {\
          ""address"": {\
            ""query"": ""SEARCH_ADDRESS"",\
            ""analyzer"": ""dhi_term_analyzer""\
          }\
        }\
      }\
    }\
  ],\
  ""nameAddressQueries"": [\
    {\
      ""queryDHI"": {\
        ""bool"": {\
          ""must"": [\
            {\
              ""multi_match"": {\
                ""query"": ""SEARCH_NAME"",\
                ""fields"": [\
                  ""name""\
                ],\
                ""type"": ""phrase"",\
                ""analyzer"": ""dhi_term_analyzer"",\
                ""boost"": 10\
              }\
            },\
            {\
              ""multi_match"": {\
                ""query"": ""SEARCH_ADDRESS"",\
                ""type"": ""most_fields"",\
                ""fields"": [\
                  ""address""\
                ],\
                ""analyzer"": ""dhi_term_analyzer"",\
                ""boost"": 2\
              }\
            }\
          ]\
        }\
      }\
    },\
    {\
      ""queryDHI"": {\
        ""bool"": {\
          ""must"": [\
            {\
              ""multi_match"": {\
                ""query"": ""SEARCH_NAME"",\
                ""fields"": [\
                  ""name""\
                ],\
                ""type"": ""phrase"",\
                ""analyzer"": ""dhi_term_analyzer"",\
                ""boost"": 2\
              }\
            },\
            {\
              ""multi_match"": {\
                ""query"": ""SEARCH_ADDRESS"",\
                ""type"": ""most_fields"",\
                ""fields"": [\
                  ""address""\
                ],\
                ""analyzer"": ""dhi_term_analyzer"",\
                ""boost"": 10\
              }\
            }\
          ]\
        }\
      }\
    }\
  ]\
}","2022-06-20 10:38:29","14","2022-06-23 15:40:25","1","18","2"
"23","HENNUR","20","Hennur","hennur@unionbankofindia.com","95468 01451","Hennur","1558","17","101","","","29AAACU0564G2ZC","","AAACU0564G",\N,"UDYAM-KR-03-0106234",\N,\N,\N,\N,"2022-07-13 16:02:52","21",\N,\N,"20","20","UBI","Union Bank of India","UBI@UBI.com","9999999999","Bangalore-560001","{\
  ""nameSearchQueries"": [\
    {\
      ""queryDHI"": {\
        ""multi_match"": {\
          ""query"": ""SEARCH_NAME"",\
          ""fields"": [\
            ""name""\
          ],\
          ""type"": ""phrase"",\
          ""analyzer"": ""dhi_term_analyzer"",\
          ""boost"": 10\
        }\
      }\
    }\
  ],\
  ""addressSearchQueries"": [\
    {\
      ""queryDHI"": {\
        ""match"": {\
          ""address"": {\
            ""query"": ""SEARCH_ADDRESS"",\
            ""analyzer"": ""dhi_term_analyzer""\
          }\
        }\
      }\
    }\
  ],\
  ""nameAddressQueries"": [\
    {\
      ""queryDHI"": {\
        ""bool"": {\
          ""must"": [\
            {\
              ""multi_match"": {\
                ""query"": ""SEARCH_NAME"",\
                ""fields"": [\
                  ""name""\
                ],\
                ""type"": ""phrase"",\
                ""analyzer"": ""dhi_term_analyzer"",\
                ""boost"": 10\
              }\
            },\
            {\
              ""multi_match"": {\
                ""query"": ""SEARCH_ADDRESS"",\
                ""type"": ""most_fields"",\
                ""fields"": [\
                  ""address""\
                ],\
                ""analyzer"": ""dhi_term_analyzer"",\
                ""boost"": 2\
              }\
            }\
          ]\
        }\
      }\
    },\
    {\
      ""queryDHI"": {\
        ""bool"": {\
          ""must"": [\
            {\
              ""multi_match"": {\
                ""query"": ""SEARCH_NAME"",\
                ""fields"": [\
                  ""name""\
                ],\
                ""type"": ""phrase"",\
                ""analyzer"": ""dhi_term_analyzer"",\
                ""boost"": 2\
              }\
            },\
            {\
              ""multi_match"": {\
                ""query"": ""SEARCH_ADDRESS"",\
                ""type"": ""most_fields"",\
                ""fields"": [\
                  ""address""\
                ],\
                ""analyzer"": ""dhi_term_analyzer"",\
                ""boost"": 10\
              }\
            }\
          ]\
        }\
      }\
    }\
  ]\
}","2022-06-20 10:38:29","14","2022-06-23 15:40:25","1","18","2"
"24","HYD-MPUR","20","Hyderabad - Madhapur","ulpmadhapur@unionbankofindia.com","8332047120","Hyderabad - Madhapur","1558","17","101","","","29AAACU0564G2ZC","","AAACU0564G",\N,"UDYAM-KR-03-0106234",\N,\N,\N,\N,"2022-07-13 16:02:52","21",\N,\N,"20","20","UBI","Union Bank of India","UBI@UBI.com","9999999999","Bangalore-560001","{\
  ""nameSearchQueries"": [\
    {\
      ""queryDHI"": {\
        ""multi_match"": {\
          ""query"": ""SEARCH_NAME"",\
          ""fields"": [\
            ""name""\
          ],\
          ""type"": ""phrase"",\
          ""analyzer"": ""dhi_term_analyzer"",\
          ""boost"": 10\
        }\
      }\
    }\
  ],\
  ""addressSearchQueries"": [\
    {\
      ""queryDHI"": {\
        ""match"": {\
          ""address"": {\
            ""query"": ""SEARCH_ADDRESS"",\
            ""analyzer"": ""dhi_term_analyzer""\
          }\
        }\
      }\
    }\
  ],\
  ""nameAddressQueries"": [\
    {\
      ""queryDHI"": {\
        ""bool"": {\
          ""must"": [\
            {\
              ""multi_match"": {\
                ""query"": ""SEARCH_NAME"",\
                ""fields"": [\
                  ""name""\
                ],\
                ""type"": ""phrase"",\
                ""analyzer"": ""dhi_term_analyzer"",\
                ""boost"": 10\
              }\
            },\
            {\
              ""multi_match"": {\
                ""query"": ""SEARCH_ADDRESS"",\
                ""type"": ""most_fields"",\
                ""fields"": [\
                  ""address""\
                ],\
                ""analyzer"": ""dhi_term_analyzer"",\
                ""boost"": 2\
              }\
            }\
          ]\
        }\
      }\
    },\
    {\
      ""queryDHI"": {\
        ""bool"": {\
          ""must"": [\
            {\
              ""multi_match"": {\
                ""query"": ""SEARCH_NAME"",\
                ""fields"": [\
                  ""name""\
                ],\
                ""type"": ""phrase"",\
                ""analyzer"": ""dhi_term_analyzer"",\
                ""boost"": 2\
              }\
            },\
            {\
              ""multi_match"": {\
                ""query"": ""SEARCH_ADDRESS"",\
                ""type"": ""most_fields"",\
                ""fields"": [\
                  ""address""\
                ],\
                ""analyzer"": ""dhi_term_analyzer"",\
                ""boost"": 10\
              }\
            }\
          ]\
        }\
      }\
    }\
  ]\
}","2022-06-20 10:38:29","14","2022-06-23 15:40:25","1","18","2"
"25","INDINR","20","Indira Nagar","indiranagarbng@unionbankofindia.com","99724 58160","Indira Nagar","1558","17","101","","","29AAACU0564G2ZC","","AAACU0564G",\N,"UDYAM-KR-03-0106234",\N,\N,\N,\N,"2022-07-13 16:02:52","21",\N,\N,"20","20","UBI","Union Bank of India","UBI@UBI.com","9999999999","Bangalore-560001","{\
  ""nameSearchQueries"": [\
    {\
      ""queryDHI"": {\
        ""multi_match"": {\
          ""query"": ""SEARCH_NAME"",\
          ""fields"": [\
            ""name""\
          ],\
          ""type"": ""phrase"",\
          ""analyzer"": ""dhi_term_analyzer"",\
          ""boost"": 10\
        }\
      }\
    }\
  ],\
  ""addressSearchQueries"": [\
    {\
      ""queryDHI"": {\
        ""match"": {\
          ""address"": {\
            ""query"": ""SEARCH_ADDRESS"",\
            ""analyzer"": ""dhi_term_analyzer""\
          }\
        }\
      }\
    }\
  ],\
  ""nameAddressQueries"": [\
    {\
      ""queryDHI"": {\
        ""bool"": {\
          ""must"": [\
            {\
              ""multi_match"": {\
                ""query"": ""SEARCH_NAME"",\
                ""fields"": [\
                  ""name""\
                ],\
                ""type"": ""phrase"",\
                ""analyzer"": ""dhi_term_analyzer"",\
                ""boost"": 10\
              }\
            },\
            {\
              ""multi_match"": {\
                ""query"": ""SEARCH_ADDRESS"",\
                ""type"": ""most_fields"",\
                ""fields"": [\
                  ""address""\
                ],\
                ""analyzer"": ""dhi_term_analyzer"",\
                ""boost"": 2\
              }\
            }\
          ]\
        }\
      }\
    },\
    {\
      ""queryDHI"": {\
        ""bool"": {\
          ""must"": [\
            {\
              ""multi_match"": {\
                ""query"": ""SEARCH_NAME"",\
                ""fields"": [\
                  ""name""\
                ],\
                ""type"": ""phrase"",\
                ""analyzer"": ""dhi_term_analyzer"",\
                ""boost"": 2\
              }\
            },\
            {\
              ""multi_match"": {\
                ""query"": ""SEARCH_ADDRESS"",\
                ""type"": ""most_fields"",\
                ""fields"": [\
                  ""address""\
                ],\
                ""analyzer"": ""dhi_term_analyzer"",\
                ""boost"": 10\
              }\
            }\
          ]\
        }\
      }\
    }\
  ]\
}","2022-06-20 10:38:29","14","2022-06-23 15:40:25","1","18","2"
"26","JAYANR","20","Jayanagar Branch","jaynagar@unionbankofindia.com","79923 55884","Jayanagar Branch","1558","17","101","","","29AAACU0564G2ZC","","AAACU0564G",\N,"UDYAM-KR-03-0106234",\N,\N,\N,\N,"2022-07-13 16:02:52","21",\N,\N,"20","20","UBI","Union Bank of India","UBI@UBI.com","9999999999","Bangalore-560001","{\
  ""nameSearchQueries"": [\
    {\
      ""queryDHI"": {\
        ""multi_match"": {\
          ""query"": ""SEARCH_NAME"",\
          ""fields"": [\
            ""name""\
          ],\
          ""type"": ""phrase"",\
          ""analyzer"": ""dhi_term_analyzer"",\
          ""boost"": 10\
        }\
      }\
    }\
  ],\
  ""addressSearchQueries"": [\
    {\
      ""queryDHI"": {\
        ""match"": {\
          ""address"": {\
            ""query"": ""SEARCH_ADDRESS"",\
            ""analyzer"": ""dhi_term_analyzer""\
          }\
        }\
      }\
    }\
  ],\
  ""nameAddressQueries"": [\
    {\
      ""queryDHI"": {\
        ""bool"": {\
          ""must"": [\
            {\
              ""multi_match"": {\
                ""query"": ""SEARCH_NAME"",\
                ""fields"": [\
                  ""name""\
                ],\
                ""type"": ""phrase"",\
                ""analyzer"": ""dhi_term_analyzer"",\
                ""boost"": 10\
              }\
            },\
            {\
              ""multi_match"": {\
                ""query"": ""SEARCH_ADDRESS"",\
                ""type"": ""most_fields"",\
                ""fields"": [\
                  ""address""\
                ],\
                ""analyzer"": ""dhi_term_analyzer"",\
                ""boost"": 2\
              }\
            }\
          ]\
        }\
      }\
    },\
    {\
      ""queryDHI"": {\
        ""bool"": {\
          ""must"": [\
            {\
              ""multi_match"": {\
                ""query"": ""SEARCH_NAME"",\
                ""fields"": [\
                  ""name""\
                ],\
                ""type"": ""phrase"",\
                ""analyzer"": ""dhi_term_analyzer"",\
                ""boost"": 2\
              }\
            },\
            {\
              ""multi_match"": {\
                ""query"": ""SEARCH_ADDRESS"",\
                ""type"": ""most_fields"",\
                ""fields"": [\
                  ""address""\
                ],\
                ""analyzer"": ""dhi_term_analyzer"",\
                ""boost"": 10\
              }\
            }\
          ]\
        }\
      }\
    }\
  ]\
}","2022-06-20 10:38:29","14","2022-06-23 15:40:25","1","18","2"
"27","KORMLA","20","Koramangala","kormangala@unionbankofindia.com","8121625540","Koramangala","1558","17","101","","","29AAACU0564G2ZC","","AAACU0564G",\N,"UDYAM-KR-03-0106234",\N,\N,\N,\N,"2022-07-13 16:02:52","21",\N,\N,"20","20","UBI","Union Bank of India","UBI@UBI.com","9999999999","Bangalore-560001","{\
  ""nameSearchQueries"": [\
    {\
      ""queryDHI"": {\
        ""multi_match"": {\
          ""query"": ""SEARCH_NAME"",\
          ""fields"": [\
            ""name""\
          ],\
          ""type"": ""phrase"",\
          ""analyzer"": ""dhi_term_analyzer"",\
          ""boost"": 10\
        }\
      }\
    }\
  ],\
  ""addressSearchQueries"": [\
    {\
      ""queryDHI"": {\
        ""match"": {\
          ""address"": {\
            ""query"": ""SEARCH_ADDRESS"",\
            ""analyzer"": ""dhi_term_analyzer""\
          }\
        }\
      }\
    }\
  ],\
  ""nameAddressQueries"": [\
    {\
      ""queryDHI"": {\
        ""bool"": {\
          ""must"": [\
            {\
              ""multi_match"": {\
                ""query"": ""SEARCH_NAME"",\
                ""fields"": [\
                  ""name""\
                ],\
                ""type"": ""phrase"",\
                ""analyzer"": ""dhi_term_analyzer"",\
                ""boost"": 10\
              }\
            },\
            {\
              ""multi_match"": {\
                ""query"": ""SEARCH_ADDRESS"",\
                ""type"": ""most_fields"",\
                ""fields"": [\
                  ""address""\
                ],\
                ""analyzer"": ""dhi_term_analyzer"",\
                ""boost"": 2\
              }\
            }\
          ]\
        }\
      }\
    },\
    {\
      ""queryDHI"": {\
        ""bool"": {\
          ""must"": [\
            {\
              ""multi_match"": {\
                ""query"": ""SEARCH_NAME"",\
                ""fields"": [\
                  ""name""\
                ],\
                ""type"": ""phrase"",\
                ""analyzer"": ""dhi_term_analyzer"",\
                ""boost"": 2\
              }\
            },\
            {\
              ""multi_match"": {\
                ""query"": ""SEARCH_ADDRESS"",\
                ""type"": ""most_fields"",\
                ""fields"": [\
                  ""address""\
                ],\
                ""analyzer"": ""dhi_term_analyzer"",\
                ""boost"": 10\
              }\
            }\
          ]\
        }\
      }\
    }\
  ]\
}","2022-06-20 10:38:29","14","2022-06-23 15:40:25","1","18","2"
"28","KALKERE","20","Kalkere","kalkerebranch@unionbankofindia.com","99860 23803","Kalkere","1558","17","101","","","29AAACU0564G2ZC","","AAACU0564G",\N,"UDYAM-KR-03-0106234",\N,\N,\N,\N,"2022-07-13 16:02:52","21",\N,\N,"20","20","UBI","Union Bank of India","UBI@UBI.com","9999999999","Bangalore-560001","{\
  ""nameSearchQueries"": [\
    {\
      ""queryDHI"": {\
        ""multi_match"": {\
          ""query"": ""SEARCH_NAME"",\
          ""fields"": [\
            ""name""\
          ],\
          ""type"": ""phrase"",\
          ""analyzer"": ""dhi_term_analyzer"",\
          ""boost"": 10\
        }\
      }\
    }\
  ],\
  ""addressSearchQueries"": [\
    {\
      ""queryDHI"": {\
        ""match"": {\
          ""address"": {\
            ""query"": ""SEARCH_ADDRESS"",\
            ""analyzer"": ""dhi_term_analyzer""\
          }\
        }\
      }\
    }\
  ],\
  ""nameAddressQueries"": [\
    {\
      ""queryDHI"": {\
        ""bool"": {\
          ""must"": [\
            {\
              ""multi_match"": {\
                ""query"": ""SEARCH_NAME"",\
                ""fields"": [\
                  ""name""\
                ],\
                ""type"": ""phrase"",\
                ""analyzer"": ""dhi_term_analyzer"",\
                ""boost"": 10\
              }\
            },\
            {\
              ""multi_match"": {\
                ""query"": ""SEARCH_ADDRESS"",\
                ""type"": ""most_fields"",\
                ""fields"": [\
                  ""address""\
                ],\
                ""analyzer"": ""dhi_term_analyzer"",\
                ""boost"": 2\
              }\
            }\
          ]\
        }\
      }\
    },\
    {\
      ""queryDHI"": {\
        ""bool"": {\
          ""must"": [\
            {\
              ""multi_match"": {\
                ""query"": ""SEARCH_NAME"",\
                ""fields"": [\
                  ""name""\
                ],\
                ""type"": ""phrase"",\
                ""analyzer"": ""dhi_term_analyzer"",\
                ""boost"": 2\
              }\
            },\
            {\
              ""multi_match"": {\
                ""query"": ""SEARCH_ADDRESS"",\
                ""type"": ""most_fields"",\
                ""fields"": [\
                  ""address""\
                ],\
                ""analyzer"": ""dhi_term_analyzer"",\
                ""boost"": 10\
              }\
            }\
          ]\
        }\
      }\
    }\
  ]\
}","2022-06-20 10:38:29","14","2022-06-23 15:40:25","1","18","2"
"29","KMKPLA","20","Kamakshipalya","cb1229@unionbankofindia.com","7892868605","Kamakshipalya","1558","17","101","","","29AAACU0564G2ZC","","AAACU0564G",\N,"UDYAM-KR-03-0106234",\N,\N,\N,\N,"2022-07-13 16:02:52","21",\N,\N,"20","20","UBI","Union Bank of India","UBI@UBI.com","9999999999","Bangalore-560001","{\
  ""nameSearchQueries"": [\
    {\
      ""queryDHI"": {\
        ""multi_match"": {\
          ""query"": ""SEARCH_NAME"",\
          ""fields"": [\
            ""name""\
          ],\
          ""type"": ""phrase"",\
          ""analyzer"": ""dhi_term_analyzer"",\
          ""boost"": 10\
        }\
      }\
    }\
  ],\
  ""addressSearchQueries"": [\
    {\
      ""queryDHI"": {\
        ""match"": {\
          ""address"": {\
            ""query"": ""SEARCH_ADDRESS"",\
            ""analyzer"": ""dhi_term_analyzer""\
          }\
        }\
      }\
    }\
  ],\
  ""nameAddressQueries"": [\
    {\
      ""queryDHI"": {\
        ""bool"": {\
          ""must"": [\
            {\
              ""multi_match"": {\
                ""query"": ""SEARCH_NAME"",\
                ""fields"": [\
                  ""name""\
                ],\
                ""type"": ""phrase"",\
                ""analyzer"": ""dhi_term_analyzer"",\
                ""boost"": 10\
              }\
            },\
            {\
              ""multi_match"": {\
                ""query"": ""SEARCH_ADDRESS"",\
                ""type"": ""most_fields"",\
                ""fields"": [\
                  ""address""\
                ],\
                ""analyzer"": ""dhi_term_analyzer"",\
                ""boost"": 2\
              }\
            }\
          ]\
        }\
      }\
    },\
    {\
      ""queryDHI"": {\
        ""bool"": {\
          ""must"": [\
            {\
              ""multi_match"": {\
                ""query"": ""SEARCH_NAME"",\
                ""fields"": [\
                  ""name""\
                ],\
                ""type"": ""phrase"",\
                ""analyzer"": ""dhi_term_analyzer"",\
                ""boost"": 2\
              }\
            },\
            {\
              ""multi_match"": {\
                ""query"": ""SEARCH_ADDRESS"",\
                ""type"": ""most_fields"",\
                ""fields"": [\
                  ""address""\
                ],\
                ""analyzer"": ""dhi_term_analyzer"",\
                ""boost"": 10\
              }\
            }\
          ]\
        }\
      }\
    }\
  ]\
}","2022-06-20 10:38:29","14","2022-06-23 15:40:25","1","18","2"
"30","MUNKLA","20","Munikollala","ubin0819522@unionbankofindia.bank","8790294597","Munikollala","1558","17","101","","","29AAACU0564G2ZC","","AAACU0564G",\N,"UDYAM-KR-03-0106234",\N,\N,\N,\N,"2022-07-13 16:02:52","21",\N,\N,"20","20","UBI","Union Bank of India","UBI@UBI.com","9999999999","Bangalore-560001","{\
  ""nameSearchQueries"": [\
    {\
      ""queryDHI"": {\
        ""multi_match"": {\
          ""query"": ""SEARCH_NAME"",\
          ""fields"": [\
            ""name""\
          ],\
          ""type"": ""phrase"",\
          ""analyzer"": ""dhi_term_analyzer"",\
          ""boost"": 10\
        }\
      }\
    }\
  ],\
  ""addressSearchQueries"": [\
    {\
      ""queryDHI"": {\
        ""match"": {\
          ""address"": {\
            ""query"": ""SEARCH_ADDRESS"",\
            ""analyzer"": ""dhi_term_analyzer""\
          }\
        }\
      }\
    }\
  ],\
  ""nameAddressQueries"": [\
    {\
      ""queryDHI"": {\
        ""bool"": {\
          ""must"": [\
            {\
              ""multi_match"": {\
                ""query"": ""SEARCH_NAME"",\
                ""fields"": [\
                  ""name""\
                ],\
                ""type"": ""phrase"",\
                ""analyzer"": ""dhi_term_analyzer"",\
                ""boost"": 10\
              }\
            },\
            {\
              ""multi_match"": {\
                ""query"": ""SEARCH_ADDRESS"",\
                ""type"": ""most_fields"",\
                ""fields"": [\
                  ""address""\
                ],\
                ""analyzer"": ""dhi_term_analyzer"",\
                ""boost"": 2\
              }\
            }\
          ]\
        }\
      }\
    },\
    {\
      ""queryDHI"": {\
        ""bool"": {\
          ""must"": [\
            {\
              ""multi_match"": {\
                ""query"": ""SEARCH_NAME"",\
                ""fields"": [\
                  ""name""\
                ],\
                ""type"": ""phrase"",\
                ""analyzer"": ""dhi_term_analyzer"",\
                ""boost"": 2\
              }\
            },\
            {\
              ""multi_match"": {\
                ""query"": ""SEARCH_ADDRESS"",\
                ""type"": ""most_fields"",\
                ""fields"": [\
                  ""address""\
                ],\
                ""analyzer"": ""dhi_term_analyzer"",\
                ""boost"": 10\
              }\
            }\
          ]\
        }\
      }\
    }\
  ]\
}","2022-06-20 10:38:29","14","2022-06-23 15:40:25","1","18","2"
"31","MALSWM","20","Malleshwaram","malleswaram@unionbankofindia.com","6300 428 189","Malleshwaram","1558","17","101","","","29AAACU0564G2ZC","","AAACU0564G",\N,"UDYAM-KR-03-0106234",\N,\N,\N,\N,"2022-07-13 16:02:52","21",\N,\N,"20","20","UBI","Union Bank of India","UBI@UBI.com","9999999999","Bangalore-560001","{\
  ""nameSearchQueries"": [\
    {\
      ""queryDHI"": {\
        ""multi_match"": {\
          ""query"": ""SEARCH_NAME"",\
          ""fields"": [\
            ""name""\
          ],\
          ""type"": ""phrase"",\
          ""analyzer"": ""dhi_term_analyzer"",\
          ""boost"": 10\
        }\
      }\
    }\
  ],\
  ""addressSearchQueries"": [\
    {\
      ""queryDHI"": {\
        ""match"": {\
          ""address"": {\
            ""query"": ""SEARCH_ADDRESS"",\
            ""analyzer"": ""dhi_term_analyzer""\
          }\
        }\
      }\
    }\
  ],\
  ""nameAddressQueries"": [\
    {\
      ""queryDHI"": {\
        ""bool"": {\
          ""must"": [\
            {\
              ""multi_match"": {\
                ""query"": ""SEARCH_NAME"",\
                ""fields"": [\
                  ""name""\
                ],\
                ""type"": ""phrase"",\
                ""analyzer"": ""dhi_term_analyzer"",\
                ""boost"": 10\
              }\
            },\
            {\
              ""multi_match"": {\
                ""query"": ""SEARCH_ADDRESS"",\
                ""type"": ""most_fields"",\
                ""fields"": [\
                  ""address""\
                ],\
                ""analyzer"": ""dhi_term_analyzer"",\
                ""boost"": 2\
              }\
            }\
          ]\
        }\
      }\
    },\
    {\
      ""queryDHI"": {\
        ""bool"": {\
          ""must"": [\
            {\
              ""multi_match"": {\
                ""query"": ""SEARCH_NAME"",\
                ""fields"": [\
                  ""name""\
                ],\
                ""type"": ""phrase"",\
                ""analyzer"": ""dhi_term_analyzer"",\
                ""boost"": 2\
              }\
            },\
            {\
              ""multi_match"": {\
                ""query"": ""SEARCH_ADDRESS"",\
                ""type"": ""most_fields"",\
                ""fields"": [\
                  ""address""\
                ],\
                ""analyzer"": ""dhi_term_analyzer"",\
                ""boost"": 10\
              }\
            }\
          ]\
        }\
      }\
    }\
  ]\
}","2022-06-20 10:38:29","14","2022-06-23 15:40:25","1","18","2"
"32","NAVARG","20","Navarang","navarangcircle@unionbankofindia.com","7987579934","Navarang","1558","17","101","","","29AAACU0564G2ZC","","AAACU0564G",\N,"UDYAM-KR-03-0106234",\N,\N,\N,\N,"2022-07-13 16:02:52","21",\N,\N,"20","20","UBI","Union Bank of India","UBI@UBI.com","9999999999","Bangalore-560001","{\
  ""nameSearchQueries"": [\
    {\
      ""queryDHI"": {\
        ""multi_match"": {\
          ""query"": ""SEARCH_NAME"",\
          ""fields"": [\
            ""name""\
          ],\
          ""type"": ""phrase"",\
          ""analyzer"": ""dhi_term_analyzer"",\
          ""boost"": 10\
        }\
      }\
    }\
  ],\
  ""addressSearchQueries"": [\
    {\
      ""queryDHI"": {\
        ""match"": {\
          ""address"": {\
            ""query"": ""SEARCH_ADDRESS"",\
            ""analyzer"": ""dhi_term_analyzer""\
          }\
        }\
      }\
    }\
  ],\
  ""nameAddressQueries"": [\
    {\
      ""queryDHI"": {\
        ""bool"": {\
          ""must"": [\
            {\
              ""multi_match"": {\
                ""query"": ""SEARCH_NAME"",\
                ""fields"": [\
                  ""name""\
                ],\
                ""type"": ""phrase"",\
                ""analyzer"": ""dhi_term_analyzer"",\
                ""boost"": 10\
              }\
            },\
            {\
              ""multi_match"": {\
                ""query"": ""SEARCH_ADDRESS"",\
                ""type"": ""most_fields"",\
                ""fields"": [\
                  ""address""\
                ],\
                ""analyzer"": ""dhi_term_analyzer"",\
                ""boost"": 2\
              }\
            }\
          ]\
        }\
      }\
    },\
    {\
      ""queryDHI"": {\
        ""bool"": {\
          ""must"": [\
            {\
              ""multi_match"": {\
                ""query"": ""SEARCH_NAME"",\
                ""fields"": [\
                  ""name""\
                ],\
                ""type"": ""phrase"",\
                ""analyzer"": ""dhi_term_analyzer"",\
                ""boost"": 2\
              }\
            },\
            {\
              ""multi_match"": {\
                ""query"": ""SEARCH_ADDRESS"",\
                ""type"": ""most_fields"",\
                ""fields"": [\
                  ""address""\
                ],\
                ""analyzer"": ""dhi_term_analyzer"",\
                ""boost"": 10\
              }\
            }\
          ]\
        }\
      }\
    }\
  ]\
}","2022-06-20 10:38:29","14","2022-06-23 15:40:25","1","18","2"
"33","PESSI-B","20","Pessi Branch","pesse@unionbankofindia.com"," 90785 86509","Pessi Branch","1558","17","101","","","29AAACU0564G2ZC","","AAACU0564G",\N,"UDYAM-KR-03-0106234",\N,\N,\N,\N,"2022-07-13 16:02:52","21",\N,\N,"20","20","UBI","Union Bank of India","UBI@UBI.com","9999999999","Bangalore-560001","{\
  ""nameSearchQueries"": [\
    {\
      ""queryDHI"": {\
        ""multi_match"": {\
          ""query"": ""SEARCH_NAME"",\
          ""fields"": [\
            ""name""\
          ],\
          ""type"": ""phrase"",\
          ""analyzer"": ""dhi_term_analyzer"",\
          ""boost"": 10\
        }\
      }\
    }\
  ],\
  ""addressSearchQueries"": [\
    {\
      ""queryDHI"": {\
        ""match"": {\
          ""address"": {\
            ""query"": ""SEARCH_ADDRESS"",\
            ""analyzer"": ""dhi_term_analyzer""\
          }\
        }\
      }\
    }\
  ],\
  ""nameAddressQueries"": [\
    {\
      ""queryDHI"": {\
        ""bool"": {\
          ""must"": [\
            {\
              ""multi_match"": {\
                ""query"": ""SEARCH_NAME"",\
                ""fields"": [\
                  ""name""\
                ],\
                ""type"": ""phrase"",\
                ""analyzer"": ""dhi_term_analyzer"",\
                ""boost"": 10\
              }\
            },\
            {\
              ""multi_match"": {\
                ""query"": ""SEARCH_ADDRESS"",\
                ""type"": ""most_fields"",\
                ""fields"": [\
                  ""address""\
                ],\
                ""analyzer"": ""dhi_term_analyzer"",\
                ""boost"": 2\
              }\
            }\
          ]\
        }\
      }\
    },\
    {\
      ""queryDHI"": {\
        ""bool"": {\
          ""must"": [\
            {\
              ""multi_match"": {\
                ""query"": ""SEARCH_NAME"",\
                ""fields"": [\
                  ""name""\
                ],\
                ""type"": ""phrase"",\
                ""analyzer"": ""dhi_term_analyzer"",\
                ""boost"": 2\
              }\
            },\
            {\
              ""multi_match"": {\
                ""query"": ""SEARCH_ADDRESS"",\
                ""type"": ""most_fields"",\
                ""fields"": [\
                  ""address""\
                ],\
                ""analyzer"": ""dhi_term_analyzer"",\
                ""boost"": 10\
              }\
            }\
          ]\
        }\
      }\
    }\
  ]\
}","2022-06-20 10:38:29","14","2022-06-23 15:40:25","1","18","2"
"34","PESSIT","20","PESSIT","pesit@unionbankofindia.com"," 94494 85585","PESSIT","1558","17","101","","","29AAACU0564G2ZC","","AAACU0564G",\N,"UDYAM-KR-03-0106234",\N,\N,\N,\N,"2022-07-13 16:02:52","21",\N,\N,"20","20","UBI","Union Bank of India","UBI@UBI.com","9999999999","Bangalore-560001","{\
  ""nameSearchQueries"": [\
    {\
      ""queryDHI"": {\
        ""multi_match"": {\
          ""query"": ""SEARCH_NAME"",\
          ""fields"": [\
            ""name""\
          ],\
          ""type"": ""phrase"",\
          ""analyzer"": ""dhi_term_analyzer"",\
          ""boost"": 10\
        }\
      }\
    }\
  ],\
  ""addressSearchQueries"": [\
    {\
      ""queryDHI"": {\
        ""match"": {\
          ""address"": {\
            ""query"": ""SEARCH_ADDRESS"",\
            ""analyzer"": ""dhi_term_analyzer""\
          }\
        }\
      }\
    }\
  ],\
  ""nameAddressQueries"": [\
    {\
      ""queryDHI"": {\
        ""bool"": {\
          ""must"": [\
            {\
              ""multi_match"": {\
                ""query"": ""SEARCH_NAME"",\
                ""fields"": [\
                  ""name""\
                ],\
                ""type"": ""phrase"",\
                ""analyzer"": ""dhi_term_analyzer"",\
                ""boost"": 10\
              }\
            },\
            {\
              ""multi_match"": {\
                ""query"": ""SEARCH_ADDRESS"",\
                ""type"": ""most_fields"",\
                ""fields"": [\
                  ""address""\
                ],\
                ""analyzer"": ""dhi_term_analyzer"",\
                ""boost"": 2\
              }\
            }\
          ]\
        }\
      }\
    },\
    {\
      ""queryDHI"": {\
        ""bool"": {\
          ""must"": [\
            {\
              ""multi_match"": {\
                ""query"": ""SEARCH_NAME"",\
                ""fields"": [\
                  ""name""\
                ],\
                ""type"": ""phrase"",\
                ""analyzer"": ""dhi_term_analyzer"",\
                ""boost"": 2\
              }\
            },\
            {\
              ""multi_match"": {\
                ""query"": ""SEARCH_ADDRESS"",\
                ""type"": ""most_fields"",\
                ""fields"": [\
                  ""address""\
                ],\
                ""analyzer"": ""dhi_term_analyzer"",\
                ""boost"": 10\
              }\
            }\
          ]\
        }\
      }\
    }\
  ]\
}","2022-06-20 10:38:29","14","2022-06-23 15:40:25","1","18","2"
"35","RTNAGR","20","R T Nagar","rtnagar@unionbankofindia.com","98804 67521","R T Nagar","1558","17","101","","","29AAACU0564G2ZC","","AAACU0564G",\N,"UDYAM-KR-03-0106234",\N,\N,\N,\N,"2022-07-13 16:02:52","21",\N,\N,"20","20","UBI","Union Bank of India","UBI@UBI.com","9999999999","Bangalore-560001","{\
  ""nameSearchQueries"": [\
    {\
      ""queryDHI"": {\
        ""multi_match"": {\
          ""query"": ""SEARCH_NAME"",\
          ""fields"": [\
            ""name""\
          ],\
          ""type"": ""phrase"",\
          ""analyzer"": ""dhi_term_analyzer"",\
          ""boost"": 10\
        }\
      }\
    }\
  ],\
  ""addressSearchQueries"": [\
    {\
      ""queryDHI"": {\
        ""match"": {\
          ""address"": {\
            ""query"": ""SEARCH_ADDRESS"",\
            ""analyzer"": ""dhi_term_analyzer""\
          }\
        }\
      }\
    }\
  ],\
  ""nameAddressQueries"": [\
    {\
      ""queryDHI"": {\
        ""bool"": {\
          ""must"": [\
            {\
              ""multi_match"": {\
                ""query"": ""SEARCH_NAME"",\
                ""fields"": [\
                  ""name""\
                ],\
                ""type"": ""phrase"",\
                ""analyzer"": ""dhi_term_analyzer"",\
                ""boost"": 10\
              }\
            },\
            {\
              ""multi_match"": {\
                ""query"": ""SEARCH_ADDRESS"",\
                ""type"": ""most_fields"",\
                ""fields"": [\
                  ""address""\
                ],\
                ""analyzer"": ""dhi_term_analyzer"",\
                ""boost"": 2\
              }\
            }\
          ]\
        }\
      }\
    },\
    {\
      ""queryDHI"": {\
        ""bool"": {\
          ""must"": [\
            {\
              ""multi_match"": {\
                ""query"": ""SEARCH_NAME"",\
                ""fields"": [\
                  ""name""\
                ],\
                ""type"": ""phrase"",\
                ""analyzer"": ""dhi_term_analyzer"",\
                ""boost"": 2\
              }\
            },\
            {\
              ""multi_match"": {\
                ""query"": ""SEARCH_ADDRESS"",\
                ""type"": ""most_fields"",\
                ""fields"": [\
                  ""address""\
                ],\
                ""analyzer"": ""dhi_term_analyzer"",\
                ""boost"": 10\
              }\
            }\
          ]\
        }\
      }\
    }\
  ]\
}","2022-06-20 10:38:29","14","2022-06-23 15:40:25","1","18","2"
"36","RJJINR","20","Rajajinagar","rajajinagar@unionbankofindia.com","96425 01982","Rajajinagar","1558","17","101","","","29AAACU0564G2ZC","","AAACU0564G",\N,"UDYAM-KR-03-0106234",\N,\N,\N,\N,"2022-07-13 16:02:52","21",\N,\N,"20","20","UBI","Union Bank of India","UBI@UBI.com","9999999999","Bangalore-560001","{\
  ""nameSearchQueries"": [\
    {\
      ""queryDHI"": {\
        ""multi_match"": {\
          ""query"": ""SEARCH_NAME"",\
          ""fields"": [\
            ""name""\
          ],\
          ""type"": ""phrase"",\
          ""analyzer"": ""dhi_term_analyzer"",\
          ""boost"": 10\
        }\
      }\
    }\
  ],\
  ""addressSearchQueries"": [\
    {\
      ""queryDHI"": {\
        ""match"": {\
          ""address"": {\
            ""query"": ""SEARCH_ADDRESS"",\
            ""analyzer"": ""dhi_term_analyzer""\
          }\
        }\
      }\
    }\
  ],\
  ""nameAddressQueries"": [\
    {\
      ""queryDHI"": {\
        ""bool"": {\
          ""must"": [\
            {\
              ""multi_match"": {\
                ""query"": ""SEARCH_NAME"",\
                ""fields"": [\
                  ""name""\
                ],\
                ""type"": ""phrase"",\
                ""analyzer"": ""dhi_term_analyzer"",\
                ""boost"": 10\
              }\
            },\
            {\
              ""multi_match"": {\
                ""query"": ""SEARCH_ADDRESS"",\
                ""type"": ""most_fields"",\
                ""fields"": [\
                  ""address""\
                ],\
                ""analyzer"": ""dhi_term_analyzer"",\
                ""boost"": 2\
              }\
            }\
          ]\
        }\
      }\
    },\
    {\
      ""queryDHI"": {\
        ""bool"": {\
          ""must"": [\
            {\
              ""multi_match"": {\
                ""query"": ""SEARCH_NAME"",\
                ""fields"": [\
                  ""name""\
                ],\
                ""type"": ""phrase"",\
                ""analyzer"": ""dhi_term_analyzer"",\
                ""boost"": 2\
              }\
            },\
            {\
              ""multi_match"": {\
                ""query"": ""SEARCH_ADDRESS"",\
                ""type"": ""most_fields"",\
                ""fields"": [\
                  ""address""\
                ],\
                ""analyzer"": ""dhi_term_analyzer"",\
                ""boost"": 10\
              }\
            }\
          ]\
        }\
      }\
    }\
  ]\
}","2022-06-20 10:38:29","14","2022-06-23 15:40:25","1","18","2"
"37","RIHMTN","20","Richmond Town","richmondtown@unionbankofindia.com","82475 31538","Richmond Town","1558","17","101","","","29AAACU0564G2ZC","","AAACU0564G",\N,"UDYAM-KR-03-0106234",\N,\N,\N,\N,"2022-07-13 16:02:52","21",\N,\N,"20","20","UBI","Union Bank of India","UBI@UBI.com","9999999999","Bangalore-560001","{\
  ""nameSearchQueries"": [\
    {\
      ""queryDHI"": {\
        ""multi_match"": {\
          ""query"": ""SEARCH_NAME"",\
          ""fields"": [\
            ""name""\
          ],\
          ""type"": ""phrase"",\
          ""analyzer"": ""dhi_term_analyzer"",\
          ""boost"": 10\
        }\
      }\
    }\
  ],\
  ""addressSearchQueries"": [\
    {\
      ""queryDHI"": {\
        ""match"": {\
          ""address"": {\
            ""query"": ""SEARCH_ADDRESS"",\
            ""analyzer"": ""dhi_term_analyzer""\
          }\
        }\
      }\
    }\
  ],\
  ""nameAddressQueries"": [\
    {\
      ""queryDHI"": {\
        ""bool"": {\
          ""must"": [\
            {\
              ""multi_match"": {\
                ""query"": ""SEARCH_NAME"",\
                ""fields"": [\
                  ""name""\
                ],\
                ""type"": ""phrase"",\
                ""analyzer"": ""dhi_term_analyzer"",\
                ""boost"": 10\
              }\
            },\
            {\
              ""multi_match"": {\
                ""query"": ""SEARCH_ADDRESS"",\
                ""type"": ""most_fields"",\
                ""fields"": [\
                  ""address""\
                ],\
                ""analyzer"": ""dhi_term_analyzer"",\
                ""boost"": 2\
              }\
            }\
          ]\
        }\
      }\
    },\
    {\
      ""queryDHI"": {\
        ""bool"": {\
          ""must"": [\
            {\
              ""multi_match"": {\
                ""query"": ""SEARCH_NAME"",\
                ""fields"": [\
                  ""name""\
                ],\
                ""type"": ""phrase"",\
                ""analyzer"": ""dhi_term_analyzer"",\
                ""boost"": 2\
              }\
            },\
            {\
              ""multi_match"": {\
                ""query"": ""SEARCH_ADDRESS"",\
                ""type"": ""most_fields"",\
                ""fields"": [\
                  ""address""\
                ],\
                ""analyzer"": ""dhi_term_analyzer"",\
                ""boost"": 10\
              }\
            }\
          ]\
        }\
      }\
    }\
  ]\
}","2022-06-20 10:38:29","14","2022-06-23 15:40:25","1","18","2"
"38","RAJKOR","20","Rajkori","ubin0913847@unionbankofindia.bank","87448 72272","Rajkori","706","17","101","","","29AAACU0564G2ZC","","AAACU0564G",\N,"UDYAM-KR-03-0106234",\N,\N,\N,\N,"2022-07-13 16:02:52","21",\N,\N,"20","20","UBI","Union Bank of India","UBI@UBI.com","9999999999","Bangalore-560001","{\
  ""nameSearchQueries"": [\
    {\
      ""queryDHI"": {\
        ""multi_match"": {\
          ""query"": ""SEARCH_NAME"",\
          ""fields"": [\
            ""name""\
          ],\
          ""type"": ""phrase"",\
          ""analyzer"": ""dhi_term_analyzer"",\
          ""boost"": 10\
        }\
      }\
    }\
  ],\
  ""addressSearchQueries"": [\
    {\
      ""queryDHI"": {\
        ""match"": {\
          ""address"": {\
            ""query"": ""SEARCH_ADDRESS"",\
            ""analyzer"": ""dhi_term_analyzer""\
          }\
        }\
      }\
    }\
  ],\
  ""nameAddressQueries"": [\
    {\
      ""queryDHI"": {\
        ""bool"": {\
          ""must"": [\
            {\
              ""multi_match"": {\
                ""query"": ""SEARCH_NAME"",\
                ""fields"": [\
                  ""name""\
                ],\
                ""type"": ""phrase"",\
                ""analyzer"": ""dhi_term_analyzer"",\
                ""boost"": 10\
              }\
            },\
            {\
              ""multi_match"": {\
                ""query"": ""SEARCH_ADDRESS"",\
                ""type"": ""most_fields"",\
                ""fields"": [\
                  ""address""\
                ],\
                ""analyzer"": ""dhi_term_analyzer"",\
                ""boost"": 2\
              }\
            }\
          ]\
        }\
      }\
    },\
    {\
      ""queryDHI"": {\
        ""bool"": {\
          ""must"": [\
            {\
              ""multi_match"": {\
                ""query"": ""SEARCH_NAME"",\
                ""fields"": [\
                  ""name""\
                ],\
                ""type"": ""phrase"",\
                ""analyzer"": ""dhi_term_analyzer"",\
                ""boost"": 2\
              }\
            },\
            {\
              ""multi_match"": {\
                ""query"": ""SEARCH_ADDRESS"",\
                ""type"": ""most_fields"",\
                ""fields"": [\
                  ""address""\
                ],\
                ""analyzer"": ""dhi_term_analyzer"",\
                ""boost"": 10\
              }\
            }\
          ]\
        }\
      }\
    }\
  ]\
}","2022-06-20 10:38:29","14","2022-06-23 15:40:25","1","18","2"
"39","RBILYT","20","RBI Layout","ubin0908665@unionbankofindia.bank","97434 58045","RBI Lyout","1558","17","101","","","29AAACU0564G2ZC","","AAACU0564G",\N,"UDYAM-KR-03-0106234",\N,\N,\N,\N,"2022-07-13 16:02:52","21",\N,\N,"20","20","UBI","Union Bank of India","UBI@UBI.com","9999999999","Bangalore-560001","{\
  ""nameSearchQueries"": [\
    {\
      ""queryDHI"": {\
        ""multi_match"": {\
          ""query"": ""SEARCH_NAME"",\
          ""fields"": [\
            ""name""\
          ],\
          ""type"": ""phrase"",\
          ""analyzer"": ""dhi_term_analyzer"",\
          ""boost"": 10\
        }\
      }\
    }\
  ],\
  ""addressSearchQueries"": [\
    {\
      ""queryDHI"": {\
        ""match"": {\
          ""address"": {\
            ""query"": ""SEARCH_ADDRESS"",\
            ""analyzer"": ""dhi_term_analyzer""\
          }\
        }\
      }\
    }\
  ],\
  ""nameAddressQueries"": [\
    {\
      ""queryDHI"": {\
        ""bool"": {\
          ""must"": [\
            {\
              ""multi_match"": {\
                ""query"": ""SEARCH_NAME"",\
                ""fields"": [\
                  ""name""\
                ],\
                ""type"": ""phrase"",\
                ""analyzer"": ""dhi_term_analyzer"",\
                ""boost"": 10\
              }\
            },\
            {\
              ""multi_match"": {\
                ""query"": ""SEARCH_ADDRESS"",\
                ""type"": ""most_fields"",\
                ""fields"": [\
                  ""address""\
                ],\
                ""analyzer"": ""dhi_term_analyzer"",\
                ""boost"": 2\
              }\
            }\
          ]\
        }\
      }\
    },\
    {\
      ""queryDHI"": {\
        ""bool"": {\
          ""must"": [\
            {\
              ""multi_match"": {\
                ""query"": ""SEARCH_NAME"",\
                ""fields"": [\
                  ""name""\
                ],\
                ""type"": ""phrase"",\
                ""analyzer"": ""dhi_term_analyzer"",\
                ""boost"": 2\
              }\
            },\
            {\
              ""multi_match"": {\
                ""query"": ""SEARCH_ADDRESS"",\
                ""type"": ""most_fields"",\
                ""fields"": [\
                  ""address""\
                ],\
                ""analyzer"": ""dhi_term_analyzer"",\
                ""boost"": 10\
              }\
            }\
          ]\
        }\
      }\
    }\
  ]\
}","2022-06-20 10:38:29","14","2022-06-23 15:40:25","1","18","2"
"40","RRNAGR","20","RR Nagar","rajarajeswarinagar@unionbankofindia.com","99869 99289","RR Nagar","1558","17","101","","","29AAACU0564G2ZC","","AAACU0564G",\N,"UDYAM-KR-03-0106234",\N,\N,\N,\N,"2022-07-13 16:02:52","21",\N,\N,"20","20","UBI","Union Bank of India","UBI@UBI.com","9999999999","Bangalore-560001","{\
  ""nameSearchQueries"": [\
    {\
      ""queryDHI"": {\
        ""multi_match"": {\
          ""query"": ""SEARCH_NAME"",\
          ""fields"": [\
            ""name""\
          ],\
          ""type"": ""phrase"",\
          ""analyzer"": ""dhi_term_analyzer"",\
          ""boost"": 10\
        }\
      }\
    }\
  ],\
  ""addressSearchQueries"": [\
    {\
      ""queryDHI"": {\
        ""match"": {\
          ""address"": {\
            ""query"": ""SEARCH_ADDRESS"",\
            ""analyzer"": ""dhi_term_analyzer""\
          }\
        }\
      }\
    }\
  ],\
  ""nameAddressQueries"": [\
    {\
      ""queryDHI"": {\
        ""bool"": {\
          ""must"": [\
            {\
              ""multi_match"": {\
                ""query"": ""SEARCH_NAME"",\
                ""fields"": [\
                  ""name""\
                ],\
                ""type"": ""phrase"",\
                ""analyzer"": ""dhi_term_analyzer"",\
                ""boost"": 10\
              }\
            },\
            {\
              ""multi_match"": {\
                ""query"": ""SEARCH_ADDRESS"",\
                ""type"": ""most_fields"",\
                ""fields"": [\
                  ""address""\
                ],\
                ""analyzer"": ""dhi_term_analyzer"",\
                ""boost"": 2\
              }\
            }\
          ]\
        }\
      }\
    },\
    {\
      ""queryDHI"": {\
        ""bool"": {\
          ""must"": [\
            {\
              ""multi_match"": {\
                ""query"": ""SEARCH_NAME"",\
                ""fields"": [\
                  ""name""\
                ],\
                ""type"": ""phrase"",\
                ""analyzer"": ""dhi_term_analyzer"",\
                ""boost"": 2\
              }\
            },\
            {\
              ""multi_match"": {\
                ""query"": ""SEARCH_ADDRESS"",\
                ""type"": ""most_fields"",\
                ""fields"": [\
                  ""address""\
                ],\
                ""analyzer"": ""dhi_term_analyzer"",\
                ""boost"": 10\
              }\
            }\
          ]\
        }\
      }\
    }\
  ]\
}","2022-06-20 10:38:29","14","2022-06-23 15:40:25","1","18","2"
"41","STJOHN","20","St. John","stjohnext@unionbankofindia.com","96189 70569","St. John","1558","17","101","","","29AAACU0564G2ZC","","AAACU0564G",\N,"UDYAM-KR-03-0106234",\N,\N,\N,\N,"2022-07-13 16:02:52","21",\N,\N,"20","20","UBI","Union Bank of India","UBI@UBI.com","9999999999","Bangalore-560001","{\
  ""nameSearchQueries"": [\
    {\
      ""queryDHI"": {\
        ""multi_match"": {\
          ""query"": ""SEARCH_NAME"",\
          ""fields"": [\
            ""name""\
          ],\
          ""type"": ""phrase"",\
          ""analyzer"": ""dhi_term_analyzer"",\
          ""boost"": 10\
        }\
      }\
    }\
  ],\
  ""addressSearchQueries"": [\
    {\
      ""queryDHI"": {\
        ""match"": {\
          ""address"": {\
            ""query"": ""SEARCH_ADDRESS"",\
            ""analyzer"": ""dhi_term_analyzer""\
          }\
        }\
      }\
    }\
  ],\
  ""nameAddressQueries"": [\
    {\
      ""queryDHI"": {\
        ""bool"": {\
          ""must"": [\
            {\
              ""multi_match"": {\
                ""query"": ""SEARCH_NAME"",\
                ""fields"": [\
                  ""name""\
                ],\
                ""type"": ""phrase"",\
                ""analyzer"": ""dhi_term_analyzer"",\
                ""boost"": 10\
              }\
            },\
            {\
              ""multi_match"": {\
                ""query"": ""SEARCH_ADDRESS"",\
                ""type"": ""most_fields"",\
                ""fields"": [\
                  ""address""\
                ],\
                ""analyzer"": ""dhi_term_analyzer"",\
                ""boost"": 2\
              }\
            }\
          ]\
        }\
      }\
    },\
    {\
      ""queryDHI"": {\
        ""bool"": {\
          ""must"": [\
            {\
              ""multi_match"": {\
                ""query"": ""SEARCH_NAME"",\
                ""fields"": [\
                  ""name""\
                ],\
                ""type"": ""phrase"",\
                ""analyzer"": ""dhi_term_analyzer"",\
                ""boost"": 2\
              }\
            },\
            {\
              ""multi_match"": {\
                ""query"": ""SEARCH_ADDRESS"",\
                ""type"": ""most_fields"",\
                ""fields"": [\
                  ""address""\
                ],\
                ""analyzer"": ""dhi_term_analyzer"",\
                ""boost"": 10\
              }\
            }\
          ]\
        }\
      }\
    }\
  ]\
}","2022-06-20 10:38:29","14","2022-06-23 15:40:25","1","18","2"
"42","ULPCHA","20","ULP - Chandra Layout ","cpcbangalore@unionbankofindia.bank","98457 63147","ULP - Chandra Layout ","1558","17","101","","","29AAACU0564G2ZC","","AAACU0564G",\N,"UDYAM-KR-03-0106234",\N,\N,\N,\N,"2022-07-13 16:02:52","21",\N,\N,"20","20","UBI","Union Bank of India","UBI@UBI.com","9999999999","Bangalore-560001","{\
  ""nameSearchQueries"": [\
    {\
      ""queryDHI"": {\
        ""multi_match"": {\
          ""query"": ""SEARCH_NAME"",\
          ""fields"": [\
            ""name""\
          ],\
          ""type"": ""phrase"",\
          ""analyzer"": ""dhi_term_analyzer"",\
          ""boost"": 10\
        }\
      }\
    }\
  ],\
  ""addressSearchQueries"": [\
    {\
      ""queryDHI"": {\
        ""match"": {\
          ""address"": {\
            ""query"": ""SEARCH_ADDRESS"",\
            ""analyzer"": ""dhi_term_analyzer""\
          }\
        }\
      }\
    }\
  ],\
  ""nameAddressQueries"": [\
    {\
      ""queryDHI"": {\
        ""bool"": {\
          ""must"": [\
            {\
              ""multi_match"": {\
                ""query"": ""SEARCH_NAME"",\
                ""fields"": [\
                  ""name""\
                ],\
                ""type"": ""phrase"",\
                ""analyzer"": ""dhi_term_analyzer"",\
                ""boost"": 10\
              }\
            },\
            {\
              ""multi_match"": {\
                ""query"": ""SEARCH_ADDRESS"",\
                ""type"": ""most_fields"",\
                ""fields"": [\
                  ""address""\
                ],\
                ""analyzer"": ""dhi_term_analyzer"",\
                ""boost"": 2\
              }\
            }\
          ]\
        }\
      }\
    },\
    {\
      ""queryDHI"": {\
        ""bool"": {\
          ""must"": [\
            {\
              ""multi_match"": {\
                ""query"": ""SEARCH_NAME"",\
                ""fields"": [\
                  ""name""\
                ],\
                ""type"": ""phrase"",\
                ""analyzer"": ""dhi_term_analyzer"",\
                ""boost"": 2\
              }\
            },\
            {\
              ""multi_match"": {\
                ""query"": ""SEARCH_ADDRESS"",\
                ""type"": ""most_fields"",\
                ""fields"": [\
                  ""address""\
                ],\
                ""analyzer"": ""dhi_term_analyzer"",\
                ""boost"": 10\
              }\
            }\
          ]\
        }\
      }\
    }\
  ]\
}","2022-06-20 10:38:29","14","2022-06-23 15:40:25","1","18","2"
"43","ULPJAY","20","ULP - Jayanagara South","bm2125@unionbankofindia.com","98860 85086","ULP - Jayanagara South","1558","17","101","","","29AAACU0564G2ZC","","AAACU0564G",\N,"UDYAM-KR-03-0106234",\N,\N,\N,\N,"2022-07-13 16:02:52","21",\N,\N,"20","20","UBI","Union Bank of India","UBI@UBI.com","9999999999","Bangalore-560001","{\
  ""nameSearchQueries"": [\
    {\
      ""queryDHI"": {\
        ""multi_match"": {\
          ""query"": ""SEARCH_NAME"",\
          ""fields"": [\
            ""name""\
          ],\
          ""type"": ""phrase"",\
          ""analyzer"": ""dhi_term_analyzer"",\
          ""boost"": 10\
        }\
      }\
    }\
  ],\
  ""addressSearchQueries"": [\
    {\
      ""queryDHI"": {\
        ""match"": {\
          ""address"": {\
            ""query"": ""SEARCH_ADDRESS"",\
            ""analyzer"": ""dhi_term_analyzer""\
          }\
        }\
      }\
    }\
  ],\
  ""nameAddressQueries"": [\
    {\
      ""queryDHI"": {\
        ""bool"": {\
          ""must"": [\
            {\
              ""multi_match"": {\
                ""query"": ""SEARCH_NAME"",\
                ""fields"": [\
                  ""name""\
                ],\
                ""type"": ""phrase"",\
                ""analyzer"": ""dhi_term_analyzer"",\
                ""boost"": 10\
              }\
            },\
            {\
              ""multi_match"": {\
                ""query"": ""SEARCH_ADDRESS"",\
                ""type"": ""most_fields"",\
                ""fields"": [\
                  ""address""\
                ],\
                ""analyzer"": ""dhi_term_analyzer"",\
                ""boost"": 2\
              }\
            }\
          ]\
        }\
      }\
    },\
    {\
      ""queryDHI"": {\
        ""bool"": {\
          ""must"": [\
            {\
              ""multi_match"": {\
                ""query"": ""SEARCH_NAME"",\
                ""fields"": [\
                  ""name""\
                ],\
                ""type"": ""phrase"",\
                ""analyzer"": ""dhi_term_analyzer"",\
                ""boost"": 2\
              }\
            },\
            {\
              ""multi_match"": {\
                ""query"": ""SEARCH_ADDRESS"",\
                ""type"": ""most_fields"",\
                ""fields"": [\
                  ""address""\
                ],\
                ""analyzer"": ""dhi_term_analyzer"",\
                ""boost"": 10\
              }\
            }\
          ]\
        }\
      }\
    }\
  ]\
}","2022-06-20 10:38:29","14","2022-06-23 15:40:25","1","18","2"
"44","ULPEST","20","ULP-East","ulpmissionroad.bengalurueast@unionbankofindia.com","91139 58369","ULP-East","1558","17","101","","","29AAACU0564G2ZC","","AAACU0564G",\N,"UDYAM-KR-03-0106234",\N,\N,\N,\N,"2022-07-13 16:02:52","21",\N,\N,"20","20","UBI","Union Bank of India","UBI@UBI.com","9999999999","Bangalore-560001","{\
  ""nameSearchQueries"": [\
    {\
      ""queryDHI"": {\
        ""multi_match"": {\
          ""query"": ""SEARCH_NAME"",\
          ""fields"": [\
            ""name""\
          ],\
          ""type"": ""phrase"",\
          ""analyzer"": ""dhi_term_analyzer"",\
          ""boost"": 10\
        }\
      }\
    }\
  ],\
  ""addressSearchQueries"": [\
    {\
      ""queryDHI"": {\
        ""match"": {\
          ""address"": {\
            ""query"": ""SEARCH_ADDRESS"",\
            ""analyzer"": ""dhi_term_analyzer""\
          }\
        }\
      }\
    }\
  ],\
  ""nameAddressQueries"": [\
    {\
      ""queryDHI"": {\
        ""bool"": {\
          ""must"": [\
            {\
              ""multi_match"": {\
                ""query"": ""SEARCH_NAME"",\
                ""fields"": [\
                  ""name""\
                ],\
                ""type"": ""phrase"",\
                ""analyzer"": ""dhi_term_analyzer"",\
                ""boost"": 10\
              }\
            },\
            {\
              ""multi_match"": {\
                ""query"": ""SEARCH_ADDRESS"",\
                ""type"": ""most_fields"",\
                ""fields"": [\
                  ""address""\
                ],\
                ""analyzer"": ""dhi_term_analyzer"",\
                ""boost"": 2\
              }\
            }\
          ]\
        }\
      }\
    },\
    {\
      ""queryDHI"": {\
        ""bool"": {\
          ""must"": [\
            {\
              ""multi_match"": {\
                ""query"": ""SEARCH_NAME"",\
                ""fields"": [\
                  ""name""\
                ],\
                ""type"": ""phrase"",\
                ""analyzer"": ""dhi_term_analyzer"",\
                ""boost"": 2\
              }\
            },\
            {\
              ""multi_match"": {\
                ""query"": ""SEARCH_ADDRESS"",\
                ""type"": ""most_fields"",\
                ""fields"": [\
                  ""address""\
                ],\
                ""analyzer"": ""dhi_term_analyzer"",\
                ""boost"": 10\
              }\
            }\
          ]\
        }\
      }\
    }\
  ]\
}","2022-06-20 10:38:29","14","2022-06-23 15:40:25","1","18","2"
"45","ULPRAJ","20","ULP Rajajinagar","cb1853@unionbankofindia.bank","97915 45101","ULP Rajajinagar","1558","17","101","","","29AAACU0564G2ZC","","AAACU0564G",\N,"UDYAM-KR-03-0106234",\N,\N,\N,\N,"2022-07-13 16:02:52","21",\N,\N,"20","20","UBI","Union Bank of India","UBI@UBI.com","9999999999","Bangalore-560001","{\
  ""nameSearchQueries"": [\
    {\
      ""queryDHI"": {\
        ""multi_match"": {\
          ""query"": ""SEARCH_NAME"",\
          ""fields"": [\
            ""name""\
          ],\
          ""type"": ""phrase"",\
          ""analyzer"": ""dhi_term_analyzer"",\
          ""boost"": 10\
        }\
      }\
    }\
  ],\
  ""addressSearchQueries"": [\
    {\
      ""queryDHI"": {\
        ""match"": {\
          ""address"": {\
            ""query"": ""SEARCH_ADDRESS"",\
            ""analyzer"": ""dhi_term_analyzer""\
          }\
        }\
      }\
    }\
  ],\
  ""nameAddressQueries"": [\
    {\
      ""queryDHI"": {\
        ""bool"": {\
          ""must"": [\
            {\
              ""multi_match"": {\
                ""query"": ""SEARCH_NAME"",\
                ""fields"": [\
                  ""name""\
                ],\
                ""type"": ""phrase"",\
                ""analyzer"": ""dhi_term_analyzer"",\
                ""boost"": 10\
              }\
            },\
            {\
              ""multi_match"": {\
                ""query"": ""SEARCH_ADDRESS"",\
                ""type"": ""most_fields"",\
                ""fields"": [\
                  ""address""\
                ],\
                ""analyzer"": ""dhi_term_analyzer"",\
                ""boost"": 2\
              }\
            }\
          ]\
        }\
      }\
    },\
    {\
      ""queryDHI"": {\
        ""bool"": {\
          ""must"": [\
            {\
              ""multi_match"": {\
                ""query"": ""SEARCH_NAME"",\
                ""fields"": [\
                  ""name""\
                ],\
                ""type"": ""phrase"",\
                ""analyzer"": ""dhi_term_analyzer"",\
                ""boost"": 2\
              }\
            },\
            {\
              ""multi_match"": {\
                ""query"": ""SEARCH_ADDRESS"",\
                ""type"": ""most_fields"",\
                ""fields"": [\
                  ""address""\
                ],\
                ""analyzer"": ""dhi_term_analyzer"",\
                ""boost"": 10\
              }\
            }\
          ]\
        }\
      }\
    }\
  ]\
}","2022-06-20 10:38:29","14","2022-06-23 15:40:25","1","18","2"
"46","ULPMOTI","20","ULP Motibagh","ulpdelhimb@unionbankofindia.com","915873622","ULP Motibagh","706","10","101","","","29AAACU0564G2ZC","","AAACU0564G",\N,"UDYAM-KR-03-0106234",\N,\N,\N,\N,"2022-07-13 16:02:52","21",\N,\N,"20","20","UBI","Union Bank of India","UBI@UBI.com","9999999999","Bangalore-560001","{\
  ""nameSearchQueries"": [\
    {\
      ""queryDHI"": {\
        ""multi_match"": {\
          ""query"": ""SEARCH_NAME"",\
          ""fields"": [\
            ""name""\
          ],\
          ""type"": ""phrase"",\
          ""analyzer"": ""dhi_term_analyzer"",\
          ""boost"": 10\
        }\
      }\
    }\
  ],\
  ""addressSearchQueries"": [\
    {\
      ""queryDHI"": {\
        ""match"": {\
          ""address"": {\
            ""query"": ""SEARCH_ADDRESS"",\
            ""analyzer"": ""dhi_term_analyzer""\
          }\
        }\
      }\
    }\
  ],\
  ""nameAddressQueries"": [\
    {\
      ""queryDHI"": {\
        ""bool"": {\
          ""must"": [\
            {\
              ""multi_match"": {\
                ""query"": ""SEARCH_NAME"",\
                ""fields"": [\
                  ""name""\
                ],\
                ""type"": ""phrase"",\
                ""analyzer"": ""dhi_term_analyzer"",\
                ""boost"": 10\
              }\
            },\
            {\
              ""multi_match"": {\
                ""query"": ""SEARCH_ADDRESS"",\
                ""type"": ""most_fields"",\
                ""fields"": [\
                  ""address""\
                ],\
                ""analyzer"": ""dhi_term_analyzer"",\
                ""boost"": 2\
              }\
            }\
          ]\
        }\
      }\
    },\
    {\
      ""queryDHI"": {\
        ""bool"": {\
          ""must"": [\
            {\
              ""multi_match"": {\
                ""query"": ""SEARCH_NAME"",\
                ""fields"": [\
                  ""name""\
                ],\
                ""type"": ""phrase"",\
                ""analyzer"": ""dhi_term_analyzer"",\
                ""boost"": 2\
              }\
            },\
            {\
              ""multi_match"": {\
                ""query"": ""SEARCH_ADDRESS"",\
                ""type"": ""most_fields"",\
                ""fields"": [\
                  ""address""\
                ],\
                ""analyzer"": ""dhi_term_analyzer"",\
                ""boost"": 10\
              }\
            }\
          ]\
        }\
      }\
    }\
  ]\
}","2022-06-20 10:38:29","14","2022-06-23 15:40:25","1","18","2"
"47","ULPHYD","20","ULP Hyderabad","ulphyderabad@unionbankofindia.com","6232140333","ULP Hyderabad","4460","10","101","","","29AAACU0564G2ZC","","AAACU0564G",\N,"UDYAM-KR-03-0106234",\N,\N,\N,\N,"2022-07-13 16:02:52","21",\N,\N,"20","20","UBI","Union Bank of India","UBI@UBI.com","9999999999","Bangalore-560001","{\
  ""nameSearchQueries"": [\
    {\
      ""queryDHI"": {\
        ""multi_match"": {\
          ""query"": ""SEARCH_NAME"",\
          ""fields"": [\
            ""name""\
          ],\
          ""type"": ""phrase"",\
          ""analyzer"": ""dhi_term_analyzer"",\
          ""boost"": 10\
        }\
      }\
    }\
  ],\
  ""addressSearchQueries"": [\
    {\
      ""queryDHI"": {\
        ""match"": {\
          ""address"": {\
            ""query"": ""SEARCH_ADDRESS"",\
            ""analyzer"": ""dhi_term_analyzer""\
          }\
        }\
      }\
    }\
  ],\
  ""nameAddressQueries"": [\
    {\
      ""queryDHI"": {\
        ""bool"": {\
          ""must"": [\
            {\
              ""multi_match"": {\
                ""query"": ""SEARCH_NAME"",\
                ""fields"": [\
                  ""name""\
                ],\
                ""type"": ""phrase"",\
                ""analyzer"": ""dhi_term_analyzer"",\
                ""boost"": 10\
              }\
            },\
            {\
              ""multi_match"": {\
                ""query"": ""SEARCH_ADDRESS"",\
                ""type"": ""most_fields"",\
                ""fields"": [\
                  ""address""\
                ],\
                ""analyzer"": ""dhi_term_analyzer"",\
                ""boost"": 2\
              }\
            }\
          ]\
        }\
      }\
    },\
    {\
      ""queryDHI"": {\
        ""bool"": {\
          ""must"": [\
            {\
              ""multi_match"": {\
                ""query"": ""SEARCH_NAME"",\
                ""fields"": [\
                  ""name""\
                ],\
                ""type"": ""phrase"",\
                ""analyzer"": ""dhi_term_analyzer"",\
                ""boost"": 2\
              }\
            },\
            {\
              ""multi_match"": {\
                ""query"": ""SEARCH_ADDRESS"",\
                ""type"": ""most_fields"",\
                ""fields"": [\
                  ""address""\
                ],\
                ""analyzer"": ""dhi_term_analyzer"",\
                ""boost"": 10\
              }\
            }\
          ]\
        }\
      }\
    }\
  ]\
}","2022-06-20 10:38:29","14","2022-06-23 15:40:25","1","18","2"
"48","ULPWHI","20","ULP-Whitefield","cb0843@unionbankofindia.com","93861 84629","ULP-Whitefield","1558","17","101","","","29AAACU0564G2ZC","","AAACU0564G",\N,"UDYAM-KR-03-0106234",\N,\N,\N,\N,"2022-07-13 16:02:52","21",\N,\N,"20","20","UBI","Union Bank of India","UBI@UBI.com","9999999999","Bangalore-560001","{\
  ""nameSearchQueries"": [\
    {\
      ""queryDHI"": {\
        ""multi_match"": {\
          ""query"": ""SEARCH_NAME"",\
          ""fields"": [\
            ""name""\
          ],\
          ""type"": ""phrase"",\
          ""analyzer"": ""dhi_term_analyzer"",\
          ""boost"": 10\
        }\
      }\
    }\
  ],\
  ""addressSearchQueries"": [\
    {\
      ""queryDHI"": {\
        ""match"": {\
          ""address"": {\
            ""query"": ""SEARCH_ADDRESS"",\
            ""analyzer"": ""dhi_term_analyzer""\
          }\
        }\
      }\
    }\
  ],\
  ""nameAddressQueries"": [\
    {\
      ""queryDHI"": {\
        ""bool"": {\
          ""must"": [\
            {\
              ""multi_match"": {\
                ""query"": ""SEARCH_NAME"",\
                ""fields"": [\
                  ""name""\
                ],\
                ""type"": ""phrase"",\
                ""analyzer"": ""dhi_term_analyzer"",\
                ""boost"": 10\
              }\
            },\
            {\
              ""multi_match"": {\
                ""query"": ""SEARCH_ADDRESS"",\
                ""type"": ""most_fields"",\
                ""fields"": [\
                  ""address""\
                ],\
                ""analyzer"": ""dhi_term_analyzer"",\
                ""boost"": 2\
              }\
            }\
          ]\
        }\
      }\
    },\
    {\
      ""queryDHI"": {\
        ""bool"": {\
          ""must"": [\
            {\
              ""multi_match"": {\
                ""query"": ""SEARCH_NAME"",\
                ""fields"": [\
                  ""name""\
                ],\
                ""type"": ""phrase"",\
                ""analyzer"": ""dhi_term_analyzer"",\
                ""boost"": 2\
              }\
            },\
            {\
              ""multi_match"": {\
                ""query"": ""SEARCH_ADDRESS"",\
                ""type"": ""most_fields"",\
                ""fields"": [\
                  ""address""\
                ],\
                ""analyzer"": ""dhi_term_analyzer"",\
                ""boost"": 10\
              }\
            }\
          ]\
        }\
      }\
    }\
  ]\
}","2022-06-20 10:38:29","14","2022-06-23 15:40:25","1","18","2"
"49","VIJIPR","20","Vijinapura","vijanapura@unionbankofindia.com","99167 02856","Vijinapura","1558","17","101","","","29AAACU0564G2ZC","","AAACU0564G",\N,"UDYAM-KR-03-0106234",\N,\N,\N,\N,"2022-07-13 16:02:52","21",\N,\N,"20","20","UBI","Union Bank of India","UBI@UBI.com","9999999999","Bangalore-560001","{\
  ""nameSearchQueries"": [\
    {\
      ""queryDHI"": {\
        ""multi_match"": {\
          ""query"": ""SEARCH_NAME"",\
          ""fields"": [\
            ""name""\
          ],\
          ""type"": ""phrase"",\
          ""analyzer"": ""dhi_term_analyzer"",\
          ""boost"": 10\
        }\
      }\
    }\
  ],\
  ""addressSearchQueries"": [\
    {\
      ""queryDHI"": {\
        ""match"": {\
          ""address"": {\
            ""query"": ""SEARCH_ADDRESS"",\
            ""analyzer"": ""dhi_term_analyzer""\
          }\
        }\
      }\
    }\
  ],\
  ""nameAddressQueries"": [\
    {\
      ""queryDHI"": {\
        ""bool"": {\
          ""must"": [\
            {\
              ""multi_match"": {\
                ""query"": ""SEARCH_NAME"",\
                ""fields"": [\
                  ""name""\
                ],\
                ""type"": ""phrase"",\
                ""analyzer"": ""dhi_term_analyzer"",\
                ""boost"": 10\
              }\
            },\
            {\
              ""multi_match"": {\
                ""query"": ""SEARCH_ADDRESS"",\
                ""type"": ""most_fields"",\
                ""fields"": [\
                  ""address""\
                ],\
                ""analyzer"": ""dhi_term_analyzer"",\
                ""boost"": 2\
              }\
            }\
          ]\
        }\
      }\
    },\
    {\
      ""queryDHI"": {\
        ""bool"": {\
          ""must"": [\
            {\
              ""multi_match"": {\
                ""query"": ""SEARCH_NAME"",\
                ""fields"": [\
                  ""name""\
                ],\
                ""type"": ""phrase"",\
                ""analyzer"": ""dhi_term_analyzer"",\
                ""boost"": 2\
              }\
            },\
            {\
              ""multi_match"": {\
                ""query"": ""SEARCH_ADDRESS"",\
                ""type"": ""most_fields"",\
                ""fields"": [\
                  ""address""\
                ],\
                ""analyzer"": ""dhi_term_analyzer"",\
                ""boost"": 10\
              }\
            }\
          ]\
        }\
      }\
    }\
  ]\
}","2022-06-20 10:38:29","14","2022-06-23 15:40:25","1","18","2"
"50","UBIROM","20","Mraketing Officers","Marketingofficers@unionbankofindia.com","76784 94940","Mraketing Officers","1558","17","101","","","29AAACU0564G2ZC","","AAACU0564G",\N,"UDYAM-KR-03-0106234",\N,\N,\N,\N,"2022-07-13 16:02:52","21",\N,\N,"20","20","UBI","Union Bank of India","UBI@UBI.com","9999999999","Bangalore-560001","{\
  ""nameSearchQueries"": [\
    {\
      ""queryDHI"": {\
        ""multi_match"": {\
          ""query"": ""SEARCH_NAME"",\
          ""fields"": [\
            ""name""\
          ],\
          ""type"": ""phrase"",\
          ""analyzer"": ""dhi_term_analyzer"",\
          ""boost"": 10\
        }\
      }\
    }\
  ],\
  ""addressSearchQueries"": [\
    {\
      ""queryDHI"": {\
        ""match"": {\
          ""address"": {\
            ""query"": ""SEARCH_ADDRESS"",\
            ""analyzer"": ""dhi_term_analyzer""\
          }\
        }\
      }\
    }\
  ],\
  ""nameAddressQueries"": [\
    {\
      ""queryDHI"": {\
        ""bool"": {\
          ""must"": [\
            {\
              ""multi_match"": {\
                ""query"": ""SEARCH_NAME"",\
                ""fields"": [\
                  ""name""\
                ],\
                ""type"": ""phrase"",\
                ""analyzer"": ""dhi_term_analyzer"",\
                ""boost"": 10\
              }\
            },\
            {\
              ""multi_match"": {\
                ""query"": ""SEARCH_ADDRESS"",\
                ""type"": ""most_fields"",\
                ""fields"": [\
                  ""address""\
                ],\
                ""analyzer"": ""dhi_term_analyzer"",\
                ""boost"": 2\
              }\
            }\
          ]\
        }\
      }\
    },\
    {\
      ""queryDHI"": {\
        ""bool"": {\
          ""must"": [\
            {\
              ""multi_match"": {\
                ""query"": ""SEARCH_NAME"",\
                ""fields"": [\
                  ""name""\
                ],\
                ""type"": ""phrase"",\
                ""analyzer"": ""dhi_term_analyzer"",\
                ""boost"": 2\
              }\
            },\
            {\
              ""multi_match"": {\
                ""query"": ""SEARCH_ADDRESS"",\
                ""type"": ""most_fields"",\
                ""fields"": [\
                  ""address""\
                ],\
                ""analyzer"": ""dhi_term_analyzer"",\
                ""boost"": 10\
              }\
            }\
          ]\
        }\
      }\
    }\
  ]\
}","2022-06-20 10:38:29","14","2022-06-23 15:40:25","1","18","2"
"51","VIJANR","20","Vijayanagar","vijayanagar@unionbankofindia.com","94833 66223","Vijayanagar","1558","17","101","","","29AAACU0564G2ZC","","AAACU0564G",\N,"UDYAM-KR-03-0106234",\N,\N,\N,\N,"2022-07-13 16:02:52","21",\N,\N,"20","20","UBI","Union Bank of India","UBI@UBI.com","9999999999","Bangalore-560001","{\
  ""nameSearchQueries"": [\
    {\
      ""queryDHI"": {\
        ""multi_match"": {\
          ""query"": ""SEARCH_NAME"",\
          ""fields"": [\
            ""name""\
          ],\
          ""type"": ""phrase"",\
          ""analyzer"": ""dhi_term_analyzer"",\
          ""boost"": 10\
        }\
      }\
    }\
  ],\
  ""addressSearchQueries"": [\
    {\
      ""queryDHI"": {\
        ""match"": {\
          ""address"": {\
            ""query"": ""SEARCH_ADDRESS"",\
            ""analyzer"": ""dhi_term_analyzer""\
          }\
        }\
      }\
    }\
  ],\
  ""nameAddressQueries"": [\
    {\
      ""queryDHI"": {\
        ""bool"": {\
          ""must"": [\
            {\
              ""multi_match"": {\
                ""query"": ""SEARCH_NAME"",\
                ""fields"": [\
                  ""name""\
                ],\
                ""type"": ""phrase"",\
                ""analyzer"": ""dhi_term_analyzer"",\
                ""boost"": 10\
              }\
            },\
            {\
              ""multi_match"": {\
                ""query"": ""SEARCH_ADDRESS"",\
                ""type"": ""most_fields"",\
                ""fields"": [\
                  ""address""\
                ],\
                ""analyzer"": ""dhi_term_analyzer"",\
                ""boost"": 2\
              }\
            }\
          ]\
        }\
      }\
    },\
    {\
      ""queryDHI"": {\
        ""bool"": {\
          ""must"": [\
            {\
              ""multi_match"": {\
                ""query"": ""SEARCH_NAME"",\
                ""fields"": [\
                  ""name""\
                ],\
                ""type"": ""phrase"",\
                ""analyzer"": ""dhi_term_analyzer"",\
                ""boost"": 2\
              }\
            },\
            {\
              ""multi_match"": {\
                ""query"": ""SEARCH_ADDRESS"",\
                ""type"": ""most_fields"",\
                ""fields"": [\
                  ""address""\
                ],\
                ""analyzer"": ""dhi_term_analyzer"",\
                ""boost"": 10\
              }\
            }\
          ]\
        }\
      }\
    }\
  ]\
}","2022-06-20 10:38:29","14","2022-06-23 15:40:25","1","18","2"
"52","ABAKNR","20","Akshayanagar","bm2075@unionbankofindia.com","79893 92877","Akshayanagar","1558","17","101","","","29AAACU0564G2ZC","","AAACU0564G",\N,"UDYAM-KR-03-0106234",\N,\N,\N,\N,"2022-07-13 16:02:52","21",\N,\N,"20","20","UBI","Union Bank of India","UBI@UBI.com","9999999999","Bangalore-560001","{\
  ""nameSearchQueries"": [\
    {\
      ""queryDHI"": {\
        ""multi_match"": {\
          ""query"": ""SEARCH_NAME"",\
          ""fields"": [\
            ""name""\
          ],\
          ""type"": ""phrase"",\
          ""analyzer"": ""dhi_term_analyzer"",\
          ""boost"": 10\
        }\
      }\
    }\
  ],\
  ""addressSearchQueries"": [\
    {\
      ""queryDHI"": {\
        ""match"": {\
          ""address"": {\
            ""query"": ""SEARCH_ADDRESS"",\
            ""analyzer"": ""dhi_term_analyzer""\
          }\
        }\
      }\
    }\
  ],\
  ""nameAddressQueries"": [\
    {\
      ""queryDHI"": {\
        ""bool"": {\
          ""must"": [\
            {\
              ""multi_match"": {\
                ""query"": ""SEARCH_NAME"",\
                ""fields"": [\
                  ""name""\
                ],\
                ""type"": ""phrase"",\
                ""analyzer"": ""dhi_term_analyzer"",\
                ""boost"": 10\
              }\
            },\
            {\
              ""multi_match"": {\
                ""query"": ""SEARCH_ADDRESS"",\
                ""type"": ""most_fields"",\
                ""fields"": [\
                  ""address""\
                ],\
                ""analyzer"": ""dhi_term_analyzer"",\
                ""boost"": 2\
              }\
            }\
          ]\
        }\
      }\
    },\
    {\
      ""queryDHI"": {\
        ""bool"": {\
          ""must"": [\
            {\
              ""multi_match"": {\
                ""query"": ""SEARCH_NAME"",\
                ""fields"": [\
                  ""name""\
                ],\
                ""type"": ""phrase"",\
                ""analyzer"": ""dhi_term_analyzer"",\
                ""boost"": 2\
              }\
            },\
            {\
              ""multi_match"": {\
                ""query"": ""SEARCH_ADDRESS"",\
                ""type"": ""most_fields"",\
                ""fields"": [\
                  ""address""\
                ],\
                ""analyzer"": ""dhi_term_analyzer"",\
                ""boost"": 10\
              }\
            }\
          ]\
        }\
      }\
    }\
  ]\
}","2022-06-20 10:38:29","14","2022-06-23 15:40:25","1","18","2"
"53","ABATNR","20","Ananthanagar","bm2570@unionbankofindia.com","99023 52982","Ananthanagar","1558","17","101","","","29AAACU0564G2ZC","","AAACU0564G",\N,"UDYAM-KR-03-0106234",\N,\N,\N,\N,"2022-07-13 16:02:52","21",\N,\N,"20","20","UBI","Union Bank of India","UBI@UBI.com","9999999999","Bangalore-560001","{\
  ""nameSearchQueries"": [\
    {\
      ""queryDHI"": {\
        ""multi_match"": {\
          ""query"": ""SEARCH_NAME"",\
          ""fields"": [\
            ""name""\
          ],\
          ""type"": ""phrase"",\
          ""analyzer"": ""dhi_term_analyzer"",\
          ""boost"": 10\
        }\
      }\
    }\
  ],\
  ""addressSearchQueries"": [\
    {\
      ""queryDHI"": {\
        ""match"": {\
          ""address"": {\
            ""query"": ""SEARCH_ADDRESS"",\
            ""analyzer"": ""dhi_term_analyzer""\
          }\
        }\
      }\
    }\
  ],\
  ""nameAddressQueries"": [\
    {\
      ""queryDHI"": {\
        ""bool"": {\
          ""must"": [\
            {\
              ""multi_match"": {\
                ""query"": ""SEARCH_NAME"",\
                ""fields"": [\
                  ""name""\
                ],\
                ""type"": ""phrase"",\
                ""analyzer"": ""dhi_term_analyzer"",\
                ""boost"": 10\
              }\
            },\
            {\
              ""multi_match"": {\
                ""query"": ""SEARCH_ADDRESS"",\
                ""type"": ""most_fields"",\
                ""fields"": [\
                  ""address""\
                ],\
                ""analyzer"": ""dhi_term_analyzer"",\
                ""boost"": 2\
              }\
            }\
          ]\
        }\
      }\
    },\
    {\
      ""queryDHI"": {\
        ""bool"": {\
          ""must"": [\
            {\
              ""multi_match"": {\
                ""query"": ""SEARCH_NAME"",\
                ""fields"": [\
                  ""name""\
                ],\
                ""type"": ""phrase"",\
                ""analyzer"": ""dhi_term_analyzer"",\
                ""boost"": 2\
              }\
            },\
            {\
              ""multi_match"": {\
                ""query"": ""SEARCH_ADDRESS"",\
                ""type"": ""most_fields"",\
                ""fields"": [\
                  ""address""\
                ],\
                ""analyzer"": ""dhi_term_analyzer"",\
                ""boost"": 10\
              }\
            }\
          ]\
        }\
      }\
    }\
  ]\
}","2022-06-20 10:38:29","14","2022-06-23 15:40:25","1","18","2"
"54","ABADHL","20","Andrahalli","bm2363@unionbankofindia.com","99631 93944","Andrahalli","1558","17","101","","","29AAACU0564G2ZC","","AAACU0564G",\N,"UDYAM-KR-03-0106234",\N,\N,\N,\N,"2022-07-13 16:02:52","21",\N,\N,"20","20","UBI","Union Bank of India","UBI@UBI.com","9999999999","Bangalore-560001","{\
  ""nameSearchQueries"": [\
    {\
      ""queryDHI"": {\
        ""multi_match"": {\
          ""query"": ""SEARCH_NAME"",\
          ""fields"": [\
            ""name""\
          ],\
          ""type"": ""phrase"",\
          ""analyzer"": ""dhi_term_analyzer"",\
          ""boost"": 10\
        }\
      }\
    }\
  ],\
  ""addressSearchQueries"": [\
    {\
      ""queryDHI"": {\
        ""match"": {\
          ""address"": {\
            ""query"": ""SEARCH_ADDRESS"",\
            ""analyzer"": ""dhi_term_analyzer""\
          }\
        }\
      }\
    }\
  ],\
  ""nameAddressQueries"": [\
    {\
      ""queryDHI"": {\
        ""bool"": {\
          ""must"": [\
            {\
              ""multi_match"": {\
                ""query"": ""SEARCH_NAME"",\
                ""fields"": [\
                  ""name""\
                ],\
                ""type"": ""phrase"",\
                ""analyzer"": ""dhi_term_analyzer"",\
                ""boost"": 10\
              }\
            },\
            {\
              ""multi_match"": {\
                ""query"": ""SEARCH_ADDRESS"",\
                ""type"": ""most_fields"",\
                ""fields"": [\
                  ""address""\
                ],\
                ""analyzer"": ""dhi_term_analyzer"",\
                ""boost"": 2\
              }\
            }\
          ]\
        }\
      }\
    },\
    {\
      ""queryDHI"": {\
        ""bool"": {\
          ""must"": [\
            {\
              ""multi_match"": {\
                ""query"": ""SEARCH_NAME"",\
                ""fields"": [\
                  ""name""\
                ],\
                ""type"": ""phrase"",\
                ""analyzer"": ""dhi_term_analyzer"",\
                ""boost"": 2\
              }\
            },\
            {\
              ""multi_match"": {\
                ""query"": ""SEARCH_ADDRESS"",\
                ""type"": ""most_fields"",\
                ""fields"": [\
                  ""address""\
                ],\
                ""analyzer"": ""dhi_term_analyzer"",\
                ""boost"": 10\
              }\
            }\
          ]\
        }\
      }\
    }\
  ]\
}","2022-06-20 10:38:29","14","2022-06-23 15:40:25","1","18","2"
"55","ABANNR","20","Annaporneshwari Nagar","bm2131@unionbankofindia.com","9741787433","Annaporneshwari Nagar","1558","17","101","","","29AAACU0564G2ZC","","AAACU0564G",\N,"UDYAM-KR-03-0106234",\N,\N,\N,\N,"2022-07-13 16:02:52","21",\N,\N,"20","20","UBI","Union Bank of India","UBI@UBI.com","9999999999","Bangalore-560001","{\
  ""nameSearchQueries"": [\
    {\
      ""queryDHI"": {\
        ""multi_match"": {\
          ""query"": ""SEARCH_NAME"",\
          ""fields"": [\
            ""name""\
          ],\
          ""type"": ""phrase"",\
          ""analyzer"": ""dhi_term_analyzer"",\
          ""boost"": 10\
        }\
      }\
    }\
  ],\
  ""addressSearchQueries"": [\
    {\
      ""queryDHI"": {\
        ""match"": {\
          ""address"": {\
            ""query"": ""SEARCH_ADDRESS"",\
            ""analyzer"": ""dhi_term_analyzer""\
          }\
        }\
      }\
    }\
  ],\
  ""nameAddressQueries"": [\
    {\
      ""queryDHI"": {\
        ""bool"": {\
          ""must"": [\
            {\
              ""multi_match"": {\
                ""query"": ""SEARCH_NAME"",\
                ""fields"": [\
                  ""name""\
                ],\
                ""type"": ""phrase"",\
                ""analyzer"": ""dhi_term_analyzer"",\
                ""boost"": 10\
              }\
            },\
            {\
              ""multi_match"": {\
                ""query"": ""SEARCH_ADDRESS"",\
                ""type"": ""most_fields"",\
                ""fields"": [\
                  ""address""\
                ],\
                ""analyzer"": ""dhi_term_analyzer"",\
                ""boost"": 2\
              }\
            }\
          ]\
        }\
      }\
    },\
    {\
      ""queryDHI"": {\
        ""bool"": {\
          ""must"": [\
            {\
              ""multi_match"": {\
                ""query"": ""SEARCH_NAME"",\
                ""fields"": [\
                  ""name""\
                ],\
                ""type"": ""phrase"",\
                ""analyzer"": ""dhi_term_analyzer"",\
                ""boost"": 2\
              }\
            },\
            {\
              ""multi_match"": {\
                ""query"": ""SEARCH_ADDRESS"",\
                ""type"": ""most_fields"",\
                ""fields"": [\
                  ""address""\
                ],\
                ""analyzer"": ""dhi_term_analyzer"",\
                ""boost"": 10\
              }\
            }\
          ]\
        }\
      }\
    }\
  ]\
}","2022-06-20 10:38:29","14","2022-06-23 15:40:25","1","18","2"
"56","ABBSKR","20","Banashankari","bm1582@unionbankofindia.com","94806 12379","Banashankari","1558","17","101","","","29AAACU0564G2ZC","","AAACU0564G",\N,"UDYAM-KR-03-0106234",\N,\N,\N,\N,"2022-07-13 16:02:52","21",\N,\N,"20","20","UBI","Union Bank of India","UBI@UBI.com","9999999999","Bangalore-560001","{\
  ""nameSearchQueries"": [\
    {\
      ""queryDHI"": {\
        ""multi_match"": {\
          ""query"": ""SEARCH_NAME"",\
          ""fields"": [\
            ""name""\
          ],\
          ""type"": ""phrase"",\
          ""analyzer"": ""dhi_term_analyzer"",\
          ""boost"": 10\
        }\
      }\
    }\
  ],\
  ""addressSearchQueries"": [\
    {\
      ""queryDHI"": {\
        ""match"": {\
          ""address"": {\
            ""query"": ""SEARCH_ADDRESS"",\
            ""analyzer"": ""dhi_term_analyzer""\
          }\
        }\
      }\
    }\
  ],\
  ""nameAddressQueries"": [\
    {\
      ""queryDHI"": {\
        ""bool"": {\
          ""must"": [\
            {\
              ""multi_match"": {\
                ""query"": ""SEARCH_NAME"",\
                ""fields"": [\
                  ""name""\
                ],\
                ""type"": ""phrase"",\
                ""analyzer"": ""dhi_term_analyzer"",\
                ""boost"": 10\
              }\
            },\
            {\
              ""multi_match"": {\
                ""query"": ""SEARCH_ADDRESS"",\
                ""type"": ""most_fields"",\
                ""fields"": [\
                  ""address""\
                ],\
                ""analyzer"": ""dhi_term_analyzer"",\
                ""boost"": 2\
              }\
            }\
          ]\
        }\
      }\
    },\
    {\
      ""queryDHI"": {\
        ""bool"": {\
          ""must"": [\
            {\
              ""multi_match"": {\
                ""query"": ""SEARCH_NAME"",\
                ""fields"": [\
                  ""name""\
                ],\
                ""type"": ""phrase"",\
                ""analyzer"": ""dhi_term_analyzer"",\
                ""boost"": 2\
              }\
            },\
            {\
              ""multi_match"": {\
                ""query"": ""SEARCH_ADDRESS"",\
                ""type"": ""most_fields"",\
                ""fields"": [\
                  ""address""\
                ],\
                ""analyzer"": ""dhi_term_analyzer"",\
                ""boost"": 10\
              }\
            }\
          ]\
        }\
      }\
    }\
  ]\
}","2022-06-20 10:38:29","14","2022-06-23 15:40:25","1","18","2"
"57","ABBNGT","20","Bannerghatta","bm1196@unionbankofindia.com","91825 33662","Bannerghatta","1558","17","101","","","29AAACU0564G2ZC","","AAACU0564G",\N,"UDYAM-KR-03-0106234",\N,\N,\N,\N,"2022-07-13 16:02:52","21",\N,\N,"20","20","UBI","Union Bank of India","UBI@UBI.com","9999999999","Bangalore-560001","{\
  ""nameSearchQueries"": [\
    {\
      ""queryDHI"": {\
        ""multi_match"": {\
          ""query"": ""SEARCH_NAME"",\
          ""fields"": [\
            ""name""\
          ],\
          ""type"": ""phrase"",\
          ""analyzer"": ""dhi_term_analyzer"",\
          ""boost"": 10\
        }\
      }\
    }\
  ],\
  ""addressSearchQueries"": [\
    {\
      ""queryDHI"": {\
        ""match"": {\
          ""address"": {\
            ""query"": ""SEARCH_ADDRESS"",\
            ""analyzer"": ""dhi_term_analyzer""\
          }\
        }\
      }\
    }\
  ],\
  ""nameAddressQueries"": [\
    {\
      ""queryDHI"": {\
        ""bool"": {\
          ""must"": [\
            {\
              ""multi_match"": {\
                ""query"": ""SEARCH_NAME"",\
                ""fields"": [\
                  ""name""\
                ],\
                ""type"": ""phrase"",\
                ""analyzer"": ""dhi_term_analyzer"",\
                ""boost"": 10\
              }\
            },\
            {\
              ""multi_match"": {\
                ""query"": ""SEARCH_ADDRESS"",\
                ""type"": ""most_fields"",\
                ""fields"": [\
                  ""address""\
                ],\
                ""analyzer"": ""dhi_term_analyzer"",\
                ""boost"": 2\
              }\
            }\
          ]\
        }\
      }\
    },\
    {\
      ""queryDHI"": {\
        ""bool"": {\
          ""must"": [\
            {\
              ""multi_match"": {\
                ""query"": ""SEARCH_NAME"",\
                ""fields"": [\
                  ""name""\
                ],\
                ""type"": ""phrase"",\
                ""analyzer"": ""dhi_term_analyzer"",\
                ""boost"": 2\
              }\
            },\
            {\
              ""multi_match"": {\
                ""query"": ""SEARCH_ADDRESS"",\
                ""type"": ""most_fields"",\
                ""fields"": [\
                  ""address""\
                ],\
                ""analyzer"": ""dhi_term_analyzer"",\
                ""boost"": 10\
              }\
            }\
          ]\
        }\
      }\
    }\
  ]\
}","2022-06-20 10:38:29","14","2022-06-23 15:40:25","1","18","2"
"58","ABBNWD","20","Bansawadi","bm1432@unionbankofindia.com","97911 34388","Bansawadi","1558","17","101","","","29AAACU0564G2ZC","","AAACU0564G",\N,"UDYAM-KR-03-0106234",\N,\N,\N,\N,"2022-07-13 16:02:52","21",\N,\N,"20","20","UBI","Union Bank of India","UBI@UBI.com","9999999999","Bangalore-560001","{\
  ""nameSearchQueries"": [\
    {\
      ""queryDHI"": {\
        ""multi_match"": {\
          ""query"": ""SEARCH_NAME"",\
          ""fields"": [\
            ""name""\
          ],\
          ""type"": ""phrase"",\
          ""analyzer"": ""dhi_term_analyzer"",\
          ""boost"": 10\
        }\
      }\
    }\
  ],\
  ""addressSearchQueries"": [\
    {\
      ""queryDHI"": {\
        ""match"": {\
          ""address"": {\
            ""query"": ""SEARCH_ADDRESS"",\
            ""analyzer"": ""dhi_term_analyzer""\
          }\
        }\
      }\
    }\
  ],\
  ""nameAddressQueries"": [\
    {\
      ""queryDHI"": {\
        ""bool"": {\
          ""must"": [\
            {\
              ""multi_match"": {\
                ""query"": ""SEARCH_NAME"",\
                ""fields"": [\
                  ""name""\
                ],\
                ""type"": ""phrase"",\
                ""analyzer"": ""dhi_term_analyzer"",\
                ""boost"": 10\
              }\
            },\
            {\
              ""multi_match"": {\
                ""query"": ""SEARCH_ADDRESS"",\
                ""type"": ""most_fields"",\
                ""fields"": [\
                  ""address""\
                ],\
                ""analyzer"": ""dhi_term_analyzer"",\
                ""boost"": 2\
              }\
            }\
          ]\
        }\
      }\
    },\
    {\
      ""queryDHI"": {\
        ""bool"": {\
          ""must"": [\
            {\
              ""multi_match"": {\
                ""query"": ""SEARCH_NAME"",\
                ""fields"": [\
                  ""name""\
                ],\
                ""type"": ""phrase"",\
                ""analyzer"": ""dhi_term_analyzer"",\
                ""boost"": 2\
              }\
            },\
            {\
              ""multi_match"": {\
                ""query"": ""SEARCH_ADDRESS"",\
                ""type"": ""most_fields"",\
                ""fields"": [\
                  ""address""\
                ],\
                ""analyzer"": ""dhi_term_analyzer"",\
                ""boost"": 10\
              }\
            }\
          ]\
        }\
      }\
    }\
  ]\
}","2022-06-20 10:38:29","14","2022-06-23 15:40:25","1","18","2"
"59","ABBTNR","20","Bharatnagar  ","bm2329@unionbankofindia.com","9059177751","Bharatnagar  ","1558","17","101","","","29AAACU0564G2ZC","","AAACU0564G",\N,"UDYAM-KR-03-0106234",\N,\N,\N,\N,"2022-07-13 16:02:52","21",\N,\N,"20","20","UBI","Union Bank of India","UBI@UBI.com","9999999999","Bangalore-560001","{\
  ""nameSearchQueries"": [\
    {\
      ""queryDHI"": {\
        ""multi_match"": {\
          ""query"": ""SEARCH_NAME"",\
          ""fields"": [\
            ""name""\
          ],\
          ""type"": ""phrase"",\
          ""analyzer"": ""dhi_term_analyzer"",\
          ""boost"": 10\
        }\
      }\
    }\
  ],\
  ""addressSearchQueries"": [\
    {\
      ""queryDHI"": {\
        ""match"": {\
          ""address"": {\
            ""query"": ""SEARCH_ADDRESS"",\
            ""analyzer"": ""dhi_term_analyzer""\
          }\
        }\
      }\
    }\
  ],\
  ""nameAddressQueries"": [\
    {\
      ""queryDHI"": {\
        ""bool"": {\
          ""must"": [\
            {\
              ""multi_match"": {\
                ""query"": ""SEARCH_NAME"",\
                ""fields"": [\
                  ""name""\
                ],\
                ""type"": ""phrase"",\
                ""analyzer"": ""dhi_term_analyzer"",\
                ""boost"": 10\
              }\
            },\
            {\
              ""multi_match"": {\
                ""query"": ""SEARCH_ADDRESS"",\
                ""type"": ""most_fields"",\
                ""fields"": [\
                  ""address""\
                ],\
                ""analyzer"": ""dhi_term_analyzer"",\
                ""boost"": 2\
              }\
            }\
          ]\
        }\
      }\
    },\
    {\
      ""queryDHI"": {\
        ""bool"": {\
          ""must"": [\
            {\
              ""multi_match"": {\
                ""query"": ""SEARCH_NAME"",\
                ""fields"": [\
                  ""name""\
                ],\
                ""type"": ""phrase"",\
                ""analyzer"": ""dhi_term_analyzer"",\
                ""boost"": 2\
              }\
            },\
            {\
              ""multi_match"": {\
                ""query"": ""SEARCH_ADDRESS"",\
                ""type"": ""most_fields"",\
                ""fields"": [\
                  ""address""\
                ],\
                ""analyzer"": ""dhi_term_analyzer"",\
                ""boost"": 10\
              }\
            }\
          ]\
        }\
      }\
    }\
  ]\
}","2022-06-20 10:38:29","14","2022-06-23 15:40:25","1","18","2"
"60","ABBTM4","20","BTM Layout 4th stage  Branch","bm2073@unionbankofindia.com","8884722214","BTM Layout 4th stage  Branch","1558","17","101","","","29AAACU0564G2ZC","","AAACU0564G",\N,"UDYAM-KR-03-0106234",\N,\N,\N,\N,"2022-07-13 16:02:52","21",\N,\N,"20","20","UBI","Union Bank of India","UBI@UBI.com","9999999999","Bangalore-560001","{\
  ""nameSearchQueries"": [\
    {\
      ""queryDHI"": {\
        ""multi_match"": {\
          ""query"": ""SEARCH_NAME"",\
          ""fields"": [\
            ""name""\
          ],\
          ""type"": ""phrase"",\
          ""analyzer"": ""dhi_term_analyzer"",\
          ""boost"": 10\
        }\
      }\
    }\
  ],\
  ""addressSearchQueries"": [\
    {\
      ""queryDHI"": {\
        ""match"": {\
          ""address"": {\
            ""query"": ""SEARCH_ADDRESS"",\
            ""analyzer"": ""dhi_term_analyzer""\
          }\
        }\
      }\
    }\
  ],\
  ""nameAddressQueries"": [\
    {\
      ""queryDHI"": {\
        ""bool"": {\
          ""must"": [\
            {\
              ""multi_match"": {\
                ""query"": ""SEARCH_NAME"",\
                ""fields"": [\
                  ""name""\
                ],\
                ""type"": ""phrase"",\
                ""analyzer"": ""dhi_term_analyzer"",\
                ""boost"": 10\
              }\
            },\
            {\
              ""multi_match"": {\
                ""query"": ""SEARCH_ADDRESS"",\
                ""type"": ""most_fields"",\
                ""fields"": [\
                  ""address""\
                ],\
                ""analyzer"": ""dhi_term_analyzer"",\
                ""boost"": 2\
              }\
            }\
          ]\
        }\
      }\
    },\
    {\
      ""queryDHI"": {\
        ""bool"": {\
          ""must"": [\
            {\
              ""multi_match"": {\
                ""query"": ""SEARCH_NAME"",\
                ""fields"": [\
                  ""name""\
                ],\
                ""type"": ""phrase"",\
                ""analyzer"": ""dhi_term_analyzer"",\
                ""boost"": 2\
              }\
            },\
            {\
              ""multi_match"": {\
                ""query"": ""SEARCH_ADDRESS"",\
                ""type"": ""most_fields"",\
                ""fields"": [\
                  ""address""\
                ],\
                ""analyzer"": ""dhi_term_analyzer"",\
                ""boost"": 10\
              }\
            }\
          ]\
        }\
      }\
    }\
  ]\
}","2022-06-20 10:38:29","14","2022-06-23 15:40:25","1","18","2"
"61","ABCMPT","20","Chamarajpet  Branch","bm93@unionbankofindia.com","9845175798","Chamarajpet  Branch","1558","17","101","","","29AAACU0564G2ZC","","AAACU0564G",\N,"UDYAM-KR-03-0106234",\N,\N,\N,\N,"2022-07-13 16:02:52","21",\N,\N,"20","20","UBI","Union Bank of India","UBI@UBI.com","9999999999","Bangalore-560001","{\
  ""nameSearchQueries"": [\
    {\
      ""queryDHI"": {\
        ""multi_match"": {\
          ""query"": ""SEARCH_NAME"",\
          ""fields"": [\
            ""name""\
          ],\
          ""type"": ""phrase"",\
          ""analyzer"": ""dhi_term_analyzer"",\
          ""boost"": 10\
        }\
      }\
    }\
  ],\
  ""addressSearchQueries"": [\
    {\
      ""queryDHI"": {\
        ""match"": {\
          ""address"": {\
            ""query"": ""SEARCH_ADDRESS"",\
            ""analyzer"": ""dhi_term_analyzer""\
          }\
        }\
      }\
    }\
  ],\
  ""nameAddressQueries"": [\
    {\
      ""queryDHI"": {\
        ""bool"": {\
          ""must"": [\
            {\
              ""multi_match"": {\
                ""query"": ""SEARCH_NAME"",\
                ""fields"": [\
                  ""name""\
                ],\
                ""type"": ""phrase"",\
                ""analyzer"": ""dhi_term_analyzer"",\
                ""boost"": 10\
              }\
            },\
            {\
              ""multi_match"": {\
                ""query"": ""SEARCH_ADDRESS"",\
                ""type"": ""most_fields"",\
                ""fields"": [\
                  ""address""\
                ],\
                ""analyzer"": ""dhi_term_analyzer"",\
                ""boost"": 2\
              }\
            }\
          ]\
        }\
      }\
    },\
    {\
      ""queryDHI"": {\
        ""bool"": {\
          ""must"": [\
            {\
              ""multi_match"": {\
                ""query"": ""SEARCH_NAME"",\
                ""fields"": [\
                  ""name""\
                ],\
                ""type"": ""phrase"",\
                ""analyzer"": ""dhi_term_analyzer"",\
                ""boost"": 2\
              }\
            },\
            {\
              ""multi_match"": {\
                ""query"": ""SEARCH_ADDRESS"",\
                ""type"": ""most_fields"",\
                ""fields"": [\
                  ""address""\
                ],\
                ""analyzer"": ""dhi_term_analyzer"",\
                ""boost"": 10\
              }\
            }\
          ]\
        }\
      }\
    }\
  ]\
}","2022-06-20 10:38:29","14","2022-06-23 15:40:25","1","18","2"
"62","ABCDPR","20","Chandapura","bm2450@unionbankofindia.com","7989671127","Chandapura","1558","17","101","","","29AAACU0564G2ZC","","AAACU0564G",\N,"UDYAM-KR-03-0106234",\N,\N,\N,\N,"2022-07-13 16:02:52","21",\N,\N,"20","20","UBI","Union Bank of India","UBI@UBI.com","9999999999","Bangalore-560001","{\
  ""nameSearchQueries"": [\
    {\
      ""queryDHI"": {\
        ""multi_match"": {\
          ""query"": ""SEARCH_NAME"",\
          ""fields"": [\
            ""name""\
          ],\
          ""type"": ""phrase"",\
          ""analyzer"": ""dhi_term_analyzer"",\
          ""boost"": 10\
        }\
      }\
    }\
  ],\
  ""addressSearchQueries"": [\
    {\
      ""queryDHI"": {\
        ""match"": {\
          ""address"": {\
            ""query"": ""SEARCH_ADDRESS"",\
            ""analyzer"": ""dhi_term_analyzer""\
          }\
        }\
      }\
    }\
  ],\
  ""nameAddressQueries"": [\
    {\
      ""queryDHI"": {\
        ""bool"": {\
          ""must"": [\
            {\
              ""multi_match"": {\
                ""query"": ""SEARCH_NAME"",\
                ""fields"": [\
                  ""name""\
                ],\
                ""type"": ""phrase"",\
                ""analyzer"": ""dhi_term_analyzer"",\
                ""boost"": 10\
              }\
            },\
            {\
              ""multi_match"": {\
                ""query"": ""SEARCH_ADDRESS"",\
                ""type"": ""most_fields"",\
                ""fields"": [\
                  ""address""\
                ],\
                ""analyzer"": ""dhi_term_analyzer"",\
                ""boost"": 2\
              }\
            }\
          ]\
        }\
      }\
    },\
    {\
      ""queryDHI"": {\
        ""bool"": {\
          ""must"": [\
            {\
              ""multi_match"": {\
                ""query"": ""SEARCH_NAME"",\
                ""fields"": [\
                  ""name""\
                ],\
                ""type"": ""phrase"",\
                ""analyzer"": ""dhi_term_analyzer"",\
                ""boost"": 2\
              }\
            },\
            {\
              ""multi_match"": {\
                ""query"": ""SEARCH_ADDRESS"",\
                ""type"": ""most_fields"",\
                ""fields"": [\
                  ""address""\
                ],\
                ""analyzer"": ""dhi_term_analyzer"",\
                ""boost"": 10\
              }\
            }\
          ]\
        }\
      }\
    }\
  ]\
}","2022-06-20 10:38:29","14","2022-06-23 15:40:25","1","18","2"
"63","ABCKTW","20","Cooke Town","bm91@unionbankofindia.com","91600 60755","Cooke Town","1558","17","101","","","29AAACU0564G2ZC","","AAACU0564G",\N,"UDYAM-KR-03-0106234",\N,\N,\N,\N,"2022-07-13 16:02:52","21",\N,\N,"20","20","UBI","Union Bank of India","UBI@UBI.com","9999999999","Bangalore-560001","{\
  ""nameSearchQueries"": [\
    {\
      ""queryDHI"": {\
        ""multi_match"": {\
          ""query"": ""SEARCH_NAME"",\
          ""fields"": [\
            ""name""\
          ],\
          ""type"": ""phrase"",\
          ""analyzer"": ""dhi_term_analyzer"",\
          ""boost"": 10\
        }\
      }\
    }\
  ],\
  ""addressSearchQueries"": [\
    {\
      ""queryDHI"": {\
        ""match"": {\
          ""address"": {\
            ""query"": ""SEARCH_ADDRESS"",\
            ""analyzer"": ""dhi_term_analyzer""\
          }\
        }\
      }\
    }\
  ],\
  ""nameAddressQueries"": [\
    {\
      ""queryDHI"": {\
        ""bool"": {\
          ""must"": [\
            {\
              ""multi_match"": {\
                ""query"": ""SEARCH_NAME"",\
                ""fields"": [\
                  ""name""\
                ],\
                ""type"": ""phrase"",\
                ""analyzer"": ""dhi_term_analyzer"",\
                ""boost"": 10\
              }\
            },\
            {\
              ""multi_match"": {\
                ""query"": ""SEARCH_ADDRESS"",\
                ""type"": ""most_fields"",\
                ""fields"": [\
                  ""address""\
                ],\
                ""analyzer"": ""dhi_term_analyzer"",\
                ""boost"": 2\
              }\
            }\
          ]\
        }\
      }\
    },\
    {\
      ""queryDHI"": {\
        ""bool"": {\
          ""must"": [\
            {\
              ""multi_match"": {\
                ""query"": ""SEARCH_NAME"",\
                ""fields"": [\
                  ""name""\
                ],\
                ""type"": ""phrase"",\
                ""analyzer"": ""dhi_term_analyzer"",\
                ""boost"": 2\
              }\
            },\
            {\
              ""multi_match"": {\
                ""query"": ""SEARCH_ADDRESS"",\
                ""type"": ""most_fields"",\
                ""fields"": [\
                  ""address""\
                ],\
                ""analyzer"": ""dhi_term_analyzer"",\
                ""boost"": 10\
              }\
            }\
          ]\
        }\
      }\
    }\
  ]\
}","2022-06-20 10:38:29","14","2022-06-23 15:40:25","1","18","2"
"64","ABCVNR","20","CV Raman Nagar","bm1575@unionbankofindia.com","85859 55817","CV Raman Nagar","1558","17","101","","","29AAACU0564G2ZC","","AAACU0564G",\N,"UDYAM-KR-03-0106234",\N,\N,\N,\N,"2022-07-13 16:02:52","21",\N,\N,"20","20","UBI","Union Bank of India","UBI@UBI.com","9999999999","Bangalore-560001","{\
  ""nameSearchQueries"": [\
    {\
      ""queryDHI"": {\
        ""multi_match"": {\
          ""query"": ""SEARCH_NAME"",\
          ""fields"": [\
            ""name""\
          ],\
          ""type"": ""phrase"",\
          ""analyzer"": ""dhi_term_analyzer"",\
          ""boost"": 10\
        }\
      }\
    }\
  ],\
  ""addressSearchQueries"": [\
    {\
      ""queryDHI"": {\
        ""match"": {\
          ""address"": {\
            ""query"": ""SEARCH_ADDRESS"",\
            ""analyzer"": ""dhi_term_analyzer""\
          }\
        }\
      }\
    }\
  ],\
  ""nameAddressQueries"": [\
    {\
      ""queryDHI"": {\
        ""bool"": {\
          ""must"": [\
            {\
              ""multi_match"": {\
                ""query"": ""SEARCH_NAME"",\
                ""fields"": [\
                  ""name""\
                ],\
                ""type"": ""phrase"",\
                ""analyzer"": ""dhi_term_analyzer"",\
                ""boost"": 10\
              }\
            },\
            {\
              ""multi_match"": {\
                ""query"": ""SEARCH_ADDRESS"",\
                ""type"": ""most_fields"",\
                ""fields"": [\
                  ""address""\
                ],\
                ""analyzer"": ""dhi_term_analyzer"",\
                ""boost"": 2\
              }\
            }\
          ]\
        }\
      }\
    },\
    {\
      ""queryDHI"": {\
        ""bool"": {\
          ""must"": [\
            {\
              ""multi_match"": {\
                ""query"": ""SEARCH_NAME"",\
                ""fields"": [\
                  ""name""\
                ],\
                ""type"": ""phrase"",\
                ""analyzer"": ""dhi_term_analyzer"",\
                ""boost"": 2\
              }\
            },\
            {\
              ""multi_match"": {\
                ""query"": ""SEARCH_ADDRESS"",\
                ""type"": ""most_fields"",\
                ""fields"": [\
                  ""address""\
                ],\
                ""analyzer"": ""dhi_term_analyzer"",\
                ""boost"": 10\
              }\
            }\
          ]\
        }\
      }\
    }\
  ]\
}","2022-06-20 10:38:29","14","2022-06-23 15:40:25","1","18","2"
"65","ABDSHL","20","Dasarahalli","bm1660@unionbankofindia.com","8008775953","Dasarahalli","1558","17","101","","","29AAACU0564G2ZC","","AAACU0564G",\N,"UDYAM-KR-03-0106234",\N,\N,\N,\N,"2022-07-13 16:02:52","21",\N,\N,"20","20","UBI","Union Bank of India","UBI@UBI.com","9999999999","Bangalore-560001","{\
  ""nameSearchQueries"": [\
    {\
      ""queryDHI"": {\
        ""multi_match"": {\
          ""query"": ""SEARCH_NAME"",\
          ""fields"": [\
            ""name""\
          ],\
          ""type"": ""phrase"",\
          ""analyzer"": ""dhi_term_analyzer"",\
          ""boost"": 10\
        }\
      }\
    }\
  ],\
  ""addressSearchQueries"": [\
    {\
      ""queryDHI"": {\
        ""match"": {\
          ""address"": {\
            ""query"": ""SEARCH_ADDRESS"",\
            ""analyzer"": ""dhi_term_analyzer""\
          }\
        }\
      }\
    }\
  ],\
  ""nameAddressQueries"": [\
    {\
      ""queryDHI"": {\
        ""bool"": {\
          ""must"": [\
            {\
              ""multi_match"": {\
                ""query"": ""SEARCH_NAME"",\
                ""fields"": [\
                  ""name""\
                ],\
                ""type"": ""phrase"",\
                ""analyzer"": ""dhi_term_analyzer"",\
                ""boost"": 10\
              }\
            },\
            {\
              ""multi_match"": {\
                ""query"": ""SEARCH_ADDRESS"",\
                ""type"": ""most_fields"",\
                ""fields"": [\
                  ""address""\
                ],\
                ""analyzer"": ""dhi_term_analyzer"",\
                ""boost"": 2\
              }\
            }\
          ]\
        }\
      }\
    },\
    {\
      ""queryDHI"": {\
        ""bool"": {\
          ""must"": [\
            {\
              ""multi_match"": {\
                ""query"": ""SEARCH_NAME"",\
                ""fields"": [\
                  ""name""\
                ],\
                ""type"": ""phrase"",\
                ""analyzer"": ""dhi_term_analyzer"",\
                ""boost"": 2\
              }\
            },\
            {\
              ""multi_match"": {\
                ""query"": ""SEARCH_ADDRESS"",\
                ""type"": ""most_fields"",\
                ""fields"": [\
                  ""address""\
                ],\
                ""analyzer"": ""dhi_term_analyzer"",\
                ""boost"": 10\
              }\
            }\
          ]\
        }\
      }\
    }\
  ]\
}","2022-06-20 10:38:29","14","2022-06-23 15:40:25","1","18","2"
"66","ABDKLI","20","Doddakanelli","bm1992@unionbankofindia.com","94416 66611","Doddakanelli","1558","17","101","","","29AAACU0564G2ZC","","AAACU0564G",\N,"UDYAM-KR-03-0106234",\N,\N,\N,\N,"2022-07-13 16:02:52","21",\N,\N,"20","20","UBI","Union Bank of India","UBI@UBI.com","9999999999","Bangalore-560001","{\
  ""nameSearchQueries"": [\
    {\
      ""queryDHI"": {\
        ""multi_match"": {\
          ""query"": ""SEARCH_NAME"",\
          ""fields"": [\
            ""name""\
          ],\
          ""type"": ""phrase"",\
          ""analyzer"": ""dhi_term_analyzer"",\
          ""boost"": 10\
        }\
      }\
    }\
  ],\
  ""addressSearchQueries"": [\
    {\
      ""queryDHI"": {\
        ""match"": {\
          ""address"": {\
            ""query"": ""SEARCH_ADDRESS"",\
            ""analyzer"": ""dhi_term_analyzer""\
          }\
        }\
      }\
    }\
  ],\
  ""nameAddressQueries"": [\
    {\
      ""queryDHI"": {\
        ""bool"": {\
          ""must"": [\
            {\
              ""multi_match"": {\
                ""query"": ""SEARCH_NAME"",\
                ""fields"": [\
                  ""name""\
                ],\
                ""type"": ""phrase"",\
                ""analyzer"": ""dhi_term_analyzer"",\
                ""boost"": 10\
              }\
            },\
            {\
              ""multi_match"": {\
                ""query"": ""SEARCH_ADDRESS"",\
                ""type"": ""most_fields"",\
                ""fields"": [\
                  ""address""\
                ],\
                ""analyzer"": ""dhi_term_analyzer"",\
                ""boost"": 2\
              }\
            }\
          ]\
        }\
      }\
    },\
    {\
      ""queryDHI"": {\
        ""bool"": {\
          ""must"": [\
            {\
              ""multi_match"": {\
                ""query"": ""SEARCH_NAME"",\
                ""fields"": [\
                  ""name""\
                ],\
                ""type"": ""phrase"",\
                ""analyzer"": ""dhi_term_analyzer"",\
                ""boost"": 2\
              }\
            },\
            {\
              ""multi_match"": {\
                ""query"": ""SEARCH_ADDRESS"",\
                ""type"": ""most_fields"",\
                ""fields"": [\
                  ""address""\
                ],\
                ""analyzer"": ""dhi_term_analyzer"",\
                ""boost"": 10\
              }\
            }\
          ]\
        }\
      }\
    }\
  ]\
}","2022-06-20 10:38:29","14","2022-06-23 15:40:25","1","18","2"
"67","ABDMSD","20","Dommasandra  Branch","bm2975@unionbankofindia.com","6301070134","Dommasandra  Branch","1558","17","101","","","29AAACU0564G2ZC","","AAACU0564G",\N,"UDYAM-KR-03-0106234",\N,\N,\N,\N,"2022-07-13 16:02:52","21",\N,\N,"20","20","UBI","Union Bank of India","UBI@UBI.com","9999999999","Bangalore-560001","{\
  ""nameSearchQueries"": [\
    {\
      ""queryDHI"": {\
        ""multi_match"": {\
          ""query"": ""SEARCH_NAME"",\
          ""fields"": [\
            ""name""\
          ],\
          ""type"": ""phrase"",\
          ""analyzer"": ""dhi_term_analyzer"",\
          ""boost"": 10\
        }\
      }\
    }\
  ],\
  ""addressSearchQueries"": [\
    {\
      ""queryDHI"": {\
        ""match"": {\
          ""address"": {\
            ""query"": ""SEARCH_ADDRESS"",\
            ""analyzer"": ""dhi_term_analyzer""\
          }\
        }\
      }\
    }\
  ],\
  ""nameAddressQueries"": [\
    {\
      ""queryDHI"": {\
        ""bool"": {\
          ""must"": [\
            {\
              ""multi_match"": {\
                ""query"": ""SEARCH_NAME"",\
                ""fields"": [\
                  ""name""\
                ],\
                ""type"": ""phrase"",\
                ""analyzer"": ""dhi_term_analyzer"",\
                ""boost"": 10\
              }\
            },\
            {\
              ""multi_match"": {\
                ""query"": ""SEARCH_ADDRESS"",\
                ""type"": ""most_fields"",\
                ""fields"": [\
                  ""address""\
                ],\
                ""analyzer"": ""dhi_term_analyzer"",\
                ""boost"": 2\
              }\
            }\
          ]\
        }\
      }\
    },\
    {\
      ""queryDHI"": {\
        ""bool"": {\
          ""must"": [\
            {\
              ""multi_match"": {\
                ""query"": ""SEARCH_NAME"",\
                ""fields"": [\
                  ""name""\
                ],\
                ""type"": ""phrase"",\
                ""analyzer"": ""dhi_term_analyzer"",\
                ""boost"": 2\
              }\
            },\
            {\
              ""multi_match"": {\
                ""query"": ""SEARCH_ADDRESS"",\
                ""type"": ""most_fields"",\
                ""fields"": [\
                  ""address""\
                ],\
                ""analyzer"": ""dhi_term_analyzer"",\
                ""boost"": 10\
              }\
            }\
          ]\
        }\
      }\
    }\
  ]\
}","2022-06-20 10:38:29","14","2022-06-23 15:40:25","1","18","2"
"68","ABELCT","20","Electronic City Branch","bm1398@unionbankofindia.com","96408 99678","Electronic City Branch","1558","17","101","","","29AAACU0564G2ZC","","AAACU0564G",\N,"UDYAM-KR-03-0106234",\N,\N,\N,\N,"2022-07-13 16:02:52","21",\N,\N,"20","20","UBI","Union Bank of India","UBI@UBI.com","9999999999","Bangalore-560001","{\
  ""nameSearchQueries"": [\
    {\
      ""queryDHI"": {\
        ""multi_match"": {\
          ""query"": ""SEARCH_NAME"",\
          ""fields"": [\
            ""name""\
          ],\
          ""type"": ""phrase"",\
          ""analyzer"": ""dhi_term_analyzer"",\
          ""boost"": 10\
        }\
      }\
    }\
  ],\
  ""addressSearchQueries"": [\
    {\
      ""queryDHI"": {\
        ""match"": {\
          ""address"": {\
            ""query"": ""SEARCH_ADDRESS"",\
            ""analyzer"": ""dhi_term_analyzer""\
          }\
        }\
      }\
    }\
  ],\
  ""nameAddressQueries"": [\
    {\
      ""queryDHI"": {\
        ""bool"": {\
          ""must"": [\
            {\
              ""multi_match"": {\
                ""query"": ""SEARCH_NAME"",\
                ""fields"": [\
                  ""name""\
                ],\
                ""type"": ""phrase"",\
                ""analyzer"": ""dhi_term_analyzer"",\
                ""boost"": 10\
              }\
            },\
            {\
              ""multi_match"": {\
                ""query"": ""SEARCH_ADDRESS"",\
                ""type"": ""most_fields"",\
                ""fields"": [\
                  ""address""\
                ],\
                ""analyzer"": ""dhi_term_analyzer"",\
                ""boost"": 2\
              }\
            }\
          ]\
        }\
      }\
    },\
    {\
      ""queryDHI"": {\
        ""bool"": {\
          ""must"": [\
            {\
              ""multi_match"": {\
                ""query"": ""SEARCH_NAME"",\
                ""fields"": [\
                  ""name""\
                ],\
                ""type"": ""phrase"",\
                ""analyzer"": ""dhi_term_analyzer"",\
                ""boost"": 2\
              }\
            },\
            {\
              ""multi_match"": {\
                ""query"": ""SEARCH_ADDRESS"",\
                ""type"": ""most_fields"",\
                ""fields"": [\
                  ""address""\
                ],\
                ""analyzer"": ""dhi_term_analyzer"",\
                ""boost"": 10\
              }\
            }\
          ]\
        }\
      }\
    }\
  ]\
}","2022-06-20 10:38:29","14","2022-06-23 15:40:25","1","18","2"
"69","ABGOTE","20","Gottigere","bm2927@unionbankofindia.com","99016 46929","Gottigere","1558","17","101","","","29AAACU0564G2ZC","","AAACU0564G",\N,"UDYAM-KR-03-0106234",\N,\N,\N,\N,"2022-07-13 16:02:52","21",\N,\N,"20","20","UBI","Union Bank of India","UBI@UBI.com","9999999999","Bangalore-560001","{\
  ""nameSearchQueries"": [\
    {\
      ""queryDHI"": {\
        ""multi_match"": {\
          ""query"": ""SEARCH_NAME"",\
          ""fields"": [\
            ""name""\
          ],\
          ""type"": ""phrase"",\
          ""analyzer"": ""dhi_term_analyzer"",\
          ""boost"": 10\
        }\
      }\
    }\
  ],\
  ""addressSearchQueries"": [\
    {\
      ""queryDHI"": {\
        ""match"": {\
          ""address"": {\
            ""query"": ""SEARCH_ADDRESS"",\
            ""analyzer"": ""dhi_term_analyzer""\
          }\
        }\
      }\
    }\
  ],\
  ""nameAddressQueries"": [\
    {\
      ""queryDHI"": {\
        ""bool"": {\
          ""must"": [\
            {\
              ""multi_match"": {\
                ""query"": ""SEARCH_NAME"",\
                ""fields"": [\
                  ""name""\
                ],\
                ""type"": ""phrase"",\
                ""analyzer"": ""dhi_term_analyzer"",\
                ""boost"": 10\
              }\
            },\
            {\
              ""multi_match"": {\
                ""query"": ""SEARCH_ADDRESS"",\
                ""type"": ""most_fields"",\
                ""fields"": [\
                  ""address""\
                ],\
                ""analyzer"": ""dhi_term_analyzer"",\
                ""boost"": 2\
              }\
            }\
          ]\
        }\
      }\
    },\
    {\
      ""queryDHI"": {\
        ""bool"": {\
          ""must"": [\
            {\
              ""multi_match"": {\
                ""query"": ""SEARCH_NAME"",\
                ""fields"": [\
                  ""name""\
                ],\
                ""type"": ""phrase"",\
                ""analyzer"": ""dhi_term_analyzer"",\
                ""boost"": 2\
              }\
            },\
            {\
              ""multi_match"": {\
                ""query"": ""SEARCH_ADDRESS"",\
                ""type"": ""most_fields"",\
                ""fields"": [\
                  ""address""\
                ],\
                ""analyzer"": ""dhi_term_analyzer"",\
                ""boost"": 10\
              }\
            }\
          ]\
        }\
      }\
    }\
  ]\
}","2022-06-20 10:38:29","14","2022-06-23 15:40:25","1","18","2"
"70","ABGBPL","20","Garavebhavipalya","bm2432@unionbankofindia.com","9916800049","Garavebhavipalya","1558","17","101","","","29AAACU0564G2ZC","","AAACU0564G",\N,"UDYAM-KR-03-0106234",\N,\N,\N,\N,"2022-07-13 16:02:52","21",\N,\N,"20","20","UBI","Union Bank of India","UBI@UBI.com","9999999999","Bangalore-560001","{\
  ""nameSearchQueries"": [\
    {\
      ""queryDHI"": {\
        ""multi_match"": {\
          ""query"": ""SEARCH_NAME"",\
          ""fields"": [\
            ""name""\
          ],\
          ""type"": ""phrase"",\
          ""analyzer"": ""dhi_term_analyzer"",\
          ""boost"": 10\
        }\
      }\
    }\
  ],\
  ""addressSearchQueries"": [\
    {\
      ""queryDHI"": {\
        ""match"": {\
          ""address"": {\
            ""query"": ""SEARCH_ADDRESS"",\
            ""analyzer"": ""dhi_term_analyzer""\
          }\
        }\
      }\
    }\
  ],\
  ""nameAddressQueries"": [\
    {\
      ""queryDHI"": {\
        ""bool"": {\
          ""must"": [\
            {\
              ""multi_match"": {\
                ""query"": ""SEARCH_NAME"",\
                ""fields"": [\
                  ""name""\
                ],\
                ""type"": ""phrase"",\
                ""analyzer"": ""dhi_term_analyzer"",\
                ""boost"": 10\
              }\
            },\
            {\
              ""multi_match"": {\
                ""query"": ""SEARCH_ADDRESS"",\
                ""type"": ""most_fields"",\
                ""fields"": [\
                  ""address""\
                ],\
                ""analyzer"": ""dhi_term_analyzer"",\
                ""boost"": 2\
              }\
            }\
          ]\
        }\
      }\
    },\
    {\
      ""queryDHI"": {\
        ""bool"": {\
          ""must"": [\
            {\
              ""multi_match"": {\
                ""query"": ""SEARCH_NAME"",\
                ""fields"": [\
                  ""name""\
                ],\
                ""type"": ""phrase"",\
                ""analyzer"": ""dhi_term_analyzer"",\
                ""boost"": 2\
              }\
            },\
            {\
              ""multi_match"": {\
                ""query"": ""SEARCH_ADDRESS"",\
                ""type"": ""most_fields"",\
                ""fields"": [\
                  ""address""\
                ],\
                ""analyzer"": ""dhi_term_analyzer"",\
                ""boost"": 10\
              }\
            }\
          ]\
        }\
      }\
    }\
  ]\
}","2022-06-20 10:38:29","14","2022-06-23 15:40:25","1","18","2"
"71","ABHRHL","20","Harohalli","bm1458@unionbankofindia.com","9483203017","Harohalli","1558","17","101","","","29AAACU0564G2ZC","","AAACU0564G",\N,"UDYAM-KR-03-0106234",\N,\N,\N,\N,"2022-07-13 16:02:52","21",\N,\N,"20","20","UBI","Union Bank of India","UBI@UBI.com","9999999999","Bangalore-560001","{\
  ""nameSearchQueries"": [\
    {\
      ""queryDHI"": {\
        ""multi_match"": {\
          ""query"": ""SEARCH_NAME"",\
          ""fields"": [\
            ""name""\
          ],\
          ""type"": ""phrase"",\
          ""analyzer"": ""dhi_term_analyzer"",\
          ""boost"": 10\
        }\
      }\
    }\
  ],\
  ""addressSearchQueries"": [\
    {\
      ""queryDHI"": {\
        ""match"": {\
          ""address"": {\
            ""query"": ""SEARCH_ADDRESS"",\
            ""analyzer"": ""dhi_term_analyzer""\
          }\
        }\
      }\
    }\
  ],\
  ""nameAddressQueries"": [\
    {\
      ""queryDHI"": {\
        ""bool"": {\
          ""must"": [\
            {\
              ""multi_match"": {\
                ""query"": ""SEARCH_NAME"",\
                ""fields"": [\
                  ""name""\
                ],\
                ""type"": ""phrase"",\
                ""analyzer"": ""dhi_term_analyzer"",\
                ""boost"": 10\
              }\
            },\
            {\
              ""multi_match"": {\
                ""query"": ""SEARCH_ADDRESS"",\
                ""type"": ""most_fields"",\
                ""fields"": [\
                  ""address""\
                ],\
                ""analyzer"": ""dhi_term_analyzer"",\
                ""boost"": 2\
              }\
            }\
          ]\
        }\
      }\
    },\
    {\
      ""queryDHI"": {\
        ""bool"": {\
          ""must"": [\
            {\
              ""multi_match"": {\
                ""query"": ""SEARCH_NAME"",\
                ""fields"": [\
                  ""name""\
                ],\
                ""type"": ""phrase"",\
                ""analyzer"": ""dhi_term_analyzer"",\
                ""boost"": 2\
              }\
            },\
            {\
              ""multi_match"": {\
                ""query"": ""SEARCH_ADDRESS"",\
                ""type"": ""most_fields"",\
                ""fields"": [\
                  ""address""\
                ],\
                ""analyzer"": ""dhi_term_analyzer"",\
                ""boost"": 10\
              }\
            }\
          ]\
        }\
      }\
    }\
  ]\
}","2022-06-20 10:38:29","14","2022-06-23 15:40:25","1","18","2"
"72","ABHBBL","20","Hebbal","bm2150@unionbankofindia.com","7042729760","Hebbal","1558","17","101","","","29AAACU0564G2ZC","","AAACU0564G",\N,"UDYAM-KR-03-0106234",\N,\N,\N,\N,"2022-07-13 16:02:52","21",\N,\N,"20","20","UBI","Union Bank of India","UBI@UBI.com","9999999999","Bangalore-560001","{\
  ""nameSearchQueries"": [\
    {\
      ""queryDHI"": {\
        ""multi_match"": {\
          ""query"": ""SEARCH_NAME"",\
          ""fields"": [\
            ""name""\
          ],\
          ""type"": ""phrase"",\
          ""analyzer"": ""dhi_term_analyzer"",\
          ""boost"": 10\
        }\
      }\
    }\
  ],\
  ""addressSearchQueries"": [\
    {\
      ""queryDHI"": {\
        ""match"": {\
          ""address"": {\
            ""query"": ""SEARCH_ADDRESS"",\
            ""analyzer"": ""dhi_term_analyzer""\
          }\
        }\
      }\
    }\
  ],\
  ""nameAddressQueries"": [\
    {\
      ""queryDHI"": {\
        ""bool"": {\
          ""must"": [\
            {\
              ""multi_match"": {\
                ""query"": ""SEARCH_NAME"",\
                ""fields"": [\
                  ""name""\
                ],\
                ""type"": ""phrase"",\
                ""analyzer"": ""dhi_term_analyzer"",\
                ""boost"": 10\
              }\
            },\
            {\
              ""multi_match"": {\
                ""query"": ""SEARCH_ADDRESS"",\
                ""type"": ""most_fields"",\
                ""fields"": [\
                  ""address""\
                ],\
                ""analyzer"": ""dhi_term_analyzer"",\
                ""boost"": 2\
              }\
            }\
          ]\
        }\
      }\
    },\
    {\
      ""queryDHI"": {\
        ""bool"": {\
          ""must"": [\
            {\
              ""multi_match"": {\
                ""query"": ""SEARCH_NAME"",\
                ""fields"": [\
                  ""name""\
                ],\
                ""type"": ""phrase"",\
                ""analyzer"": ""dhi_term_analyzer"",\
                ""boost"": 2\
              }\
            },\
            {\
              ""multi_match"": {\
                ""query"": ""SEARCH_ADDRESS"",\
                ""type"": ""most_fields"",\
                ""fields"": [\
                  ""address""\
                ],\
                ""analyzer"": ""dhi_term_analyzer"",\
                ""boost"": 10\
              }\
            }\
          ]\
        }\
      }\
    }\
  ]\
}","2022-06-20 10:38:29","14","2022-06-23 15:40:25","1","18","2"
"73","ABHOSA","20","Hosakote","bm2840@unionbankofindia.com","9000859599","Hosakote","1558","17","101","","","29AAACU0564G2ZC","","AAACU0564G",\N,"UDYAM-KR-03-0106234",\N,\N,\N,\N,"2022-07-13 16:02:53","21",\N,\N,"20","20","UBI","Union Bank of India","UBI@UBI.com","9999999999","Bangalore-560001","{\
  ""nameSearchQueries"": [\
    {\
      ""queryDHI"": {\
        ""multi_match"": {\
          ""query"": ""SEARCH_NAME"",\
          ""fields"": [\
            ""name""\
          ],\
          ""type"": ""phrase"",\
          ""analyzer"": ""dhi_term_analyzer"",\
          ""boost"": 10\
        }\
      }\
    }\
  ],\
  ""addressSearchQueries"": [\
    {\
      ""queryDHI"": {\
        ""match"": {\
          ""address"": {\
            ""query"": ""SEARCH_ADDRESS"",\
            ""analyzer"": ""dhi_term_analyzer""\
          }\
        }\
      }\
    }\
  ],\
  ""nameAddressQueries"": [\
    {\
      ""queryDHI"": {\
        ""bool"": {\
          ""must"": [\
            {\
              ""multi_match"": {\
                ""query"": ""SEARCH_NAME"",\
                ""fields"": [\
                  ""name""\
                ],\
                ""type"": ""phrase"",\
                ""analyzer"": ""dhi_term_analyzer"",\
                ""boost"": 10\
              }\
            },\
            {\
              ""multi_match"": {\
                ""query"": ""SEARCH_ADDRESS"",\
                ""type"": ""most_fields"",\
                ""fields"": [\
                  ""address""\
                ],\
                ""analyzer"": ""dhi_term_analyzer"",\
                ""boost"": 2\
              }\
            }\
          ]\
        }\
      }\
    },\
    {\
      ""queryDHI"": {\
        ""bool"": {\
          ""must"": [\
            {\
              ""multi_match"": {\
                ""query"": ""SEARCH_NAME"",\
                ""fields"": [\
                  ""name""\
                ],\
                ""type"": ""phrase"",\
                ""analyzer"": ""dhi_term_analyzer"",\
                ""boost"": 2\
              }\
            },\
            {\
              ""multi_match"": {\
                ""query"": ""SEARCH_ADDRESS"",\
                ""type"": ""most_fields"",\
                ""fields"": [\
                  ""address""\
                ],\
                ""analyzer"": ""dhi_term_analyzer"",\
                ""boost"": 10\
              }\
            }\
          ]\
        }\
      }\
    }\
  ]\
}","2022-06-20 10:38:29","14","2022-06-23 15:40:25","1","18","2"
"74","ABHSR7","20","HSR Layout, 7th Sector","ubin0828602@unionbankofindia.bank","97381 22954","HSR Layout, 7th Sector","1558","17","101","","","29AAACU0564G2ZC","","AAACU0564G",\N,"UDYAM-KR-03-0106234",\N,\N,\N,\N,"2022-07-13 16:02:53","21",\N,\N,"20","20","UBI","Union Bank of India","UBI@UBI.com","9999999999","Bangalore-560001","{\
  ""nameSearchQueries"": [\
    {\
      ""queryDHI"": {\
        ""multi_match"": {\
          ""query"": ""SEARCH_NAME"",\
          ""fields"": [\
            ""name""\
          ],\
          ""type"": ""phrase"",\
          ""analyzer"": ""dhi_term_analyzer"",\
          ""boost"": 10\
        }\
      }\
    }\
  ],\
  ""addressSearchQueries"": [\
    {\
      ""queryDHI"": {\
        ""match"": {\
          ""address"": {\
            ""query"": ""SEARCH_ADDRESS"",\
            ""analyzer"": ""dhi_term_analyzer""\
          }\
        }\
      }\
    }\
  ],\
  ""nameAddressQueries"": [\
    {\
      ""queryDHI"": {\
        ""bool"": {\
          ""must"": [\
            {\
              ""multi_match"": {\
                ""query"": ""SEARCH_NAME"",\
                ""fields"": [\
                  ""name""\
                ],\
                ""type"": ""phrase"",\
                ""analyzer"": ""dhi_term_analyzer"",\
                ""boost"": 10\
              }\
            },\
            {\
              ""multi_match"": {\
                ""query"": ""SEARCH_ADDRESS"",\
                ""type"": ""most_fields"",\
                ""fields"": [\
                  ""address""\
                ],\
                ""analyzer"": ""dhi_term_analyzer"",\
                ""boost"": 2\
              }\
            }\
          ]\
        }\
      }\
    },\
    {\
      ""queryDHI"": {\
        ""bool"": {\
          ""must"": [\
            {\
              ""multi_match"": {\
                ""query"": ""SEARCH_NAME"",\
                ""fields"": [\
                  ""name""\
                ],\
                ""type"": ""phrase"",\
                ""analyzer"": ""dhi_term_analyzer"",\
                ""boost"": 2\
              }\
            },\
            {\
              ""multi_match"": {\
                ""query"": ""SEARCH_ADDRESS"",\
                ""type"": ""most_fields"",\
                ""fields"": [\
                  ""address""\
                ],\
                ""analyzer"": ""dhi_term_analyzer"",\
                ""boost"": 10\
              }\
            }\
          ]\
        }\
      }\
    }\
  ]\
}","2022-06-20 10:38:29","14","2022-06-23 15:40:25","1","18","2"
"75","ABIDNR","20","Indiranagar","bm289@unionbankofindia.com","96116 46879","Indiranagar","1558","17","101","","","29AAACU0564G2ZC","","AAACU0564G",\N,"UDYAM-KR-03-0106234",\N,\N,\N,\N,"2022-07-13 16:02:53","21",\N,\N,"20","20","UBI","Union Bank of India","UBI@UBI.com","9999999999","Bangalore-560001","{\
  ""nameSearchQueries"": [\
    {\
      ""queryDHI"": {\
        ""multi_match"": {\
          ""query"": ""SEARCH_NAME"",\
          ""fields"": [\
            ""name""\
          ],\
          ""type"": ""phrase"",\
          ""analyzer"": ""dhi_term_analyzer"",\
          ""boost"": 10\
        }\
      }\
    }\
  ],\
  ""addressSearchQueries"": [\
    {\
      ""queryDHI"": {\
        ""match"": {\
          ""address"": {\
            ""query"": ""SEARCH_ADDRESS"",\
            ""analyzer"": ""dhi_term_analyzer""\
          }\
        }\
      }\
    }\
  ],\
  ""nameAddressQueries"": [\
    {\
      ""queryDHI"": {\
        ""bool"": {\
          ""must"": [\
            {\
              ""multi_match"": {\
                ""query"": ""SEARCH_NAME"",\
                ""fields"": [\
                  ""name""\
                ],\
                ""type"": ""phrase"",\
                ""analyzer"": ""dhi_term_analyzer"",\
                ""boost"": 10\
              }\
            },\
            {\
              ""multi_match"": {\
                ""query"": ""SEARCH_ADDRESS"",\
                ""type"": ""most_fields"",\
                ""fields"": [\
                  ""address""\
                ],\
                ""analyzer"": ""dhi_term_analyzer"",\
                ""boost"": 2\
              }\
            }\
          ]\
        }\
      }\
    },\
    {\
      ""queryDHI"": {\
        ""bool"": {\
          ""must"": [\
            {\
              ""multi_match"": {\
                ""query"": ""SEARCH_NAME"",\
                ""fields"": [\
                  ""name""\
                ],\
                ""type"": ""phrase"",\
                ""analyzer"": ""dhi_term_analyzer"",\
                ""boost"": 2\
              }\
            },\
            {\
              ""multi_match"": {\
                ""query"": ""SEARCH_ADDRESS"",\
                ""type"": ""most_fields"",\
                ""fields"": [\
                  ""address""\
                ],\
                ""analyzer"": ""dhi_term_analyzer"",\
                ""boost"": 10\
              }\
            }\
          ]\
        }\
      }\
    }\
  ]\
}","2022-06-20 10:38:29","14","2022-06-23 15:40:25","1","18","2"
"76","ABJPNR","20","JP Nagar","ubin0812081@unionbankofindia.bank","79001 91064","JP Nagar","1558","17","101","","","29AAACU0564G2ZC","","AAACU0564G",\N,"UDYAM-KR-03-0106234",\N,\N,\N,\N,"2022-07-13 16:02:53","21",\N,\N,"20","20","UBI","Union Bank of India","UBI@UBI.com","9999999999","Bangalore-560001","{\
  ""nameSearchQueries"": [\
    {\
      ""queryDHI"": {\
        ""multi_match"": {\
          ""query"": ""SEARCH_NAME"",\
          ""fields"": [\
            ""name""\
          ],\
          ""type"": ""phrase"",\
          ""analyzer"": ""dhi_term_analyzer"",\
          ""boost"": 10\
        }\
      }\
    }\
  ],\
  ""addressSearchQueries"": [\
    {\
      ""queryDHI"": {\
        ""match"": {\
          ""address"": {\
            ""query"": ""SEARCH_ADDRESS"",\
            ""analyzer"": ""dhi_term_analyzer""\
          }\
        }\
      }\
    }\
  ],\
  ""nameAddressQueries"": [\
    {\
      ""queryDHI"": {\
        ""bool"": {\
          ""must"": [\
            {\
              ""multi_match"": {\
                ""query"": ""SEARCH_NAME"",\
                ""fields"": [\
                  ""name""\
                ],\
                ""type"": ""phrase"",\
                ""analyzer"": ""dhi_term_analyzer"",\
                ""boost"": 10\
              }\
            },\
            {\
              ""multi_match"": {\
                ""query"": ""SEARCH_ADDRESS"",\
                ""type"": ""most_fields"",\
                ""fields"": [\
                  ""address""\
                ],\
                ""analyzer"": ""dhi_term_analyzer"",\
                ""boost"": 2\
              }\
            }\
          ]\
        }\
      }\
    },\
    {\
      ""queryDHI"": {\
        ""bool"": {\
          ""must"": [\
            {\
              ""multi_match"": {\
                ""query"": ""SEARCH_NAME"",\
                ""fields"": [\
                  ""name""\
                ],\
                ""type"": ""phrase"",\
                ""analyzer"": ""dhi_term_analyzer"",\
                ""boost"": 2\
              }\
            },\
            {\
              ""multi_match"": {\
                ""query"": ""SEARCH_ADDRESS"",\
                ""type"": ""most_fields"",\
                ""fields"": [\
                  ""address""\
                ],\
                ""analyzer"": ""dhi_term_analyzer"",\
                ""boost"": 10\
              }\
            }\
          ]\
        }\
      }\
    }\
  ]\
}","2022-06-20 10:38:29","14","2022-06-23 15:40:25","1","18","2"
"77","ABJBSD","20","Jumbusavari Dinne","bm2929@unionbankofindia.com","98183 14128","Jumbusavari Dinne","1558","17","101","","","29AAACU0564G2ZC","","AAACU0564G",\N,"UDYAM-KR-03-0106234",\N,\N,\N,\N,"2022-07-13 16:02:53","21",\N,\N,"20","20","UBI","Union Bank of India","UBI@UBI.com","9999999999","Bangalore-560001","{\
  ""nameSearchQueries"": [\
    {\
      ""queryDHI"": {\
        ""multi_match"": {\
          ""query"": ""SEARCH_NAME"",\
          ""fields"": [\
            ""name""\
          ],\
          ""type"": ""phrase"",\
          ""analyzer"": ""dhi_term_analyzer"",\
          ""boost"": 10\
        }\
      }\
    }\
  ],\
  ""addressSearchQueries"": [\
    {\
      ""queryDHI"": {\
        ""match"": {\
          ""address"": {\
            ""query"": ""SEARCH_ADDRESS"",\
            ""analyzer"": ""dhi_term_analyzer""\
          }\
        }\
      }\
    }\
  ],\
  ""nameAddressQueries"": [\
    {\
      ""queryDHI"": {\
        ""bool"": {\
          ""must"": [\
            {\
              ""multi_match"": {\
                ""query"": ""SEARCH_NAME"",\
                ""fields"": [\
                  ""name""\
                ],\
                ""type"": ""phrase"",\
                ""analyzer"": ""dhi_term_analyzer"",\
                ""boost"": 10\
              }\
            },\
            {\
              ""multi_match"": {\
                ""query"": ""SEARCH_ADDRESS"",\
                ""type"": ""most_fields"",\
                ""fields"": [\
                  ""address""\
                ],\
                ""analyzer"": ""dhi_term_analyzer"",\
                ""boost"": 2\
              }\
            }\
          ]\
        }\
      }\
    },\
    {\
      ""queryDHI"": {\
        ""bool"": {\
          ""must"": [\
            {\
              ""multi_match"": {\
                ""query"": ""SEARCH_NAME"",\
                ""fields"": [\
                  ""name""\
                ],\
                ""type"": ""phrase"",\
                ""analyzer"": ""dhi_term_analyzer"",\
                ""boost"": 2\
              }\
            },\
            {\
              ""multi_match"": {\
                ""query"": ""SEARCH_ADDRESS"",\
                ""type"": ""most_fields"",\
                ""fields"": [\
                  ""address""\
                ],\
                ""analyzer"": ""dhi_term_analyzer"",\
                ""boost"": 10\
              }\
            }\
          ]\
        }\
      }\
    }\
  ]\
}","2022-06-20 10:38:29","14","2022-06-23 15:40:25","1","18","2"
"78","ABKRPR","20","K R Puram Branch","bm1491@unionbankofindia.com","73583 02017","K R Puram Branch","1558","17","101","","","29AAACU0564G2ZC","","AAACU0564G",\N,"UDYAM-KR-03-0106234",\N,\N,\N,\N,"2022-07-13 16:02:53","21",\N,\N,"20","20","UBI","Union Bank of India","UBI@UBI.com","9999999999","Bangalore-560001","{\
  ""nameSearchQueries"": [\
    {\
      ""queryDHI"": {\
        ""multi_match"": {\
          ""query"": ""SEARCH_NAME"",\
          ""fields"": [\
            ""name""\
          ],\
          ""type"": ""phrase"",\
          ""analyzer"": ""dhi_term_analyzer"",\
          ""boost"": 10\
        }\
      }\
    }\
  ],\
  ""addressSearchQueries"": [\
    {\
      ""queryDHI"": {\
        ""match"": {\
          ""address"": {\
            ""query"": ""SEARCH_ADDRESS"",\
            ""analyzer"": ""dhi_term_analyzer""\
          }\
        }\
      }\
    }\
  ],\
  ""nameAddressQueries"": [\
    {\
      ""queryDHI"": {\
        ""bool"": {\
          ""must"": [\
            {\
              ""multi_match"": {\
                ""query"": ""SEARCH_NAME"",\
                ""fields"": [\
                  ""name""\
                ],\
                ""type"": ""phrase"",\
                ""analyzer"": ""dhi_term_analyzer"",\
                ""boost"": 10\
              }\
            },\
            {\
              ""multi_match"": {\
                ""query"": ""SEARCH_ADDRESS"",\
                ""type"": ""most_fields"",\
                ""fields"": [\
                  ""address""\
                ],\
                ""analyzer"": ""dhi_term_analyzer"",\
                ""boost"": 2\
              }\
            }\
          ]\
        }\
      }\
    },\
    {\
      ""queryDHI"": {\
        ""bool"": {\
          ""must"": [\
            {\
              ""multi_match"": {\
                ""query"": ""SEARCH_NAME"",\
                ""fields"": [\
                  ""name""\
                ],\
                ""type"": ""phrase"",\
                ""analyzer"": ""dhi_term_analyzer"",\
                ""boost"": 2\
              }\
            },\
            {\
              ""multi_match"": {\
                ""query"": ""SEARCH_ADDRESS"",\
                ""type"": ""most_fields"",\
                ""fields"": [\
                  ""address""\
                ],\
                ""analyzer"": ""dhi_term_analyzer"",\
                ""boost"": 10\
              }\
            }\
          ]\
        }\
      }\
    }\
  ]\
}","2022-06-20 10:38:29","14","2022-06-23 15:40:25","1","18","2"
"79","ABKLNR","20","Kalyan Nagar Branch","bm1331@unionbankofindia.com","8197463903","Kalyan Nagar Branch","1558","17","101","","","29AAACU0564G2ZC","","AAACU0564G",\N,"UDYAM-KR-03-0106234",\N,\N,\N,\N,"2022-07-13 16:02:53","21",\N,\N,"20","20","UBI","Union Bank of India","UBI@UBI.com","9999999999","Bangalore-560001","{\
  ""nameSearchQueries"": [\
    {\
      ""queryDHI"": {\
        ""multi_match"": {\
          ""query"": ""SEARCH_NAME"",\
          ""fields"": [\
            ""name""\
          ],\
          ""type"": ""phrase"",\
          ""analyzer"": ""dhi_term_analyzer"",\
          ""boost"": 10\
        }\
      }\
    }\
  ],\
  ""addressSearchQueries"": [\
    {\
      ""queryDHI"": {\
        ""match"": {\
          ""address"": {\
            ""query"": ""SEARCH_ADDRESS"",\
            ""analyzer"": ""dhi_term_analyzer""\
          }\
        }\
      }\
    }\
  ],\
  ""nameAddressQueries"": [\
    {\
      ""queryDHI"": {\
        ""bool"": {\
          ""must"": [\
            {\
              ""multi_match"": {\
                ""query"": ""SEARCH_NAME"",\
                ""fields"": [\
                  ""name""\
                ],\
                ""type"": ""phrase"",\
                ""analyzer"": ""dhi_term_analyzer"",\
                ""boost"": 10\
              }\
            },\
            {\
              ""multi_match"": {\
                ""query"": ""SEARCH_ADDRESS"",\
                ""type"": ""most_fields"",\
                ""fields"": [\
                  ""address""\
                ],\
                ""analyzer"": ""dhi_term_analyzer"",\
                ""boost"": 2\
              }\
            }\
          ]\
        }\
      }\
    },\
    {\
      ""queryDHI"": {\
        ""bool"": {\
          ""must"": [\
            {\
              ""multi_match"": {\
                ""query"": ""SEARCH_NAME"",\
                ""fields"": [\
                  ""name""\
                ],\
                ""type"": ""phrase"",\
                ""analyzer"": ""dhi_term_analyzer"",\
                ""boost"": 2\
              }\
            },\
            {\
              ""multi_match"": {\
                ""query"": ""SEARCH_ADDRESS"",\
                ""type"": ""most_fields"",\
                ""fields"": [\
                  ""address""\
                ],\
                ""analyzer"": ""dhi_term_analyzer"",\
                ""boost"": 10\
              }\
            }\
          ]\
        }\
      }\
    }\
  ]\
}","2022-06-20 10:38:29","14","2022-06-23 15:40:25","1","18","2"
"80","ABKSNH","20","Kasavanahalli","bm2218@unionbankofindia.com","9985268635","Kasavanahalli","1558","17","101","","","29AAACU0564G2ZC","","AAACU0564G",\N,"UDYAM-KR-03-0106234",\N,\N,\N,\N,"2022-07-13 16:02:53","21",\N,\N,"20","20","UBI","Union Bank of India","UBI@UBI.com","9999999999","Bangalore-560001","{\
  ""nameSearchQueries"": [\
    {\
      ""queryDHI"": {\
        ""multi_match"": {\
          ""query"": ""SEARCH_NAME"",\
          ""fields"": [\
            ""name""\
          ],\
          ""type"": ""phrase"",\
          ""analyzer"": ""dhi_term_analyzer"",\
          ""boost"": 10\
        }\
      }\
    }\
  ],\
  ""addressSearchQueries"": [\
    {\
      ""queryDHI"": {\
        ""match"": {\
          ""address"": {\
            ""query"": ""SEARCH_ADDRESS"",\
            ""analyzer"": ""dhi_term_analyzer""\
          }\
        }\
      }\
    }\
  ],\
  ""nameAddressQueries"": [\
    {\
      ""queryDHI"": {\
        ""bool"": {\
          ""must"": [\
            {\
              ""multi_match"": {\
                ""query"": ""SEARCH_NAME"",\
                ""fields"": [\
                  ""name""\
                ],\
                ""type"": ""phrase"",\
                ""analyzer"": ""dhi_term_analyzer"",\
                ""boost"": 10\
              }\
            },\
            {\
              ""multi_match"": {\
                ""query"": ""SEARCH_ADDRESS"",\
                ""type"": ""most_fields"",\
                ""fields"": [\
                  ""address""\
                ],\
                ""analyzer"": ""dhi_term_analyzer"",\
                ""boost"": 2\
              }\
            }\
          ]\
        }\
      }\
    },\
    {\
      ""queryDHI"": {\
        ""bool"": {\
          ""must"": [\
            {\
              ""multi_match"": {\
                ""query"": ""SEARCH_NAME"",\
                ""fields"": [\
                  ""name""\
                ],\
                ""type"": ""phrase"",\
                ""analyzer"": ""dhi_term_analyzer"",\
                ""boost"": 2\
              }\
            },\
            {\
              ""multi_match"": {\
                ""query"": ""SEARCH_ADDRESS"",\
                ""type"": ""most_fields"",\
                ""fields"": [\
                  ""address""\
                ],\
                ""analyzer"": ""dhi_term_analyzer"",\
                ""boost"": 10\
              }\
            }\
          ]\
        }\
      }\
    }\
  ]\
}","2022-06-20 10:38:29","14","2022-06-23 15:40:25","1","18","2"
"81","ABKGRI","20","Kengeri Branch","bm1661@unionbankofindia.com","99017 80787","Kengeri Branch","1558","17","101","","","29AAACU0564G2ZC","","AAACU0564G",\N,"UDYAM-KR-03-0106234",\N,\N,\N,\N,"2022-07-13 16:02:53","21",\N,\N,"20","20","UBI","Union Bank of India","UBI@UBI.com","9999999999","Bangalore-560001","{\
  ""nameSearchQueries"": [\
    {\
      ""queryDHI"": {\
        ""multi_match"": {\
          ""query"": ""SEARCH_NAME"",\
          ""fields"": [\
            ""name""\
          ],\
          ""type"": ""phrase"",\
          ""analyzer"": ""dhi_term_analyzer"",\
          ""boost"": 10\
        }\
      }\
    }\
  ],\
  ""addressSearchQueries"": [\
    {\
      ""queryDHI"": {\
        ""match"": {\
          ""address"": {\
            ""query"": ""SEARCH_ADDRESS"",\
            ""analyzer"": ""dhi_term_analyzer""\
          }\
        }\
      }\
    }\
  ],\
  ""nameAddressQueries"": [\
    {\
      ""queryDHI"": {\
        ""bool"": {\
          ""must"": [\
            {\
              ""multi_match"": {\
                ""query"": ""SEARCH_NAME"",\
                ""fields"": [\
                  ""name""\
                ],\
                ""type"": ""phrase"",\
                ""analyzer"": ""dhi_term_analyzer"",\
                ""boost"": 10\
              }\
            },\
            {\
              ""multi_match"": {\
                ""query"": ""SEARCH_ADDRESS"",\
                ""type"": ""most_fields"",\
                ""fields"": [\
                  ""address""\
                ],\
                ""analyzer"": ""dhi_term_analyzer"",\
                ""boost"": 2\
              }\
            }\
          ]\
        }\
      }\
    },\
    {\
      ""queryDHI"": {\
        ""bool"": {\
          ""must"": [\
            {\
              ""multi_match"": {\
                ""query"": ""SEARCH_NAME"",\
                ""fields"": [\
                  ""name""\
                ],\
                ""type"": ""phrase"",\
                ""analyzer"": ""dhi_term_analyzer"",\
                ""boost"": 2\
              }\
            },\
            {\
              ""multi_match"": {\
                ""query"": ""SEARCH_ADDRESS"",\
                ""type"": ""most_fields"",\
                ""fields"": [\
                  ""address""\
                ],\
                ""analyzer"": ""dhi_term_analyzer"",\
                ""boost"": 10\
              }\
            }\
          ]\
        }\
      }\
    }\
  ]\
}","2022-06-20 10:38:29","14","2022-06-23 15:40:25","1","18","2"
"82","ABKODA","20","Kodathi","bm3042@unionbankofindia.com","95386 85410","Kodathi","1558","17","101","","","29AAACU0564G2ZC","","AAACU0564G",\N,"UDYAM-KR-03-0106234",\N,\N,\N,\N,"2022-07-13 16:02:53","21",\N,\N,"20","20","UBI","Union Bank of India","UBI@UBI.com","9999999999","Bangalore-560001","{\
  ""nameSearchQueries"": [\
    {\
      ""queryDHI"": {\
        ""multi_match"": {\
          ""query"": ""SEARCH_NAME"",\
          ""fields"": [\
            ""name""\
          ],\
          ""type"": ""phrase"",\
          ""analyzer"": ""dhi_term_analyzer"",\
          ""boost"": 10\
        }\
      }\
    }\
  ],\
  ""addressSearchQueries"": [\
    {\
      ""queryDHI"": {\
        ""match"": {\
          ""address"": {\
            ""query"": ""SEARCH_ADDRESS"",\
            ""analyzer"": ""dhi_term_analyzer""\
          }\
        }\
      }\
    }\
  ],\
  ""nameAddressQueries"": [\
    {\
      ""queryDHI"": {\
        ""bool"": {\
          ""must"": [\
            {\
              ""multi_match"": {\
                ""query"": ""SEARCH_NAME"",\
                ""fields"": [\
                  ""name""\
                ],\
                ""type"": ""phrase"",\
                ""analyzer"": ""dhi_term_analyzer"",\
                ""boost"": 10\
              }\
            },\
            {\
              ""multi_match"": {\
                ""query"": ""SEARCH_ADDRESS"",\
                ""type"": ""most_fields"",\
                ""fields"": [\
                  ""address""\
                ],\
                ""analyzer"": ""dhi_term_analyzer"",\
                ""boost"": 2\
              }\
            }\
          ]\
        }\
      }\
    },\
    {\
      ""queryDHI"": {\
        ""bool"": {\
          ""must"": [\
            {\
              ""multi_match"": {\
                ""query"": ""SEARCH_NAME"",\
                ""fields"": [\
                  ""name""\
                ],\
                ""type"": ""phrase"",\
                ""analyzer"": ""dhi_term_analyzer"",\
                ""boost"": 2\
              }\
            },\
            {\
              ""multi_match"": {\
                ""query"": ""SEARCH_ADDRESS"",\
                ""type"": ""most_fields"",\
                ""fields"": [\
                  ""address""\
                ],\
                ""analyzer"": ""dhi_term_analyzer"",\
                ""boost"": 10\
              }\
            }\
          ]\
        }\
      }\
    }\
  ]\
}","2022-06-20 10:38:29","14","2022-06-23 15:40:25","1","18","2"
"83","ABLAPR","20","Lakshmipura","bm1875@unionbankofindia.com","90351 49835","Laksmipura","1558","17","101","","","29AAACU0564G2ZC","","AAACU0564G",\N,"UDYAM-KR-03-0106234",\N,\N,\N,\N,"2022-07-13 16:02:53","21",\N,\N,"20","20","UBI","Union Bank of India","UBI@UBI.com","9999999999","Bangalore-560001","{\
  ""nameSearchQueries"": [\
    {\
      ""queryDHI"": {\
        ""multi_match"": {\
          ""query"": ""SEARCH_NAME"",\
          ""fields"": [\
            ""name""\
          ],\
          ""type"": ""phrase"",\
          ""analyzer"": ""dhi_term_analyzer"",\
          ""boost"": 10\
        }\
      }\
    }\
  ],\
  ""addressSearchQueries"": [\
    {\
      ""queryDHI"": {\
        ""match"": {\
          ""address"": {\
            ""query"": ""SEARCH_ADDRESS"",\
            ""analyzer"": ""dhi_term_analyzer""\
          }\
        }\
      }\
    }\
  ],\
  ""nameAddressQueries"": [\
    {\
      ""queryDHI"": {\
        ""bool"": {\
          ""must"": [\
            {\
              ""multi_match"": {\
                ""query"": ""SEARCH_NAME"",\
                ""fields"": [\
                  ""name""\
                ],\
                ""type"": ""phrase"",\
                ""analyzer"": ""dhi_term_analyzer"",\
                ""boost"": 10\
              }\
            },\
            {\
              ""multi_match"": {\
                ""query"": ""SEARCH_ADDRESS"",\
                ""type"": ""most_fields"",\
                ""fields"": [\
                  ""address""\
                ],\
                ""analyzer"": ""dhi_term_analyzer"",\
                ""boost"": 2\
              }\
            }\
          ]\
        }\
      }\
    },\
    {\
      ""queryDHI"": {\
        ""bool"": {\
          ""must"": [\
            {\
              ""multi_match"": {\
                ""query"": ""SEARCH_NAME"",\
                ""fields"": [\
                  ""name""\
                ],\
                ""type"": ""phrase"",\
                ""analyzer"": ""dhi_term_analyzer"",\
                ""boost"": 2\
              }\
            },\
            {\
              ""multi_match"": {\
                ""query"": ""SEARCH_ADDRESS"",\
                ""type"": ""most_fields"",\
                ""fields"": [\
                  ""address""\
                ],\
                ""analyzer"": ""dhi_term_analyzer"",\
                ""boost"": 10\
              }\
            }\
          ]\
        }\
      }\
    }\
  ]\
}","2022-06-20 10:38:29","14","2022-06-23 15:40:25","1","18","2"
"84","ABLMUT","20","Muthasandra","bm2909@unionbankofindia.com","97045 44701","Muthasandra","1558","17","101","","","29AAACU0564G2ZC","","AAACU0564G",\N,"UDYAM-KR-03-0106234",\N,\N,\N,\N,"2022-07-13 16:02:53","21",\N,\N,"20","20","UBI","Union Bank of India","UBI@UBI.com","9999999999","Bangalore-560001","{\
  ""nameSearchQueries"": [\
    {\
      ""queryDHI"": {\
        ""multi_match"": {\
          ""query"": ""SEARCH_NAME"",\
          ""fields"": [\
            ""name""\
          ],\
          ""type"": ""phrase"",\
          ""analyzer"": ""dhi_term_analyzer"",\
          ""boost"": 10\
        }\
      }\
    }\
  ],\
  ""addressSearchQueries"": [\
    {\
      ""queryDHI"": {\
        ""match"": {\
          ""address"": {\
            ""query"": ""SEARCH_ADDRESS"",\
            ""analyzer"": ""dhi_term_analyzer""\
          }\
        }\
      }\
    }\
  ],\
  ""nameAddressQueries"": [\
    {\
      ""queryDHI"": {\
        ""bool"": {\
          ""must"": [\
            {\
              ""multi_match"": {\
                ""query"": ""SEARCH_NAME"",\
                ""fields"": [\
                  ""name""\
                ],\
                ""type"": ""phrase"",\
                ""analyzer"": ""dhi_term_analyzer"",\
                ""boost"": 10\
              }\
            },\
            {\
              ""multi_match"": {\
                ""query"": ""SEARCH_ADDRESS"",\
                ""type"": ""most_fields"",\
                ""fields"": [\
                  ""address""\
                ],\
                ""analyzer"": ""dhi_term_analyzer"",\
                ""boost"": 2\
              }\
            }\
          ]\
        }\
      }\
    },\
    {\
      ""queryDHI"": {\
        ""bool"": {\
          ""must"": [\
            {\
              ""multi_match"": {\
                ""query"": ""SEARCH_NAME"",\
                ""fields"": [\
                  ""name""\
                ],\
                ""type"": ""phrase"",\
                ""analyzer"": ""dhi_term_analyzer"",\
                ""boost"": 2\
              }\
            },\
            {\
              ""multi_match"": {\
                ""query"": ""SEARCH_ADDRESS"",\
                ""type"": ""most_fields"",\
                ""fields"": [\
                  ""address""\
                ],\
                ""analyzer"": ""dhi_term_analyzer"",\
                ""boost"": 10\
              }\
            }\
          ]\
        }\
      }\
    }\
  ]\
}","2022-06-20 10:38:29","14","2022-06-23 15:40:25","1","18","2"
"85","ABMARA","20","Marathahalli Branch","bm1346@unionbankofindia.com","96637 11633","Marathahalli Branch","1558","17","101","","","29AAACU0564G2ZC","","AAACU0564G",\N,"UDYAM-KR-03-0106234",\N,\N,\N,\N,"2022-07-13 16:02:53","21",\N,\N,"20","20","UBI","Union Bank of India","UBI@UBI.com","9999999999","Bangalore-560001","{\
  ""nameSearchQueries"": [\
    {\
      ""queryDHI"": {\
        ""multi_match"": {\
          ""query"": ""SEARCH_NAME"",\
          ""fields"": [\
            ""name""\
          ],\
          ""type"": ""phrase"",\
          ""analyzer"": ""dhi_term_analyzer"",\
          ""boost"": 10\
        }\
      }\
    }\
  ],\
  ""addressSearchQueries"": [\
    {\
      ""queryDHI"": {\
        ""match"": {\
          ""address"": {\
            ""query"": ""SEARCH_ADDRESS"",\
            ""analyzer"": ""dhi_term_analyzer""\
          }\
        }\
      }\
    }\
  ],\
  ""nameAddressQueries"": [\
    {\
      ""queryDHI"": {\
        ""bool"": {\
          ""must"": [\
            {\
              ""multi_match"": {\
                ""query"": ""SEARCH_NAME"",\
                ""fields"": [\
                  ""name""\
                ],\
                ""type"": ""phrase"",\
                ""analyzer"": ""dhi_term_analyzer"",\
                ""boost"": 10\
              }\
            },\
            {\
              ""multi_match"": {\
                ""query"": ""SEARCH_ADDRESS"",\
                ""type"": ""most_fields"",\
                ""fields"": [\
                  ""address""\
                ],\
                ""analyzer"": ""dhi_term_analyzer"",\
                ""boost"": 2\
              }\
            }\
          ]\
        }\
      }\
    },\
    {\
      ""queryDHI"": {\
        ""bool"": {\
          ""must"": [\
            {\
              ""multi_match"": {\
                ""query"": ""SEARCH_NAME"",\
                ""fields"": [\
                  ""name""\
                ],\
                ""type"": ""phrase"",\
                ""analyzer"": ""dhi_term_analyzer"",\
                ""boost"": 2\
              }\
            },\
            {\
              ""multi_match"": {\
                ""query"": ""SEARCH_ADDRESS"",\
                ""type"": ""most_fields"",\
                ""fields"": [\
                  ""address""\
                ],\
                ""analyzer"": ""dhi_term_analyzer"",\
                ""boost"": 10\
              }\
            }\
          ]\
        }\
      }\
    }\
  ]\
}","2022-06-20 10:38:29","14","2022-06-23 15:40:25","1","18","2"
"86","ABMATI","20","Mathikere","bm1994@unionbankofindia.com","89795 07566","Mathikere","1558","17","101","","","29AAACU0564G2ZC","","AAACU0564G",\N,"UDYAM-KR-03-0106234",\N,\N,\N,\N,"2022-07-13 16:02:53","21",\N,\N,"20","20","UBI","Union Bank of India","UBI@UBI.com","9999999999","Bangalore-560001","{\
  ""nameSearchQueries"": [\
    {\
      ""queryDHI"": {\
        ""multi_match"": {\
          ""query"": ""SEARCH_NAME"",\
          ""fields"": [\
            ""name""\
          ],\
          ""type"": ""phrase"",\
          ""analyzer"": ""dhi_term_analyzer"",\
          ""boost"": 10\
        }\
      }\
    }\
  ],\
  ""addressSearchQueries"": [\
    {\
      ""queryDHI"": {\
        ""match"": {\
          ""address"": {\
            ""query"": ""SEARCH_ADDRESS"",\
            ""analyzer"": ""dhi_term_analyzer""\
          }\
        }\
      }\
    }\
  ],\
  ""nameAddressQueries"": [\
    {\
      ""queryDHI"": {\
        ""bool"": {\
          ""must"": [\
            {\
              ""multi_match"": {\
                ""query"": ""SEARCH_NAME"",\
                ""fields"": [\
                  ""name""\
                ],\
                ""type"": ""phrase"",\
                ""analyzer"": ""dhi_term_analyzer"",\
                ""boost"": 10\
              }\
            },\
            {\
              ""multi_match"": {\
                ""query"": ""SEARCH_ADDRESS"",\
                ""type"": ""most_fields"",\
                ""fields"": [\
                  ""address""\
                ],\
                ""analyzer"": ""dhi_term_analyzer"",\
                ""boost"": 2\
              }\
            }\
          ]\
        }\
      }\
    },\
    {\
      ""queryDHI"": {\
        ""bool"": {\
          ""must"": [\
            {\
              ""multi_match"": {\
                ""query"": ""SEARCH_NAME"",\
                ""fields"": [\
                  ""name""\
                ],\
                ""type"": ""phrase"",\
                ""analyzer"": ""dhi_term_analyzer"",\
                ""boost"": 2\
              }\
            },\
            {\
              ""multi_match"": {\
                ""query"": ""SEARCH_ADDRESS"",\
                ""type"": ""most_fields"",\
                ""fields"": [\
                  ""address""\
                ],\
                ""analyzer"": ""dhi_term_analyzer"",\
                ""boost"": 10\
              }\
            }\
          ]\
        }\
      }\
    }\
  ]\
}","2022-06-20 10:38:29","14","2022-06-23 15:40:25","1","18","2"
"87","ABLNRR","20","N R Road","bm392@unionbankofindia.com","8910604767","N R Road","1558","17","101","","","29AAACU0564G2ZC","","AAACU0564G",\N,"UDYAM-KR-03-0106234",\N,\N,\N,\N,"2022-07-13 16:02:53","21",\N,\N,"20","20","UBI","Union Bank of India","UBI@UBI.com","9999999999","Bangalore-560001","{\
  ""nameSearchQueries"": [\
    {\
      ""queryDHI"": {\
        ""multi_match"": {\
          ""query"": ""SEARCH_NAME"",\
          ""fields"": [\
            ""name""\
          ],\
          ""type"": ""phrase"",\
          ""analyzer"": ""dhi_term_analyzer"",\
          ""boost"": 10\
        }\
      }\
    }\
  ],\
  ""addressSearchQueries"": [\
    {\
      ""queryDHI"": {\
        ""match"": {\
          ""address"": {\
            ""query"": ""SEARCH_ADDRESS"",\
            ""analyzer"": ""dhi_term_analyzer""\
          }\
        }\
      }\
    }\
  ],\
  ""nameAddressQueries"": [\
    {\
      ""queryDHI"": {\
        ""bool"": {\
          ""must"": [\
            {\
              ""multi_match"": {\
                ""query"": ""SEARCH_NAME"",\
                ""fields"": [\
                  ""name""\
                ],\
                ""type"": ""phrase"",\
                ""analyzer"": ""dhi_term_analyzer"",\
                ""boost"": 10\
              }\
            },\
            {\
              ""multi_match"": {\
                ""query"": ""SEARCH_ADDRESS"",\
                ""type"": ""most_fields"",\
                ""fields"": [\
                  ""address""\
                ],\
                ""analyzer"": ""dhi_term_analyzer"",\
                ""boost"": 2\
              }\
            }\
          ]\
        }\
      }\
    },\
    {\
      ""queryDHI"": {\
        ""bool"": {\
          ""must"": [\
            {\
              ""multi_match"": {\
                ""query"": ""SEARCH_NAME"",\
                ""fields"": [\
                  ""name""\
                ],\
                ""type"": ""phrase"",\
                ""analyzer"": ""dhi_term_analyzer"",\
                ""boost"": 2\
              }\
            },\
            {\
              ""multi_match"": {\
                ""query"": ""SEARCH_ADDRESS"",\
                ""type"": ""most_fields"",\
                ""fields"": [\
                  ""address""\
                ],\
                ""analyzer"": ""dhi_term_analyzer"",\
                ""boost"": 10\
              }\
            }\
          ]\
        }\
      }\
    }\
  ]\
}","2022-06-20 10:38:29","14","2022-06-23 15:40:25","1","18","2"
"88","ABNGRB","20","Nagarbhavi Branch","bm1352@unionbankofindia.com","98661 51039","Nagarbhavi Branch","1558","17","101","","","29AAACU0564G2ZC","","AAACU0564G",\N,"UDYAM-KR-03-0106234",\N,\N,\N,\N,"2022-07-13 16:02:53","21",\N,\N,"20","20","UBI","Union Bank of India","UBI@UBI.com","9999999999","Bangalore-560001","{\
  ""nameSearchQueries"": [\
    {\
      ""queryDHI"": {\
        ""multi_match"": {\
          ""query"": ""SEARCH_NAME"",\
          ""fields"": [\
            ""name""\
          ],\
          ""type"": ""phrase"",\
          ""analyzer"": ""dhi_term_analyzer"",\
          ""boost"": 10\
        }\
      }\
    }\
  ],\
  ""addressSearchQueries"": [\
    {\
      ""queryDHI"": {\
        ""match"": {\
          ""address"": {\
            ""query"": ""SEARCH_ADDRESS"",\
            ""analyzer"": ""dhi_term_analyzer""\
          }\
        }\
      }\
    }\
  ],\
  ""nameAddressQueries"": [\
    {\
      ""queryDHI"": {\
        ""bool"": {\
          ""must"": [\
            {\
              ""multi_match"": {\
                ""query"": ""SEARCH_NAME"",\
                ""fields"": [\
                  ""name""\
                ],\
                ""type"": ""phrase"",\
                ""analyzer"": ""dhi_term_analyzer"",\
                ""boost"": 10\
              }\
            },\
            {\
              ""multi_match"": {\
                ""query"": ""SEARCH_ADDRESS"",\
                ""type"": ""most_fields"",\
                ""fields"": [\
                  ""address""\
                ],\
                ""analyzer"": ""dhi_term_analyzer"",\
                ""boost"": 2\
              }\
            }\
          ]\
        }\
      }\
    },\
    {\
      ""queryDHI"": {\
        ""bool"": {\
          ""must"": [\
            {\
              ""multi_match"": {\
                ""query"": ""SEARCH_NAME"",\
                ""fields"": [\
                  ""name""\
                ],\
                ""type"": ""phrase"",\
                ""analyzer"": ""dhi_term_analyzer"",\
                ""boost"": 2\
              }\
            },\
            {\
              ""multi_match"": {\
                ""query"": ""SEARCH_ADDRESS"",\
                ""type"": ""most_fields"",\
                ""fields"": [\
                  ""address""\
                ],\
                ""analyzer"": ""dhi_term_analyzer"",\
                ""boost"": 10\
              }\
            }\
          ]\
        }\
      }\
    }\
  ]\
}","2022-06-20 10:38:29","14","2022-06-23 15:40:25","1","18","2"
"89","ABNLHL","20","Nallurahalli","bm2921@unionbankofindia.com"," 88924 31188","Nallurahalli","1558","17","101","","","29AAACU0564G2ZC","","AAACU0564G",\N,"UDYAM-KR-03-0106234",\N,\N,\N,\N,"2022-07-13 16:02:53","21",\N,\N,"20","20","UBI","Union Bank of India","UBI@UBI.com","9999999999","Bangalore-560001","{\
  ""nameSearchQueries"": [\
    {\
      ""queryDHI"": {\
        ""multi_match"": {\
          ""query"": ""SEARCH_NAME"",\
          ""fields"": [\
            ""name""\
          ],\
          ""type"": ""phrase"",\
          ""analyzer"": ""dhi_term_analyzer"",\
          ""boost"": 10\
        }\
      }\
    }\
  ],\
  ""addressSearchQueries"": [\
    {\
      ""queryDHI"": {\
        ""match"": {\
          ""address"": {\
            ""query"": ""SEARCH_ADDRESS"",\
            ""analyzer"": ""dhi_term_analyzer""\
          }\
        }\
      }\
    }\
  ],\
  ""nameAddressQueries"": [\
    {\
      ""queryDHI"": {\
        ""bool"": {\
          ""must"": [\
            {\
              ""multi_match"": {\
                ""query"": ""SEARCH_NAME"",\
                ""fields"": [\
                  ""name""\
                ],\
                ""type"": ""phrase"",\
                ""analyzer"": ""dhi_term_analyzer"",\
                ""boost"": 10\
              }\
            },\
            {\
              ""multi_match"": {\
                ""query"": ""SEARCH_ADDRESS"",\
                ""type"": ""most_fields"",\
                ""fields"": [\
                  ""address""\
                ],\
                ""analyzer"": ""dhi_term_analyzer"",\
                ""boost"": 2\
              }\
            }\
          ]\
        }\
      }\
    },\
    {\
      ""queryDHI"": {\
        ""bool"": {\
          ""must"": [\
            {\
              ""multi_match"": {\
                ""query"": ""SEARCH_NAME"",\
                ""fields"": [\
                  ""name""\
                ],\
                ""type"": ""phrase"",\
                ""analyzer"": ""dhi_term_analyzer"",\
                ""boost"": 2\
              }\
            },\
            {\
              ""multi_match"": {\
                ""query"": ""SEARCH_ADDRESS"",\
                ""type"": ""most_fields"",\
                ""fields"": [\
                  ""address""\
                ],\
                ""analyzer"": ""dhi_term_analyzer"",\
                ""boost"": 10\
              }\
            }\
          ]\
        }\
      }\
    }\
  ]\
}","2022-06-20 10:38:29","14","2022-06-23 15:40:25","1","18","2"
"90","ABPPLT","20","Poorna Pragna Layout","bm1993@unionbankofindia.com","6305685703 / 9440855","Poorna Pragna Layout","1558","17","101","","","29AAACU0564G2ZC","","AAACU0564G",\N,"UDYAM-KR-03-0106234",\N,\N,\N,\N,"2022-07-13 16:02:53","21",\N,\N,"20","20","UBI","Union Bank of India","UBI@UBI.com","9999999999","Bangalore-560001","{\
  ""nameSearchQueries"": [\
    {\
      ""queryDHI"": {\
        ""multi_match"": {\
          ""query"": ""SEARCH_NAME"",\
          ""fields"": [\
            ""name""\
          ],\
          ""type"": ""phrase"",\
          ""analyzer"": ""dhi_term_analyzer"",\
          ""boost"": 10\
        }\
      }\
    }\
  ],\
  ""addressSearchQueries"": [\
    {\
      ""queryDHI"": {\
        ""match"": {\
          ""address"": {\
            ""query"": ""SEARCH_ADDRESS"",\
            ""analyzer"": ""dhi_term_analyzer""\
          }\
        }\
      }\
    }\
  ],\
  ""nameAddressQueries"": [\
    {\
      ""queryDHI"": {\
        ""bool"": {\
          ""must"": [\
            {\
              ""multi_match"": {\
                ""query"": ""SEARCH_NAME"",\
                ""fields"": [\
                  ""name""\
                ],\
                ""type"": ""phrase"",\
                ""analyzer"": ""dhi_term_analyzer"",\
                ""boost"": 10\
              }\
            },\
            {\
              ""multi_match"": {\
                ""query"": ""SEARCH_ADDRESS"",\
                ""type"": ""most_fields"",\
                ""fields"": [\
                  ""address""\
                ],\
                ""analyzer"": ""dhi_term_analyzer"",\
                ""boost"": 2\
              }\
            }\
          ]\
        }\
      }\
    },\
    {\
      ""queryDHI"": {\
        ""bool"": {\
          ""must"": [\
            {\
              ""multi_match"": {\
                ""query"": ""SEARCH_NAME"",\
                ""fields"": [\
                  ""name""\
                ],\
                ""type"": ""phrase"",\
                ""analyzer"": ""dhi_term_analyzer"",\
                ""boost"": 2\
              }\
            },\
            {\
              ""multi_match"": {\
                ""query"": ""SEARCH_ADDRESS"",\
                ""type"": ""most_fields"",\
                ""fields"": [\
                  ""address""\
                ],\
                ""analyzer"": ""dhi_term_analyzer"",\
                ""boost"": 10\
              }\
            }\
          ]\
        }\
      }\
    }\
  ]\
}","2022-06-20 10:38:29","14","2022-06-23 15:40:25","1","18","2"
"91","ABPTHL","20","Puttenahalli","bm1659@unionbankofindia.com","9743458045","Puttenahalli","1558","17","101","","","29AAACU0564G2ZC","","AAACU0564G",\N,"UDYAM-KR-03-0106234",\N,\N,\N,\N,"2022-07-13 16:02:53","21",\N,\N,"20","20","UBI","Union Bank of India","UBI@UBI.com","9999999999","Bangalore-560001","{\
  ""nameSearchQueries"": [\
    {\
      ""queryDHI"": {\
        ""multi_match"": {\
          ""query"": ""SEARCH_NAME"",\
          ""fields"": [\
            ""name""\
          ],\
          ""type"": ""phrase"",\
          ""analyzer"": ""dhi_term_analyzer"",\
          ""boost"": 10\
        }\
      }\
    }\
  ],\
  ""addressSearchQueries"": [\
    {\
      ""queryDHI"": {\
        ""match"": {\
          ""address"": {\
            ""query"": ""SEARCH_ADDRESS"",\
            ""analyzer"": ""dhi_term_analyzer""\
          }\
        }\
      }\
    }\
  ],\
  ""nameAddressQueries"": [\
    {\
      ""queryDHI"": {\
        ""bool"": {\
          ""must"": [\
            {\
              ""multi_match"": {\
                ""query"": ""SEARCH_NAME"",\
                ""fields"": [\
                  ""name""\
                ],\
                ""type"": ""phrase"",\
                ""analyzer"": ""dhi_term_analyzer"",\
                ""boost"": 10\
              }\
            },\
            {\
              ""multi_match"": {\
                ""query"": ""SEARCH_ADDRESS"",\
                ""type"": ""most_fields"",\
                ""fields"": [\
                  ""address""\
                ],\
                ""analyzer"": ""dhi_term_analyzer"",\
                ""boost"": 2\
              }\
            }\
          ]\
        }\
      }\
    },\
    {\
      ""queryDHI"": {\
        ""bool"": {\
          ""must"": [\
            {\
              ""multi_match"": {\
                ""query"": ""SEARCH_NAME"",\
                ""fields"": [\
                  ""name""\
                ],\
                ""type"": ""phrase"",\
                ""analyzer"": ""dhi_term_analyzer"",\
                ""boost"": 2\
              }\
            },\
            {\
              ""multi_match"": {\
                ""query"": ""SEARCH_ADDRESS"",\
                ""type"": ""most_fields"",\
                ""fields"": [\
                  ""address""\
                ],\
                ""analyzer"": ""dhi_term_analyzer"",\
                ""boost"": 10\
              }\
            }\
          ]\
        }\
      }\
    }\
  ]\
}","2022-06-20 10:38:29","14","2022-06-23 15:40:25","1","18","2"
"92","ABRGHL","20","Raghuvanahalli","bm1490@unionbankofindia.com","7095700677","Raghuvanahalli","1558","17","101","","","29AAACU0564G2ZC","","AAACU0564G",\N,"UDYAM-KR-03-0106234",\N,\N,\N,\N,"2022-07-13 16:02:53","21",\N,\N,"20","20","UBI","Union Bank of India","UBI@UBI.com","9999999999","Bangalore-560001","{\
  ""nameSearchQueries"": [\
    {\
      ""queryDHI"": {\
        ""multi_match"": {\
          ""query"": ""SEARCH_NAME"",\
          ""fields"": [\
            ""name""\
          ],\
          ""type"": ""phrase"",\
          ""analyzer"": ""dhi_term_analyzer"",\
          ""boost"": 10\
        }\
      }\
    }\
  ],\
  ""addressSearchQueries"": [\
    {\
      ""queryDHI"": {\
        ""match"": {\
          ""address"": {\
            ""query"": ""SEARCH_ADDRESS"",\
            ""analyzer"": ""dhi_term_analyzer""\
          }\
        }\
      }\
    }\
  ],\
  ""nameAddressQueries"": [\
    {\
      ""queryDHI"": {\
        ""bool"": {\
          ""must"": [\
            {\
              ""multi_match"": {\
                ""query"": ""SEARCH_NAME"",\
                ""fields"": [\
                  ""name""\
                ],\
                ""type"": ""phrase"",\
                ""analyzer"": ""dhi_term_analyzer"",\
                ""boost"": 10\
              }\
            },\
            {\
              ""multi_match"": {\
                ""query"": ""SEARCH_ADDRESS"",\
                ""type"": ""most_fields"",\
                ""fields"": [\
                  ""address""\
                ],\
                ""analyzer"": ""dhi_term_analyzer"",\
                ""boost"": 2\
              }\
            }\
          ]\
        }\
      }\
    },\
    {\
      ""queryDHI"": {\
        ""bool"": {\
          ""must"": [\
            {\
              ""multi_match"": {\
                ""query"": ""SEARCH_NAME"",\
                ""fields"": [\
                  ""name""\
                ],\
                ""type"": ""phrase"",\
                ""analyzer"": ""dhi_term_analyzer"",\
                ""boost"": 2\
              }\
            },\
            {\
              ""multi_match"": {\
                ""query"": ""SEARCH_ADDRESS"",\
                ""type"": ""most_fields"",\
                ""fields"": [\
                  ""address""\
                ],\
                ""analyzer"": ""dhi_term_analyzer"",\
                ""boost"": 10\
              }\
            }\
          ]\
        }\
      }\
    }\
  ]\
}","2022-06-20 10:38:29","14","2022-06-23 15:40:25","1","18","2"
"93","ABRJNR","20","Rajajinagar","bm0494@unionbankofindia.com","99628 22580","Rajajinagar","1558","17","101","","","29AAACU0564G2ZC","","AAACU0564G",\N,"UDYAM-KR-03-0106234",\N,\N,\N,\N,"2022-07-13 16:02:53","21",\N,\N,"20","20","UBI","Union Bank of India","UBI@UBI.com","9999999999","Bangalore-560001","{\
  ""nameSearchQueries"": [\
    {\
      ""queryDHI"": {\
        ""multi_match"": {\
          ""query"": ""SEARCH_NAME"",\
          ""fields"": [\
            ""name""\
          ],\
          ""type"": ""phrase"",\
          ""analyzer"": ""dhi_term_analyzer"",\
          ""boost"": 10\
        }\
      }\
    }\
  ],\
  ""addressSearchQueries"": [\
    {\
      ""queryDHI"": {\
        ""match"": {\
          ""address"": {\
            ""query"": ""SEARCH_ADDRESS"",\
            ""analyzer"": ""dhi_term_analyzer""\
          }\
        }\
      }\
    }\
  ],\
  ""nameAddressQueries"": [\
    {\
      ""queryDHI"": {\
        ""bool"": {\
          ""must"": [\
            {\
              ""multi_match"": {\
                ""query"": ""SEARCH_NAME"",\
                ""fields"": [\
                  ""name""\
                ],\
                ""type"": ""phrase"",\
                ""analyzer"": ""dhi_term_analyzer"",\
                ""boost"": 10\
              }\
            },\
            {\
              ""multi_match"": {\
                ""query"": ""SEARCH_ADDRESS"",\
                ""type"": ""most_fields"",\
                ""fields"": [\
                  ""address""\
                ],\
                ""analyzer"": ""dhi_term_analyzer"",\
                ""boost"": 2\
              }\
            }\
          ]\
        }\
      }\
    },\
    {\
      ""queryDHI"": {\
        ""bool"": {\
          ""must"": [\
            {\
              ""multi_match"": {\
                ""query"": ""SEARCH_NAME"",\
                ""fields"": [\
                  ""name""\
                ],\
                ""type"": ""phrase"",\
                ""analyzer"": ""dhi_term_analyzer"",\
                ""boost"": 2\
              }\
            },\
            {\
              ""multi_match"": {\
                ""query"": ""SEARCH_ADDRESS"",\
                ""type"": ""most_fields"",\
                ""fields"": [\
                  ""address""\
                ],\
                ""analyzer"": ""dhi_term_analyzer"",\
                ""boost"": 10\
              }\
            }\
          ]\
        }\
      }\
    }\
  ]\
}","2022-06-20 10:38:29","14","2022-06-23 15:40:25","1","18","2"
"94","ABRMHL","20","Ramagondanahalli","bm2074@unionbankofindia.com","99484 48844","Ramagondanahalli","1558","17","101","","","29AAACU0564G2ZC","","AAACU0564G",\N,"UDYAM-KR-03-0106234",\N,\N,\N,\N,"2022-07-13 16:02:53","21",\N,\N,"20","20","UBI","Union Bank of India","UBI@UBI.com","9999999999","Bangalore-560001","{\
  ""nameSearchQueries"": [\
    {\
      ""queryDHI"": {\
        ""multi_match"": {\
          ""query"": ""SEARCH_NAME"",\
          ""fields"": [\
            ""name""\
          ],\
          ""type"": ""phrase"",\
          ""analyzer"": ""dhi_term_analyzer"",\
          ""boost"": 10\
        }\
      }\
    }\
  ],\
  ""addressSearchQueries"": [\
    {\
      ""queryDHI"": {\
        ""match"": {\
          ""address"": {\
            ""query"": ""SEARCH_ADDRESS"",\
            ""analyzer"": ""dhi_term_analyzer""\
          }\
        }\
      }\
    }\
  ],\
  ""nameAddressQueries"": [\
    {\
      ""queryDHI"": {\
        ""bool"": {\
          ""must"": [\
            {\
              ""multi_match"": {\
                ""query"": ""SEARCH_NAME"",\
                ""fields"": [\
                  ""name""\
                ],\
                ""type"": ""phrase"",\
                ""analyzer"": ""dhi_term_analyzer"",\
                ""boost"": 10\
              }\
            },\
            {\
              ""multi_match"": {\
                ""query"": ""SEARCH_ADDRESS"",\
                ""type"": ""most_fields"",\
                ""fields"": [\
                  ""address""\
                ],\
                ""analyzer"": ""dhi_term_analyzer"",\
                ""boost"": 2\
              }\
            }\
          ]\
        }\
      }\
    },\
    {\
      ""queryDHI"": {\
        ""bool"": {\
          ""must"": [\
            {\
              ""multi_match"": {\
                ""query"": ""SEARCH_NAME"",\
                ""fields"": [\
                  ""name""\
                ],\
                ""type"": ""phrase"",\
                ""analyzer"": ""dhi_term_analyzer"",\
                ""boost"": 2\
              }\
            },\
            {\
              ""multi_match"": {\
                ""query"": ""SEARCH_ADDRESS"",\
                ""type"": ""most_fields"",\
                ""fields"": [\
                  ""address""\
                ],\
                ""analyzer"": ""dhi_term_analyzer"",\
                ""boost"": 10\
              }\
            }\
          ]\
        }\
      }\
    }\
  ]\
}","2022-06-20 10:38:29","14","2022-06-23 15:40:25","1","18","2"
"95","ABRMNR","20","Ramamurthy Nagar","bm1627@unionbankofindia.com","98856 30906","Ramamurthy Nagar","1558","17","101","","","29AAACU0564G2ZC","","AAACU0564G",\N,"UDYAM-KR-03-0106234",\N,\N,\N,\N,"2022-07-13 16:02:53","21",\N,\N,"20","20","UBI","Union Bank of India","UBI@UBI.com","9999999999","Bangalore-560001","{\
  ""nameSearchQueries"": [\
    {\
      ""queryDHI"": {\
        ""multi_match"": {\
          ""query"": ""SEARCH_NAME"",\
          ""fields"": [\
            ""name""\
          ],\
          ""type"": ""phrase"",\
          ""analyzer"": ""dhi_term_analyzer"",\
          ""boost"": 10\
        }\
      }\
    }\
  ],\
  ""addressSearchQueries"": [\
    {\
      ""queryDHI"": {\
        ""match"": {\
          ""address"": {\
            ""query"": ""SEARCH_ADDRESS"",\
            ""analyzer"": ""dhi_term_analyzer""\
          }\
        }\
      }\
    }\
  ],\
  ""nameAddressQueries"": [\
    {\
      ""queryDHI"": {\
        ""bool"": {\
          ""must"": [\
            {\
              ""multi_match"": {\
                ""query"": ""SEARCH_NAME"",\
                ""fields"": [\
                  ""name""\
                ],\
                ""type"": ""phrase"",\
                ""analyzer"": ""dhi_term_analyzer"",\
                ""boost"": 10\
              }\
            },\
            {\
              ""multi_match"": {\
                ""query"": ""SEARCH_ADDRESS"",\
                ""type"": ""most_fields"",\
                ""fields"": [\
                  ""address""\
                ],\
                ""analyzer"": ""dhi_term_analyzer"",\
                ""boost"": 2\
              }\
            }\
          ]\
        }\
      }\
    },\
    {\
      ""queryDHI"": {\
        ""bool"": {\
          ""must"": [\
            {\
              ""multi_match"": {\
                ""query"": ""SEARCH_NAME"",\
                ""fields"": [\
                  ""name""\
                ],\
                ""type"": ""phrase"",\
                ""analyzer"": ""dhi_term_analyzer"",\
                ""boost"": 2\
              }\
            },\
            {\
              ""multi_match"": {\
                ""query"": ""SEARCH_ADDRESS"",\
                ""type"": ""most_fields"",\
                ""fields"": [\
                  ""address""\
                ],\
                ""analyzer"": ""dhi_term_analyzer"",\
                ""boost"": 10\
              }\
            }\
          ]\
        }\
      }\
    }\
  ]\
}","2022-06-20 10:38:29","14","2022-06-23 15:40:25","1","18","2"
"96","ABRRNR","20","RR Nagara Branch","bm1352@unionbankofindia.com"," 86780 91131","RR Nagara Branch","1558","17","101","","","29AAACU0564G2ZC","","AAACU0564G",\N,"UDYAM-KR-03-0106234",\N,\N,\N,\N,"2022-07-13 16:02:53","21",\N,\N,"20","20","UBI","Union Bank of India","UBI@UBI.com","9999999999","Bangalore-560001","{\
  ""nameSearchQueries"": [\
    {\
      ""queryDHI"": {\
        ""multi_match"": {\
          ""query"": ""SEARCH_NAME"",\
          ""fields"": [\
            ""name""\
          ],\
          ""type"": ""phrase"",\
          ""analyzer"": ""dhi_term_analyzer"",\
          ""boost"": 10\
        }\
      }\
    }\
  ],\
  ""addressSearchQueries"": [\
    {\
      ""queryDHI"": {\
        ""match"": {\
          ""address"": {\
            ""query"": ""SEARCH_ADDRESS"",\
            ""analyzer"": ""dhi_term_analyzer""\
          }\
        }\
      }\
    }\
  ],\
  ""nameAddressQueries"": [\
    {\
      ""queryDHI"": {\
        ""bool"": {\
          ""must"": [\
            {\
              ""multi_match"": {\
                ""query"": ""SEARCH_NAME"",\
                ""fields"": [\
                  ""name""\
                ],\
                ""type"": ""phrase"",\
                ""analyzer"": ""dhi_term_analyzer"",\
                ""boost"": 10\
              }\
            },\
            {\
              ""multi_match"": {\
                ""query"": ""SEARCH_ADDRESS"",\
                ""type"": ""most_fields"",\
                ""fields"": [\
                  ""address""\
                ],\
                ""analyzer"": ""dhi_term_analyzer"",\
                ""boost"": 2\
              }\
            }\
          ]\
        }\
      }\
    },\
    {\
      ""queryDHI"": {\
        ""bool"": {\
          ""must"": [\
            {\
              ""multi_match"": {\
                ""query"": ""SEARCH_NAME"",\
                ""fields"": [\
                  ""name""\
                ],\
                ""type"": ""phrase"",\
                ""analyzer"": ""dhi_term_analyzer"",\
                ""boost"": 2\
              }\
            },\
            {\
              ""multi_match"": {\
                ""query"": ""SEARCH_ADDRESS"",\
                ""type"": ""most_fields"",\
                ""fields"": [\
                  ""address""\
                ],\
                ""analyzer"": ""dhi_term_analyzer"",\
                ""boost"": 10\
              }\
            }\
          ]\
        }\
      }\
    }\
  ]\
}","2022-06-20 10:38:29","14","2022-06-23 15:40:25","1","18","2"
"97","ABRTNR","20","RT Nagar","bm1433@unionbankofindia.com","9090956848","RT Nagar","1558","17","101","","","29AAACU0564G2ZC","","AAACU0564G",\N,"UDYAM-KR-03-0106234",\N,\N,\N,\N,"2022-07-13 16:02:53","21",\N,\N,"20","20","UBI","Union Bank of India","UBI@UBI.com","9999999999","Bangalore-560001","{\
  ""nameSearchQueries"": [\
    {\
      ""queryDHI"": {\
        ""multi_match"": {\
          ""query"": ""SEARCH_NAME"",\
          ""fields"": [\
            ""name""\
          ],\
          ""type"": ""phrase"",\
          ""analyzer"": ""dhi_term_analyzer"",\
          ""boost"": 10\
        }\
      }\
    }\
  ],\
  ""addressSearchQueries"": [\
    {\
      ""queryDHI"": {\
        ""match"": {\
          ""address"": {\
            ""query"": ""SEARCH_ADDRESS"",\
            ""analyzer"": ""dhi_term_analyzer""\
          }\
        }\
      }\
    }\
  ],\
  ""nameAddressQueries"": [\
    {\
      ""queryDHI"": {\
        ""bool"": {\
          ""must"": [\
            {\
              ""multi_match"": {\
                ""query"": ""SEARCH_NAME"",\
                ""fields"": [\
                  ""name""\
                ],\
                ""type"": ""phrase"",\
                ""analyzer"": ""dhi_term_analyzer"",\
                ""boost"": 10\
              }\
            },\
            {\
              ""multi_match"": {\
                ""query"": ""SEARCH_ADDRESS"",\
                ""type"": ""most_fields"",\
                ""fields"": [\
                  ""address""\
                ],\
                ""analyzer"": ""dhi_term_analyzer"",\
                ""boost"": 2\
              }\
            }\
          ]\
        }\
      }\
    },\
    {\
      ""queryDHI"": {\
        ""bool"": {\
          ""must"": [\
            {\
              ""multi_match"": {\
                ""query"": ""SEARCH_NAME"",\
                ""fields"": [\
                  ""name""\
                ],\
                ""type"": ""phrase"",\
                ""analyzer"": ""dhi_term_analyzer"",\
                ""boost"": 2\
              }\
            },\
            {\
              ""multi_match"": {\
                ""query"": ""SEARCH_ADDRESS"",\
                ""type"": ""most_fields"",\
                ""fields"": [\
                  ""address""\
                ],\
                ""analyzer"": ""dhi_term_analyzer"",\
                ""boost"": 10\
              }\
            }\
          ]\
        }\
      }\
    }\
  ]\
}","2022-06-20 10:38:29","14","2022-06-23 15:40:25","1","18","2"
"98","ABSKNR","20","Sahakaranagar Branch","bm1678@unionbankofindia.com"," 94903 89604","Sahakaranagar Branch","1558","17","101","","","29AAACU0564G2ZC","","AAACU0564G",\N,"UDYAM-KR-03-0106234",\N,\N,\N,\N,"2022-07-13 16:02:53","21",\N,\N,"20","20","UBI","Union Bank of India","UBI@UBI.com","9999999999","Bangalore-560001","{\
  ""nameSearchQueries"": [\
    {\
      ""queryDHI"": {\
        ""multi_match"": {\
          ""query"": ""SEARCH_NAME"",\
          ""fields"": [\
            ""name""\
          ],\
          ""type"": ""phrase"",\
          ""analyzer"": ""dhi_term_analyzer"",\
          ""boost"": 10\
        }\
      }\
    }\
  ],\
  ""addressSearchQueries"": [\
    {\
      ""queryDHI"": {\
        ""match"": {\
          ""address"": {\
            ""query"": ""SEARCH_ADDRESS"",\
            ""analyzer"": ""dhi_term_analyzer""\
          }\
        }\
      }\
    }\
  ],\
  ""nameAddressQueries"": [\
    {\
      ""queryDHI"": {\
        ""bool"": {\
          ""must"": [\
            {\
              ""multi_match"": {\
                ""query"": ""SEARCH_NAME"",\
                ""fields"": [\
                  ""name""\
                ],\
                ""type"": ""phrase"",\
                ""analyzer"": ""dhi_term_analyzer"",\
                ""boost"": 10\
              }\
            },\
            {\
              ""multi_match"": {\
                ""query"": ""SEARCH_ADDRESS"",\
                ""type"": ""most_fields"",\
                ""fields"": [\
                  ""address""\
                ],\
                ""analyzer"": ""dhi_term_analyzer"",\
                ""boost"": 2\
              }\
            }\
          ]\
        }\
      }\
    },\
    {\
      ""queryDHI"": {\
        ""bool"": {\
          ""must"": [\
            {\
              ""multi_match"": {\
                ""query"": ""SEARCH_NAME"",\
                ""fields"": [\
                  ""name""\
                ],\
                ""type"": ""phrase"",\
                ""analyzer"": ""dhi_term_analyzer"",\
                ""boost"": 2\
              }\
            },\
            {\
              ""multi_match"": {\
                ""query"": ""SEARCH_ADDRESS"",\
                ""type"": ""most_fields"",\
                ""fields"": [\
                  ""address""\
                ],\
                ""analyzer"": ""dhi_term_analyzer"",\
                ""boost"": 10\
              }\
            }\
          ]\
        }\
      }\
    }\
  ]\
}","2022-06-20 10:38:29","14","2022-06-23 15:40:25","1","18","2"
"99","ABSECL","20","South End Circle","bm1599@unionbankofindia.com","97111 24785","South End Circle","1558","17","101","","","29AAACU0564G2ZC","","AAACU0564G",\N,"UDYAM-KR-03-0106234",\N,\N,\N,\N,"2022-07-13 16:02:53","21",\N,\N,"20","20","UBI","Union Bank of India","UBI@UBI.com","9999999999","Bangalore-560001","{\
  ""nameSearchQueries"": [\
    {\
      ""queryDHI"": {\
        ""multi_match"": {\
          ""query"": ""SEARCH_NAME"",\
          ""fields"": [\
            ""name""\
          ],\
          ""type"": ""phrase"",\
          ""analyzer"": ""dhi_term_analyzer"",\
          ""boost"": 10\
        }\
      }\
    }\
  ],\
  ""addressSearchQueries"": [\
    {\
      ""queryDHI"": {\
        ""match"": {\
          ""address"": {\
            ""query"": ""SEARCH_ADDRESS"",\
            ""analyzer"": ""dhi_term_analyzer""\
          }\
        }\
      }\
    }\
  ],\
  ""nameAddressQueries"": [\
    {\
      ""queryDHI"": {\
        ""bool"": {\
          ""must"": [\
            {\
              ""multi_match"": {\
                ""query"": ""SEARCH_NAME"",\
                ""fields"": [\
                  ""name""\
                ],\
                ""type"": ""phrase"",\
                ""analyzer"": ""dhi_term_analyzer"",\
                ""boost"": 10\
              }\
            },\
            {\
              ""multi_match"": {\
                ""query"": ""SEARCH_ADDRESS"",\
                ""type"": ""most_fields"",\
                ""fields"": [\
                  ""address""\
                ],\
                ""analyzer"": ""dhi_term_analyzer"",\
                ""boost"": 2\
              }\
            }\
          ]\
        }\
      }\
    },\
    {\
      ""queryDHI"": {\
        ""bool"": {\
          ""must"": [\
            {\
              ""multi_match"": {\
                ""query"": ""SEARCH_NAME"",\
                ""fields"": [\
                  ""name""\
                ],\
                ""type"": ""phrase"",\
                ""analyzer"": ""dhi_term_analyzer"",\
                ""boost"": 2\
              }\
            },\
            {\
              ""multi_match"": {\
                ""query"": ""SEARCH_ADDRESS"",\
                ""type"": ""most_fields"",\
                ""fields"": [\
                  ""address""\
                ],\
                ""analyzer"": ""dhi_term_analyzer"",\
                ""boost"": 10\
              }\
            }\
          ]\
        }\
      }\
    }\
  ]\
}","2022-06-20 10:38:29","14","2022-06-23 15:40:25","1","18","2"
"100","ABTDPT","20","Tadipatri","cb3112@unionbankofindia.com","99662 75767","Tadipatri","1558","17","101","","","29AAACU0564G2ZC","","AAACU0564G",\N,"UDYAM-KR-03-0106234",\N,\N,\N,\N,"2022-07-13 16:02:53","21",\N,\N,"20","20","UBI","Union Bank of India","UBI@UBI.com","9999999999","Bangalore-560001","{\
  ""nameSearchQueries"": [\
    {\
      ""queryDHI"": {\
        ""multi_match"": {\
          ""query"": ""SEARCH_NAME"",\
          ""fields"": [\
            ""name""\
          ],\
          ""type"": ""phrase"",\
          ""analyzer"": ""dhi_term_analyzer"",\
          ""boost"": 10\
        }\
      }\
    }\
  ],\
  ""addressSearchQueries"": [\
    {\
      ""queryDHI"": {\
        ""match"": {\
          ""address"": {\
            ""query"": ""SEARCH_ADDRESS"",\
            ""analyzer"": ""dhi_term_analyzer""\
          }\
        }\
      }\
    }\
  ],\
  ""nameAddressQueries"": [\
    {\
      ""queryDHI"": {\
        ""bool"": {\
          ""must"": [\
            {\
              ""multi_match"": {\
                ""query"": ""SEARCH_NAME"",\
                ""fields"": [\
                  ""name""\
                ],\
                ""type"": ""phrase"",\
                ""analyzer"": ""dhi_term_analyzer"",\
                ""boost"": 10\
              }\
            },\
            {\
              ""multi_match"": {\
                ""query"": ""SEARCH_ADDRESS"",\
                ""type"": ""most_fields"",\
                ""fields"": [\
                  ""address""\
                ],\
                ""analyzer"": ""dhi_term_analyzer"",\
                ""boost"": 2\
              }\
            }\
          ]\
        }\
      }\
    },\
    {\
      ""queryDHI"": {\
        ""bool"": {\
          ""must"": [\
            {\
              ""multi_match"": {\
                ""query"": ""SEARCH_NAME"",\
                ""fields"": [\
                  ""name""\
                ],\
                ""type"": ""phrase"",\
                ""analyzer"": ""dhi_term_analyzer"",\
                ""boost"": 2\
              }\
            },\
            {\
              ""multi_match"": {\
                ""query"": ""SEARCH_ADDRESS"",\
                ""type"": ""most_fields"",\
                ""fields"": [\
                  ""address""\
                ],\
                ""analyzer"": ""dhi_term_analyzer"",\
                ""boost"": 10\
              }\
            }\
          ]\
        }\
      }\
    }\
  ]\
}","2022-06-20 10:38:29","14","2022-06-23 15:40:25","1","18","2"
"101","ABTNSD","20","Thanisandra","bm1953@unionbankofindia.com","96630 52052","Thanisandra","1558","17","101","","","29AAACU0564G2ZC","","AAACU0564G",\N,"UDYAM-KR-03-0106234",\N,\N,\N,\N,"2022-07-13 16:02:53","21",\N,\N,"20","20","UBI","Union Bank of India","UBI@UBI.com","9999999999","Bangalore-560001","{\
  ""nameSearchQueries"": [\
    {\
      ""queryDHI"": {\
        ""multi_match"": {\
          ""query"": ""SEARCH_NAME"",\
          ""fields"": [\
            ""name""\
          ],\
          ""type"": ""phrase"",\
          ""analyzer"": ""dhi_term_analyzer"",\
          ""boost"": 10\
        }\
      }\
    }\
  ],\
  ""addressSearchQueries"": [\
    {\
      ""queryDHI"": {\
        ""match"": {\
          ""address"": {\
            ""query"": ""SEARCH_ADDRESS"",\
            ""analyzer"": ""dhi_term_analyzer""\
          }\
        }\
      }\
    }\
  ],\
  ""nameAddressQueries"": [\
    {\
      ""queryDHI"": {\
        ""bool"": {\
          ""must"": [\
            {\
              ""multi_match"": {\
                ""query"": ""SEARCH_NAME"",\
                ""fields"": [\
                  ""name""\
                ],\
                ""type"": ""phrase"",\
                ""analyzer"": ""dhi_term_analyzer"",\
                ""boost"": 10\
              }\
            },\
            {\
              ""multi_match"": {\
                ""query"": ""SEARCH_ADDRESS"",\
                ""type"": ""most_fields"",\
                ""fields"": [\
                  ""address""\
                ],\
                ""analyzer"": ""dhi_term_analyzer"",\
                ""boost"": 2\
              }\
            }\
          ]\
        }\
      }\
    },\
    {\
      ""queryDHI"": {\
        ""bool"": {\
          ""must"": [\
            {\
              ""multi_match"": {\
                ""query"": ""SEARCH_NAME"",\
                ""fields"": [\
                  ""name""\
                ],\
                ""type"": ""phrase"",\
                ""analyzer"": ""dhi_term_analyzer"",\
                ""boost"": 2\
              }\
            },\
            {\
              ""multi_match"": {\
                ""query"": ""SEARCH_ADDRESS"",\
                ""type"": ""most_fields"",\
                ""fields"": [\
                  ""address""\
                ],\
                ""analyzer"": ""dhi_term_analyzer"",\
                ""boost"": 10\
              }\
            }\
          ]\
        }\
      }\
    }\
  ]\
}","2022-06-20 10:38:29","14","2022-06-23 15:40:25","1","18","2"
"102","ABTUMK","20","Tumkur","bm1561@unionbankofindia.com","99599 49921","Tumkur","1827","17","101","","","29AAACU0564G2ZC","","AAACU0564G",\N,"UDYAM-KR-03-0106234",\N,\N,\N,\N,"2022-07-13 16:02:53","21",\N,\N,"20","20","UBI","Union Bank of India","UBI@UBI.com","9999999999","Bangalore-560001","{\
  ""nameSearchQueries"": [\
    {\
      ""queryDHI"": {\
        ""multi_match"": {\
          ""query"": ""SEARCH_NAME"",\
          ""fields"": [\
            ""name""\
          ],\
          ""type"": ""phrase"",\
          ""analyzer"": ""dhi_term_analyzer"",\
          ""boost"": 10\
        }\
      }\
    }\
  ],\
  ""addressSearchQueries"": [\
    {\
      ""queryDHI"": {\
        ""match"": {\
          ""address"": {\
            ""query"": ""SEARCH_ADDRESS"",\
            ""analyzer"": ""dhi_term_analyzer""\
          }\
        }\
      }\
    }\
  ],\
  ""nameAddressQueries"": [\
    {\
      ""queryDHI"": {\
        ""bool"": {\
          ""must"": [\
            {\
              ""multi_match"": {\
                ""query"": ""SEARCH_NAME"",\
                ""fields"": [\
                  ""name""\
                ],\
                ""type"": ""phrase"",\
                ""analyzer"": ""dhi_term_analyzer"",\
                ""boost"": 10\
              }\
            },\
            {\
              ""multi_match"": {\
                ""query"": ""SEARCH_ADDRESS"",\
                ""type"": ""most_fields"",\
                ""fields"": [\
                  ""address""\
                ],\
                ""analyzer"": ""dhi_term_analyzer"",\
                ""boost"": 2\
              }\
            }\
          ]\
        }\
      }\
    },\
    {\
      ""queryDHI"": {\
        ""bool"": {\
          ""must"": [\
            {\
              ""multi_match"": {\
                ""query"": ""SEARCH_NAME"",\
                ""fields"": [\
                  ""name""\
                ],\
                ""type"": ""phrase"",\
                ""analyzer"": ""dhi_term_analyzer"",\
                ""boost"": 2\
              }\
            },\
            {\
              ""multi_match"": {\
                ""query"": ""SEARCH_ADDRESS"",\
                ""type"": ""most_fields"",\
                ""fields"": [\
                  ""address""\
                ],\
                ""analyzer"": ""dhi_term_analyzer"",\
                ""boost"": 10\
              }\
            }\
          ]\
        }\
      }\
    }\
  ]\
}","2022-06-20 10:38:29","14","2022-06-23 15:40:25","1","18","2"
"103","ABULLA","20","Ullal  Branch","bm2337@unionbankofindia.com","6374407554","Ullal  Branch","1558","17","101","","","29AAACU0564G2ZC","","AAACU0564G",\N,"UDYAM-KR-03-0106234",\N,\N,\N,\N,"2022-07-13 16:02:53","21",\N,\N,"20","20","UBI","Union Bank of India","UBI@UBI.com","9999999999","Bangalore-560001","{\
  ""nameSearchQueries"": [\
    {\
      ""queryDHI"": {\
        ""multi_match"": {\
          ""query"": ""SEARCH_NAME"",\
          ""fields"": [\
            ""name""\
          ],\
          ""type"": ""phrase"",\
          ""analyzer"": ""dhi_term_analyzer"",\
          ""boost"": 10\
        }\
      }\
    }\
  ],\
  ""addressSearchQueries"": [\
    {\
      ""queryDHI"": {\
        ""match"": {\
          ""address"": {\
            ""query"": ""SEARCH_ADDRESS"",\
            ""analyzer"": ""dhi_term_analyzer""\
          }\
        }\
      }\
    }\
  ],\
  ""nameAddressQueries"": [\
    {\
      ""queryDHI"": {\
        ""bool"": {\
          ""must"": [\
            {\
              ""multi_match"": {\
                ""query"": ""SEARCH_NAME"",\
                ""fields"": [\
                  ""name""\
                ],\
                ""type"": ""phrase"",\
                ""analyzer"": ""dhi_term_analyzer"",\
                ""boost"": 10\
              }\
            },\
            {\
              ""multi_match"": {\
                ""query"": ""SEARCH_ADDRESS"",\
                ""type"": ""most_fields"",\
                ""fields"": [\
                  ""address""\
                ],\
                ""analyzer"": ""dhi_term_analyzer"",\
                ""boost"": 2\
              }\
            }\
          ]\
        }\
      }\
    },\
    {\
      ""queryDHI"": {\
        ""bool"": {\
          ""must"": [\
            {\
              ""multi_match"": {\
                ""query"": ""SEARCH_NAME"",\
                ""fields"": [\
                  ""name""\
                ],\
                ""type"": ""phrase"",\
                ""analyzer"": ""dhi_term_analyzer"",\
                ""boost"": 2\
              }\
            },\
            {\
              ""multi_match"": {\
                ""query"": ""SEARCH_ADDRESS"",\
                ""type"": ""most_fields"",\
                ""fields"": [\
                  ""address""\
                ],\
                ""analyzer"": ""dhi_term_analyzer"",\
                ""boost"": 10\
              }\
            }\
          ]\
        }\
      }\
    }\
  ]\
}","2022-06-20 10:38:29","14","2022-06-23 15:40:25","1","18","2"
"104","ABUTHL","20","Uttarahalli Branch","bm1448@unionbankofindia.com","7409691234","Uttarahalli Branch","1558","17","101","","","29AAACU0564G2ZC","","AAACU0564G",\N,"UDYAM-KR-03-0106234",\N,\N,\N,\N,"2022-07-13 16:02:53","21",\N,\N,"20","20","UBI","Union Bank of India","UBI@UBI.com","9999999999","Bangalore-560001","{\
  ""nameSearchQueries"": [\
    {\
      ""queryDHI"": {\
        ""multi_match"": {\
          ""query"": ""SEARCH_NAME"",\
          ""fields"": [\
            ""name""\
          ],\
          ""type"": ""phrase"",\
          ""analyzer"": ""dhi_term_analyzer"",\
          ""boost"": 10\
        }\
      }\
    }\
  ],\
  ""addressSearchQueries"": [\
    {\
      ""queryDHI"": {\
        ""match"": {\
          ""address"": {\
            ""query"": ""SEARCH_ADDRESS"",\
            ""analyzer"": ""dhi_term_analyzer""\
          }\
        }\
      }\
    }\
  ],\
  ""nameAddressQueries"": [\
    {\
      ""queryDHI"": {\
        ""bool"": {\
          ""must"": [\
            {\
              ""multi_match"": {\
                ""query"": ""SEARCH_NAME"",\
                ""fields"": [\
                  ""name""\
                ],\
                ""type"": ""phrase"",\
                ""analyzer"": ""dhi_term_analyzer"",\
                ""boost"": 10\
              }\
            },\
            {\
              ""multi_match"": {\
                ""query"": ""SEARCH_ADDRESS"",\
                ""type"": ""most_fields"",\
                ""fields"": [\
                  ""address""\
                ],\
                ""analyzer"": ""dhi_term_analyzer"",\
                ""boost"": 2\
              }\
            }\
          ]\
        }\
      }\
    },\
    {\
      ""queryDHI"": {\
        ""bool"": {\
          ""must"": [\
            {\
              ""multi_match"": {\
                ""query"": ""SEARCH_NAME"",\
                ""fields"": [\
                  ""name""\
                ],\
                ""type"": ""phrase"",\
                ""analyzer"": ""dhi_term_analyzer"",\
                ""boost"": 2\
              }\
            },\
            {\
              ""multi_match"": {\
                ""query"": ""SEARCH_ADDRESS"",\
                ""type"": ""most_fields"",\
                ""fields"": [\
                  ""address""\
                ],\
                ""analyzer"": ""dhi_term_analyzer"",\
                ""boost"": 10\
              }\
            }\
          ]\
        }\
      }\
    }\
  ]\
}","2022-06-20 10:38:29","14","2022-06-23 15:40:25","1","18","2"
"105","ABVKTA","20","V Kota-Chitoor District","bm1902@unionbankofindia.com","9966432547","V Kota-Chitoor District","1558","17","101","","","29AAACU0564G2ZC","","AAACU0564G",\N,"UDYAM-KR-03-0106234",\N,\N,\N,\N,"2022-07-13 16:02:53","21",\N,\N,"20","20","UBI","Union Bank of India","UBI@UBI.com","9999999999","Bangalore-560001","{\
  ""nameSearchQueries"": [\
    {\
      ""queryDHI"": {\
        ""multi_match"": {\
          ""query"": ""SEARCH_NAME"",\
          ""fields"": [\
            ""name""\
          ],\
          ""type"": ""phrase"",\
          ""analyzer"": ""dhi_term_analyzer"",\
          ""boost"": 10\
        }\
      }\
    }\
  ],\
  ""addressSearchQueries"": [\
    {\
      ""queryDHI"": {\
        ""match"": {\
          ""address"": {\
            ""query"": ""SEARCH_ADDRESS"",\
            ""analyzer"": ""dhi_term_analyzer""\
          }\
        }\
      }\
    }\
  ],\
  ""nameAddressQueries"": [\
    {\
      ""queryDHI"": {\
        ""bool"": {\
          ""must"": [\
            {\
              ""multi_match"": {\
                ""query"": ""SEARCH_NAME"",\
                ""fields"": [\
                  ""name""\
                ],\
                ""type"": ""phrase"",\
                ""analyzer"": ""dhi_term_analyzer"",\
                ""boost"": 10\
              }\
            },\
            {\
              ""multi_match"": {\
                ""query"": ""SEARCH_ADDRESS"",\
                ""type"": ""most_fields"",\
                ""fields"": [\
                  ""address""\
                ],\
                ""analyzer"": ""dhi_term_analyzer"",\
                ""boost"": 2\
              }\
            }\
          ]\
        }\
      }\
    },\
    {\
      ""queryDHI"": {\
        ""bool"": {\
          ""must"": [\
            {\
              ""multi_match"": {\
                ""query"": ""SEARCH_NAME"",\
                ""fields"": [\
                  ""name""\
                ],\
                ""type"": ""phrase"",\
                ""analyzer"": ""dhi_term_analyzer"",\
                ""boost"": 2\
              }\
            },\
            {\
              ""multi_match"": {\
                ""query"": ""SEARCH_ADDRESS"",\
                ""type"": ""most_fields"",\
                ""fields"": [\
                  ""address""\
                ],\
                ""analyzer"": ""dhi_term_analyzer"",\
                ""boost"": 10\
              }\
            }\
          ]\
        }\
      }\
    }\
  ]\
}","2022-06-20 10:38:29","14","2022-06-23 15:40:25","1","18","2"
"106","ABVRTR","20","Varthur Branch","ubin0824879@unionbankofindia.bank","96866 90025","Varthur Branch","1558","17","101","","","29AAACU0564G2ZC","","AAACU0564G",\N,"UDYAM-KR-03-0106234",\N,\N,\N,\N,"2022-07-13 16:02:53","21",\N,\N,"20","20","UBI","Union Bank of India","UBI@UBI.com","9999999999","Bangalore-560001","{\
  ""nameSearchQueries"": [\
    {\
      ""queryDHI"": {\
        ""multi_match"": {\
          ""query"": ""SEARCH_NAME"",\
          ""fields"": [\
            ""name""\
          ],\
          ""type"": ""phrase"",\
          ""analyzer"": ""dhi_term_analyzer"",\
          ""boost"": 10\
        }\
      }\
    }\
  ],\
  ""addressSearchQueries"": [\
    {\
      ""queryDHI"": {\
        ""match"": {\
          ""address"": {\
            ""query"": ""SEARCH_ADDRESS"",\
            ""analyzer"": ""dhi_term_analyzer""\
          }\
        }\
      }\
    }\
  ],\
  ""nameAddressQueries"": [\
    {\
      ""queryDHI"": {\
        ""bool"": {\
          ""must"": [\
            {\
              ""multi_match"": {\
                ""query"": ""SEARCH_NAME"",\
                ""fields"": [\
                  ""name""\
                ],\
                ""type"": ""phrase"",\
                ""analyzer"": ""dhi_term_analyzer"",\
                ""boost"": 10\
              }\
            },\
            {\
              ""multi_match"": {\
                ""query"": ""SEARCH_ADDRESS"",\
                ""type"": ""most_fields"",\
                ""fields"": [\
                  ""address""\
                ],\
                ""analyzer"": ""dhi_term_analyzer"",\
                ""boost"": 2\
              }\
            }\
          ]\
        }\
      }\
    },\
    {\
      ""queryDHI"": {\
        ""bool"": {\
          ""must"": [\
            {\
              ""multi_match"": {\
                ""query"": ""SEARCH_NAME"",\
                ""fields"": [\
                  ""name""\
                ],\
                ""type"": ""phrase"",\
                ""analyzer"": ""dhi_term_analyzer"",\
                ""boost"": 2\
              }\
            },\
            {\
              ""multi_match"": {\
                ""query"": ""SEARCH_ADDRESS"",\
                ""type"": ""most_fields"",\
                ""fields"": [\
                  ""address""\
                ],\
                ""analyzer"": ""dhi_term_analyzer"",\
                ""boost"": 10\
              }\
            }\
          ]\
        }\
      }\
    }\
  ]\
}","2022-06-20 10:38:29","14","2022-06-23 15:40:25","1","18","2"
"107","ABVYNR","20","Vidyanagar Branch","bm1703@unionbankofindia.com","8121994995","Vidyanagar Branch","1558","17","101","","","29AAACU0564G2ZC","","AAACU0564G",\N,"UDYAM-KR-03-0106234",\N,\N,\N,\N,"2022-07-13 16:02:53","21",\N,\N,"20","20","UBI","Union Bank of India","UBI@UBI.com","9999999999","Bangalore-560001","{\
  ""nameSearchQueries"": [\
    {\
      ""queryDHI"": {\
        ""multi_match"": {\
          ""query"": ""SEARCH_NAME"",\
          ""fields"": [\
            ""name""\
          ],\
          ""type"": ""phrase"",\
          ""analyzer"": ""dhi_term_analyzer"",\
          ""boost"": 10\
        }\
      }\
    }\
  ],\
  ""addressSearchQueries"": [\
    {\
      ""queryDHI"": {\
        ""match"": {\
          ""address"": {\
            ""query"": ""SEARCH_ADDRESS"",\
            ""analyzer"": ""dhi_term_analyzer""\
          }\
        }\
      }\
    }\
  ],\
  ""nameAddressQueries"": [\
    {\
      ""queryDHI"": {\
        ""bool"": {\
          ""must"": [\
            {\
              ""multi_match"": {\
                ""query"": ""SEARCH_NAME"",\
                ""fields"": [\
                  ""name""\
                ],\
                ""type"": ""phrase"",\
                ""analyzer"": ""dhi_term_analyzer"",\
                ""boost"": 10\
              }\
            },\
            {\
              ""multi_match"": {\
                ""query"": ""SEARCH_ADDRESS"",\
                ""type"": ""most_fields"",\
                ""fields"": [\
                  ""address""\
                ],\
                ""analyzer"": ""dhi_term_analyzer"",\
                ""boost"": 2\
              }\
            }\
          ]\
        }\
      }\
    },\
    {\
      ""queryDHI"": {\
        ""bool"": {\
          ""must"": [\
            {\
              ""multi_match"": {\
                ""query"": ""SEARCH_NAME"",\
                ""fields"": [\
                  ""name""\
                ],\
                ""type"": ""phrase"",\
                ""analyzer"": ""dhi_term_analyzer"",\
                ""boost"": 2\
              }\
            },\
            {\
              ""multi_match"": {\
                ""query"": ""SEARCH_ADDRESS"",\
                ""type"": ""most_fields"",\
                ""fields"": [\
                  ""address""\
                ],\
                ""analyzer"": ""dhi_term_analyzer"",\
                ""boost"": 10\
              }\
            }\
          ]\
        }\
      }\
    }\
  ]\
}","2022-06-20 10:38:29","14","2022-06-23 15:40:25","1","18","2"
"108","ABVPTA","20","Vidyapeetha Branch","bm1170@unionbankofindia.com","98862 82020","Vidyapeetha Branch","1558","17","101","","","29AAACU0564G2ZC","","AAACU0564G",\N,"UDYAM-KR-03-0106234",\N,\N,\N,\N,"2022-07-13 16:02:53","21",\N,\N,"20","20","UBI","Union Bank of India","UBI@UBI.com","9999999999","Bangalore-560001","{\
  ""nameSearchQueries"": [\
    {\
      ""queryDHI"": {\
        ""multi_match"": {\
          ""query"": ""SEARCH_NAME"",\
          ""fields"": [\
            ""name""\
          ],\
          ""type"": ""phrase"",\
          ""analyzer"": ""dhi_term_analyzer"",\
          ""boost"": 10\
        }\
      }\
    }\
  ],\
  ""addressSearchQueries"": [\
    {\
      ""queryDHI"": {\
        ""match"": {\
          ""address"": {\
            ""query"": ""SEARCH_ADDRESS"",\
            ""analyzer"": ""dhi_term_analyzer""\
          }\
        }\
      }\
    }\
  ],\
  ""nameAddressQueries"": [\
    {\
      ""queryDHI"": {\
        ""bool"": {\
          ""must"": [\
            {\
              ""multi_match"": {\
                ""query"": ""SEARCH_NAME"",\
                ""fields"": [\
                  ""name""\
                ],\
                ""type"": ""phrase"",\
                ""analyzer"": ""dhi_term_analyzer"",\
                ""boost"": 10\
              }\
            },\
            {\
              ""multi_match"": {\
                ""query"": ""SEARCH_ADDRESS"",\
                ""type"": ""most_fields"",\
                ""fields"": [\
                  ""address""\
                ],\
                ""analyzer"": ""dhi_term_analyzer"",\
                ""boost"": 2\
              }\
            }\
          ]\
        }\
      }\
    },\
    {\
      ""queryDHI"": {\
        ""bool"": {\
          ""must"": [\
            {\
              ""multi_match"": {\
                ""query"": ""SEARCH_NAME"",\
                ""fields"": [\
                  ""name""\
                ],\
                ""type"": ""phrase"",\
                ""analyzer"": ""dhi_term_analyzer"",\
                ""boost"": 2\
              }\
            },\
            {\
              ""multi_match"": {\
                ""query"": ""SEARCH_ADDRESS"",\
                ""type"": ""most_fields"",\
                ""fields"": [\
                  ""address""\
                ],\
                ""analyzer"": ""dhi_term_analyzer"",\
                ""boost"": 10\
              }\
            }\
          ]\
        }\
      }\
    }\
  ]\
}","2022-06-20 10:38:29","14","2022-06-23 15:40:25","1","18","2"
"109","ABWTFD","20","Whitefield","bm1463@unionbankofindia.com","81239 29363","Whitefield","1558","17","101","","","29AAACU0564G2ZC","","AAACU0564G",\N,"UDYAM-KR-03-0106234",\N,\N,\N,\N,"2022-07-13 16:02:53","21",\N,\N,"20","20","UBI","Union Bank of India","UBI@UBI.com","9999999999","Bangalore-560001","{\
  ""nameSearchQueries"": [\
    {\
      ""queryDHI"": {\
        ""multi_match"": {\
          ""query"": ""SEARCH_NAME"",\
          ""fields"": [\
            ""name""\
          ],\
          ""type"": ""phrase"",\
          ""analyzer"": ""dhi_term_analyzer"",\
          ""boost"": 10\
        }\
      }\
    }\
  ],\
  ""addressSearchQueries"": [\
    {\
      ""queryDHI"": {\
        ""match"": {\
          ""address"": {\
            ""query"": ""SEARCH_ADDRESS"",\
            ""analyzer"": ""dhi_term_analyzer""\
          }\
        }\
      }\
    }\
  ],\
  ""nameAddressQueries"": [\
    {\
      ""queryDHI"": {\
        ""bool"": {\
          ""must"": [\
            {\
              ""multi_match"": {\
                ""query"": ""SEARCH_NAME"",\
                ""fields"": [\
                  ""name""\
                ],\
                ""type"": ""phrase"",\
                ""analyzer"": ""dhi_term_analyzer"",\
                ""boost"": 10\
              }\
            },\
            {\
              ""multi_match"": {\
                ""query"": ""SEARCH_ADDRESS"",\
                ""type"": ""most_fields"",\
                ""fields"": [\
                  ""address""\
                ],\
                ""analyzer"": ""dhi_term_analyzer"",\
                ""boost"": 2\
              }\
            }\
          ]\
        }\
      }\
    },\
    {\
      ""queryDHI"": {\
        ""bool"": {\
          ""must"": [\
            {\
              ""multi_match"": {\
                ""query"": ""SEARCH_NAME"",\
                ""fields"": [\
                  ""name""\
                ],\
                ""type"": ""phrase"",\
                ""analyzer"": ""dhi_term_analyzer"",\
                ""boost"": 2\
              }\
            },\
            {\
              ""multi_match"": {\
                ""query"": ""SEARCH_ADDRESS"",\
                ""type"": ""most_fields"",\
                ""fields"": [\
                  ""address""\
                ],\
                ""analyzer"": ""dhi_term_analyzer"",\
                ""boost"": 10\
              }\
            }\
          ]\
        }\
      }\
    }\
  ]\
}","2022-06-20 10:38:29","14","2022-06-23 15:40:25","1","18","2"
"110","ABWGRN","20","Wilson Garden","bm1492@unionbankofindia.com","9686868368","Wilson Garden","1558","17","101","","","29AAACU0564G2ZC","","AAACU0564G",\N,"UDYAM-KR-03-0106234",\N,\N,\N,\N,"2022-07-13 16:02:53","21",\N,\N,"20","20","UBI","Union Bank of India","UBI@UBI.com","9999999999","Bangalore-560001","{\
  ""nameSearchQueries"": [\
    {\
      ""queryDHI"": {\
        ""multi_match"": {\
          ""query"": ""SEARCH_NAME"",\
          ""fields"": [\
            ""name""\
          ],\
          ""type"": ""phrase"",\
          ""analyzer"": ""dhi_term_analyzer"",\
          ""boost"": 10\
        }\
      }\
    }\
  ],\
  ""addressSearchQueries"": [\
    {\
      ""queryDHI"": {\
        ""match"": {\
          ""address"": {\
            ""query"": ""SEARCH_ADDRESS"",\
            ""analyzer"": ""dhi_term_analyzer""\
          }\
        }\
      }\
    }\
  ],\
  ""nameAddressQueries"": [\
    {\
      ""queryDHI"": {\
        ""bool"": {\
          ""must"": [\
            {\
              ""multi_match"": {\
                ""query"": ""SEARCH_NAME"",\
                ""fields"": [\
                  ""name""\
                ],\
                ""type"": ""phrase"",\
                ""analyzer"": ""dhi_term_analyzer"",\
                ""boost"": 10\
              }\
            },\
            {\
              ""multi_match"": {\
                ""query"": ""SEARCH_ADDRESS"",\
                ""type"": ""most_fields"",\
                ""fields"": [\
                  ""address""\
                ],\
                ""analyzer"": ""dhi_term_analyzer"",\
                ""boost"": 2\
              }\
            }\
          ]\
        }\
      }\
    },\
    {\
      ""queryDHI"": {\
        ""bool"": {\
          ""must"": [\
            {\
              ""multi_match"": {\
                ""query"": ""SEARCH_NAME"",\
                ""fields"": [\
                  ""name""\
                ],\
                ""type"": ""phrase"",\
                ""analyzer"": ""dhi_term_analyzer"",\
                ""boost"": 2\
              }\
            },\
            {\
              ""multi_match"": {\
                ""query"": ""SEARCH_ADDRESS"",\
                ""type"": ""most_fields"",\
                ""fields"": [\
                  ""address""\
                ],\
                ""analyzer"": ""dhi_term_analyzer"",\
                ""boost"": 10\
              }\
            }\
          ]\
        }\
      }\
    }\
  ]\
}","2022-06-20 10:38:29","14","2022-06-23 15:40:25","1","18","2"
"111","ABYLHK","20","Yelahanka","Ubin014521@unionbankofindia.bank","8106517800","Yelahanka","1558","17","101","","","29AAACU0564G2ZC","","AAACU0564G",\N,"UDYAM-KR-03-0106234",\N,\N,\N,\N,"2022-07-13 16:02:53","21",\N,\N,"20","20","UBI","Union Bank of India","UBI@UBI.com","9999999999","Bangalore-560001","{\
  ""nameSearchQueries"": [\
    {\
      ""queryDHI"": {\
        ""multi_match"": {\
          ""query"": ""SEARCH_NAME"",\
          ""fields"": [\
            ""name""\
          ],\
          ""type"": ""phrase"",\
          ""analyzer"": ""dhi_term_analyzer"",\
          ""boost"": 10\
        }\
      }\
    }\
  ],\
  ""addressSearchQueries"": [\
    {\
      ""queryDHI"": {\
        ""match"": {\
          ""address"": {\
            ""query"": ""SEARCH_ADDRESS"",\
            ""analyzer"": ""dhi_term_analyzer""\
          }\
        }\
      }\
    }\
  ],\
  ""nameAddressQueries"": [\
    {\
      ""queryDHI"": {\
        ""bool"": {\
          ""must"": [\
            {\
              ""multi_match"": {\
                ""query"": ""SEARCH_NAME"",\
                ""fields"": [\
                  ""name""\
                ],\
                ""type"": ""phrase"",\
                ""analyzer"": ""dhi_term_analyzer"",\
                ""boost"": 10\
              }\
            },\
            {\
              ""multi_match"": {\
                ""query"": ""SEARCH_ADDRESS"",\
                ""type"": ""most_fields"",\
                ""fields"": [\
                  ""address""\
                ],\
                ""analyzer"": ""dhi_term_analyzer"",\
                ""boost"": 2\
              }\
            }\
          ]\
        }\
      }\
    },\
    {\
      ""queryDHI"": {\
        ""bool"": {\
          ""must"": [\
            {\
              ""multi_match"": {\
                ""query"": ""SEARCH_NAME"",\
                ""fields"": [\
                  ""name""\
                ],\
                ""type"": ""phrase"",\
                ""analyzer"": ""dhi_term_analyzer"",\
                ""boost"": 2\
              }\
            },\
            {\
              ""multi_match"": {\
                ""query"": ""SEARCH_ADDRESS"",\
                ""type"": ""most_fields"",\
                ""fields"": [\
                  ""address""\
                ],\
                ""analyzer"": ""dhi_term_analyzer"",\
                ""boost"": 10\
              }\
            }\
          ]\
        }\
      }\
    }\
  ]\
}","2022-06-20 10:38:29","14","2022-06-23 15:40:25","1","18","2"
"112","ABYSPR","20","Yeshwanthpur","bm1241@unionbankofindia.com","9985116190","Yeshwanthpur","1558","17","101","","","29AAACU0564G2ZC","","AAACU0564G",\N,"UDYAM-KR-03-0106234",\N,\N,\N,\N,"2022-07-13 16:02:53","21",\N,\N,"20","20","UBI","Union Bank of India","UBI@UBI.com","9999999999","Bangalore-560001","{\
  ""nameSearchQueries"": [\
    {\
      ""queryDHI"": {\
        ""multi_match"": {\
          ""query"": ""SEARCH_NAME"",\
          ""fields"": [\
            ""name""\
          ],\
          ""type"": ""phrase"",\
          ""analyzer"": ""dhi_term_analyzer"",\
          ""boost"": 10\
        }\
      }\
    }\
  ],\
  ""addressSearchQueries"": [\
    {\
      ""queryDHI"": {\
        ""match"": {\
          ""address"": {\
            ""query"": ""SEARCH_ADDRESS"",\
            ""analyzer"": ""dhi_term_analyzer""\
          }\
        }\
      }\
    }\
  ],\
  ""nameAddressQueries"": [\
    {\
      ""queryDHI"": {\
        ""bool"": {\
          ""must"": [\
            {\
              ""multi_match"": {\
                ""query"": ""SEARCH_NAME"",\
                ""fields"": [\
                  ""name""\
                ],\
                ""type"": ""phrase"",\
                ""analyzer"": ""dhi_term_analyzer"",\
                ""boost"": 10\
              }\
            },\
            {\
              ""multi_match"": {\
                ""query"": ""SEARCH_ADDRESS"",\
                ""type"": ""most_fields"",\
                ""fields"": [\
                  ""address""\
                ],\
                ""analyzer"": ""dhi_term_analyzer"",\
                ""boost"": 2\
              }\
            }\
          ]\
        }\
      }\
    },\
    {\
      ""queryDHI"": {\
        ""bool"": {\
          ""must"": [\
            {\
              ""multi_match"": {\
                ""query"": ""SEARCH_NAME"",\
                ""fields"": [\
                  ""name""\
                ],\
                ""type"": ""phrase"",\
                ""analyzer"": ""dhi_term_analyzer"",\
                ""boost"": 2\
              }\
            },\
            {\
              ""multi_match"": {\
                ""query"": ""SEARCH_ADDRESS"",\
                ""type"": ""most_fields"",\
                ""fields"": [\
                  ""address""\
                ],\
                ""analyzer"": ""dhi_term_analyzer"",\
                ""boost"": 10\
              }\
            }\
          ]\
        }\
      }\
    }\
  ]\
}","2022-06-20 10:38:29","14","2022-06-23 15:40:25","1","18","2"
"113","CBAPRD","20","Airport Road","cb0835@unionbankofindia.com","97907 30795","Airport Road","1558","17","101","","","29AAACU0564G2ZC","","AAACU0564G",\N,"UDYAM-KR-03-0106234",\N,\N,\N,\N,"2022-07-13 16:02:53","21",\N,\N,"20","20","UBI","Union Bank of India","UBI@UBI.com","9999999999","Bangalore-560001","{\
  ""nameSearchQueries"": [\
    {\
      ""queryDHI"": {\
        ""multi_match"": {\
          ""query"": ""SEARCH_NAME"",\
          ""fields"": [\
            ""name""\
          ],\
          ""type"": ""phrase"",\
          ""analyzer"": ""dhi_term_analyzer"",\
          ""boost"": 10\
        }\
      }\
    }\
  ],\
  ""addressSearchQueries"": [\
    {\
      ""queryDHI"": {\
        ""match"": {\
          ""address"": {\
            ""query"": ""SEARCH_ADDRESS"",\
            ""analyzer"": ""dhi_term_analyzer""\
          }\
        }\
      }\
    }\
  ],\
  ""nameAddressQueries"": [\
    {\
      ""queryDHI"": {\
        ""bool"": {\
          ""must"": [\
            {\
              ""multi_match"": {\
                ""query"": ""SEARCH_NAME"",\
                ""fields"": [\
                  ""name""\
                ],\
                ""type"": ""phrase"",\
                ""analyzer"": ""dhi_term_analyzer"",\
                ""boost"": 10\
              }\
            },\
            {\
              ""multi_match"": {\
                ""query"": ""SEARCH_ADDRESS"",\
                ""type"": ""most_fields"",\
                ""fields"": [\
                  ""address""\
                ],\
                ""analyzer"": ""dhi_term_analyzer"",\
                ""boost"": 2\
              }\
            }\
          ]\
        }\
      }\
    },\
    {\
      ""queryDHI"": {\
        ""bool"": {\
          ""must"": [\
            {\
              ""multi_match"": {\
                ""query"": ""SEARCH_NAME"",\
                ""fields"": [\
                  ""name""\
                ],\
                ""type"": ""phrase"",\
                ""analyzer"": ""dhi_term_analyzer"",\
                ""boost"": 2\
              }\
            },\
            {\
              ""multi_match"": {\
                ""query"": ""SEARCH_ADDRESS"",\
                ""type"": ""most_fields"",\
                ""fields"": [\
                  ""address""\
                ],\
                ""analyzer"": ""dhi_term_analyzer"",\
                ""boost"": 10\
              }\
            }\
          ]\
        }\
      }\
    }\
  ]\
}","2022-06-20 10:38:29","14","2022-06-23 15:40:25","1","18","2"
"114","CBANKL","20","Anekal","cb1541@unionbankofindia.com","90440 01976","Anekal","1558","17","101","","","29AAACU0564G2ZC","","AAACU0564G",\N,"UDYAM-KR-03-0106234",\N,\N,\N,\N,"2022-07-13 16:02:53","21",\N,\N,"20","20","UBI","Union Bank of India","UBI@UBI.com","9999999999","Bangalore-560001","{\
  ""nameSearchQueries"": [\
    {\
      ""queryDHI"": {\
        ""multi_match"": {\
          ""query"": ""SEARCH_NAME"",\
          ""fields"": [\
            ""name""\
          ],\
          ""type"": ""phrase"",\
          ""analyzer"": ""dhi_term_analyzer"",\
          ""boost"": 10\
        }\
      }\
    }\
  ],\
  ""addressSearchQueries"": [\
    {\
      ""queryDHI"": {\
        ""match"": {\
          ""address"": {\
            ""query"": ""SEARCH_ADDRESS"",\
            ""analyzer"": ""dhi_term_analyzer""\
          }\
        }\
      }\
    }\
  ],\
  ""nameAddressQueries"": [\
    {\
      ""queryDHI"": {\
        ""bool"": {\
          ""must"": [\
            {\
              ""multi_match"": {\
                ""query"": ""SEARCH_NAME"",\
                ""fields"": [\
                  ""name""\
                ],\
                ""type"": ""phrase"",\
                ""analyzer"": ""dhi_term_analyzer"",\
                ""boost"": 10\
              }\
            },\
            {\
              ""multi_match"": {\
                ""query"": ""SEARCH_ADDRESS"",\
                ""type"": ""most_fields"",\
                ""fields"": [\
                  ""address""\
                ],\
                ""analyzer"": ""dhi_term_analyzer"",\
                ""boost"": 2\
              }\
            }\
          ]\
        }\
      }\
    },\
    {\
      ""queryDHI"": {\
        ""bool"": {\
          ""must"": [\
            {\
              ""multi_match"": {\
                ""query"": ""SEARCH_NAME"",\
                ""fields"": [\
                  ""name""\
                ],\
                ""type"": ""phrase"",\
                ""analyzer"": ""dhi_term_analyzer"",\
                ""boost"": 2\
              }\
            },\
            {\
              ""multi_match"": {\
                ""query"": ""SEARCH_ADDRESS"",\
                ""type"": ""most_fields"",\
                ""fields"": [\
                  ""address""\
                ],\
                ""analyzer"": ""dhi_term_analyzer"",\
                ""boost"": 10\
              }\
            }\
          ]\
        }\
      }\
    }\
  ]\
}","2022-06-20 10:38:29","14","2022-06-23 15:40:25","1","18","2"
"115","CBARKR","20","Arekere","cb0507@corpbank.co.in","70423 59955","Arekere","1558","17","101","","","29AAACU0564G2ZC","","AAACU0564G",\N,"UDYAM-KR-03-0106234",\N,\N,\N,\N,"2022-07-13 16:02:53","21",\N,\N,"20","20","UBI","Union Bank of India","UBI@UBI.com","9999999999","Bangalore-560001","{\
  ""nameSearchQueries"": [\
    {\
      ""queryDHI"": {\
        ""multi_match"": {\
          ""query"": ""SEARCH_NAME"",\
          ""fields"": [\
            ""name""\
          ],\
          ""type"": ""phrase"",\
          ""analyzer"": ""dhi_term_analyzer"",\
          ""boost"": 10\
        }\
      }\
    }\
  ],\
  ""addressSearchQueries"": [\
    {\
      ""queryDHI"": {\
        ""match"": {\
          ""address"": {\
            ""query"": ""SEARCH_ADDRESS"",\
            ""analyzer"": ""dhi_term_analyzer""\
          }\
        }\
      }\
    }\
  ],\
  ""nameAddressQueries"": [\
    {\
      ""queryDHI"": {\
        ""bool"": {\
          ""must"": [\
            {\
              ""multi_match"": {\
                ""query"": ""SEARCH_NAME"",\
                ""fields"": [\
                  ""name""\
                ],\
                ""type"": ""phrase"",\
                ""analyzer"": ""dhi_term_analyzer"",\
                ""boost"": 10\
              }\
            },\
            {\
              ""multi_match"": {\
                ""query"": ""SEARCH_ADDRESS"",\
                ""type"": ""most_fields"",\
                ""fields"": [\
                  ""address""\
                ],\
                ""analyzer"": ""dhi_term_analyzer"",\
                ""boost"": 2\
              }\
            }\
          ]\
        }\
      }\
    },\
    {\
      ""queryDHI"": {\
        ""bool"": {\
          ""must"": [\
            {\
              ""multi_match"": {\
                ""query"": ""SEARCH_NAME"",\
                ""fields"": [\
                  ""name""\
                ],\
                ""type"": ""phrase"",\
                ""analyzer"": ""dhi_term_analyzer"",\
                ""boost"": 2\
              }\
            },\
            {\
              ""multi_match"": {\
                ""query"": ""SEARCH_ADDRESS"",\
                ""type"": ""most_fields"",\
                ""fields"": [\
                  ""address""\
                ],\
                ""analyzer"": ""dhi_term_analyzer"",\
                ""boost"": 10\
              }\
            }\
          ]\
        }\
      }\
    }\
  ]\
}","2022-06-20 10:38:29","14","2022-06-23 15:40:25","1","18","2"
"116","CBBSKR","20","Banashankari","cb0773@corpbank.co.in","86600 45570","Banashankari","1558","17","101","","","29AAACU0564G2ZC","","AAACU0564G",\N,"UDYAM-KR-03-0106234",\N,\N,\N,\N,"2022-07-13 16:02:53","21",\N,\N,"20","20","UBI","Union Bank of India","UBI@UBI.com","9999999999","Bangalore-560001","{\
  ""nameSearchQueries"": [\
    {\
      ""queryDHI"": {\
        ""multi_match"": {\
          ""query"": ""SEARCH_NAME"",\
          ""fields"": [\
            ""name""\
          ],\
          ""type"": ""phrase"",\
          ""analyzer"": ""dhi_term_analyzer"",\
          ""boost"": 10\
        }\
      }\
    }\
  ],\
  ""addressSearchQueries"": [\
    {\
      ""queryDHI"": {\
        ""match"": {\
          ""address"": {\
            ""query"": ""SEARCH_ADDRESS"",\
            ""analyzer"": ""dhi_term_analyzer""\
          }\
        }\
      }\
    }\
  ],\
  ""nameAddressQueries"": [\
    {\
      ""queryDHI"": {\
        ""bool"": {\
          ""must"": [\
            {\
              ""multi_match"": {\
                ""query"": ""SEARCH_NAME"",\
                ""fields"": [\
                  ""name""\
                ],\
                ""type"": ""phrase"",\
                ""analyzer"": ""dhi_term_analyzer"",\
                ""boost"": 10\
              }\
            },\
            {\
              ""multi_match"": {\
                ""query"": ""SEARCH_ADDRESS"",\
                ""type"": ""most_fields"",\
                ""fields"": [\
                  ""address""\
                ],\
                ""analyzer"": ""dhi_term_analyzer"",\
                ""boost"": 2\
              }\
            }\
          ]\
        }\
      }\
    },\
    {\
      ""queryDHI"": {\
        ""bool"": {\
          ""must"": [\
            {\
              ""multi_match"": {\
                ""query"": ""SEARCH_NAME"",\
                ""fields"": [\
                  ""name""\
                ],\
                ""type"": ""phrase"",\
                ""analyzer"": ""dhi_term_analyzer"",\
                ""boost"": 2\
              }\
            },\
            {\
              ""multi_match"": {\
                ""query"": ""SEARCH_ADDRESS"",\
                ""type"": ""most_fields"",\
                ""fields"": [\
                  ""address""\
                ],\
                ""analyzer"": ""dhi_term_analyzer"",\
                ""boost"": 10\
              }\
            }\
          ]\
        }\
      }\
    }\
  ]\
}","2022-06-20 10:38:29","14","2022-06-23 15:40:25","1","18","2"
"117","CBBNWD","20","Banaswadi","cb0725@unionbankofindia.com","8789304759","Banaswadi","1558","17","101","","","29AAACU0564G2ZC","","AAACU0564G",\N,"UDYAM-KR-03-0106234",\N,\N,\N,\N,"2022-07-13 16:02:53","21",\N,\N,"20","20","UBI","Union Bank of India","UBI@UBI.com","9999999999","Bangalore-560001","{\
  ""nameSearchQueries"": [\
    {\
      ""queryDHI"": {\
        ""multi_match"": {\
          ""query"": ""SEARCH_NAME"",\
          ""fields"": [\
            ""name""\
          ],\
          ""type"": ""phrase"",\
          ""analyzer"": ""dhi_term_analyzer"",\
          ""boost"": 10\
        }\
      }\
    }\
  ],\
  ""addressSearchQueries"": [\
    {\
      ""queryDHI"": {\
        ""match"": {\
          ""address"": {\
            ""query"": ""SEARCH_ADDRESS"",\
            ""analyzer"": ""dhi_term_analyzer""\
          }\
        }\
      }\
    }\
  ],\
  ""nameAddressQueries"": [\
    {\
      ""queryDHI"": {\
        ""bool"": {\
          ""must"": [\
            {\
              ""multi_match"": {\
                ""query"": ""SEARCH_NAME"",\
                ""fields"": [\
                  ""name""\
                ],\
                ""type"": ""phrase"",\
                ""analyzer"": ""dhi_term_analyzer"",\
                ""boost"": 10\
              }\
            },\
            {\
              ""multi_match"": {\
                ""query"": ""SEARCH_ADDRESS"",\
                ""type"": ""most_fields"",\
                ""fields"": [\
                  ""address""\
                ],\
                ""analyzer"": ""dhi_term_analyzer"",\
                ""boost"": 2\
              }\
            }\
          ]\
        }\
      }\
    },\
    {\
      ""queryDHI"": {\
        ""bool"": {\
          ""must"": [\
            {\
              ""multi_match"": {\
                ""query"": ""SEARCH_NAME"",\
                ""fields"": [\
                  ""name""\
                ],\
                ""type"": ""phrase"",\
                ""analyzer"": ""dhi_term_analyzer"",\
                ""boost"": 2\
              }\
            },\
            {\
              ""multi_match"": {\
                ""query"": ""SEARCH_ADDRESS"",\
                ""type"": ""most_fields"",\
                ""fields"": [\
                  ""address""\
                ],\
                ""analyzer"": ""dhi_term_analyzer"",\
                ""boost"": 10\
              }\
            }\
          ]\
        }\
      }\
    }\
  ]\
}","2022-06-20 10:38:29","14","2022-06-23 15:40:25","1","18","2"
"118","CBBDSD","20","Bandenallasandra","cb3273@unionbankofindia.com","9738937563","Bandenallasandra","1558","17","101","","","29AAACU0564G2ZC","","AAACU0564G",\N,"UDYAM-KR-03-0106234",\N,\N,\N,\N,"2022-07-13 16:02:53","21",\N,\N,"20","20","UBI","Union Bank of India","UBI@UBI.com","9999999999","Bangalore-560001","{\
  ""nameSearchQueries"": [\
    {\
      ""queryDHI"": {\
        ""multi_match"": {\
          ""query"": ""SEARCH_NAME"",\
          ""fields"": [\
            ""name""\
          ],\
          ""type"": ""phrase"",\
          ""analyzer"": ""dhi_term_analyzer"",\
          ""boost"": 10\
        }\
      }\
    }\
  ],\
  ""addressSearchQueries"": [\
    {\
      ""queryDHI"": {\
        ""match"": {\
          ""address"": {\
            ""query"": ""SEARCH_ADDRESS"",\
            ""analyzer"": ""dhi_term_analyzer""\
          }\
        }\
      }\
    }\
  ],\
  ""nameAddressQueries"": [\
    {\
      ""queryDHI"": {\
        ""bool"": {\
          ""must"": [\
            {\
              ""multi_match"": {\
                ""query"": ""SEARCH_NAME"",\
                ""fields"": [\
                  ""name""\
                ],\
                ""type"": ""phrase"",\
                ""analyzer"": ""dhi_term_analyzer"",\
                ""boost"": 10\
              }\
            },\
            {\
              ""multi_match"": {\
                ""query"": ""SEARCH_ADDRESS"",\
                ""type"": ""most_fields"",\
                ""fields"": [\
                  ""address""\
                ],\
                ""analyzer"": ""dhi_term_analyzer"",\
                ""boost"": 2\
              }\
            }\
          ]\
        }\
      }\
    },\
    {\
      ""queryDHI"": {\
        ""bool"": {\
          ""must"": [\
            {\
              ""multi_match"": {\
                ""query"": ""SEARCH_NAME"",\
                ""fields"": [\
                  ""name""\
                ],\
                ""type"": ""phrase"",\
                ""analyzer"": ""dhi_term_analyzer"",\
                ""boost"": 2\
              }\
            },\
            {\
              ""multi_match"": {\
                ""query"": ""SEARCH_ADDRESS"",\
                ""type"": ""most_fields"",\
                ""fields"": [\
                  ""address""\
                ],\
                ""analyzer"": ""dhi_term_analyzer"",\
                ""boost"": 10\
              }\
            }\
          ]\
        }\
      }\
    }\
  ]\
}","2022-06-20 10:38:29","14","2022-06-23 15:40:25","1","18","2"
"119","CBBSGD","20","Basavanagudi","cb0069@unionbankofindia.com","99016 47924","Basavanagudi","1558","17","101","","","29AAACU0564G2ZC","","AAACU0564G",\N,"UDYAM-KR-03-0106234",\N,\N,\N,\N,"2022-07-13 16:02:53","21",\N,\N,"20","20","UBI","Union Bank of India","UBI@UBI.com","9999999999","Bangalore-560001","{\
  ""nameSearchQueries"": [\
    {\
      ""queryDHI"": {\
        ""multi_match"": {\
          ""query"": ""SEARCH_NAME"",\
          ""fields"": [\
            ""name""\
          ],\
          ""type"": ""phrase"",\
          ""analyzer"": ""dhi_term_analyzer"",\
          ""boost"": 10\
        }\
      }\
    }\
  ],\
  ""addressSearchQueries"": [\
    {\
      ""queryDHI"": {\
        ""match"": {\
          ""address"": {\
            ""query"": ""SEARCH_ADDRESS"",\
            ""analyzer"": ""dhi_term_analyzer""\
          }\
        }\
      }\
    }\
  ],\
  ""nameAddressQueries"": [\
    {\
      ""queryDHI"": {\
        ""bool"": {\
          ""must"": [\
            {\
              ""multi_match"": {\
                ""query"": ""SEARCH_NAME"",\
                ""fields"": [\
                  ""name""\
                ],\
                ""type"": ""phrase"",\
                ""analyzer"": ""dhi_term_analyzer"",\
                ""boost"": 10\
              }\
            },\
            {\
              ""multi_match"": {\
                ""query"": ""SEARCH_ADDRESS"",\
                ""type"": ""most_fields"",\
                ""fields"": [\
                  ""address""\
                ],\
                ""analyzer"": ""dhi_term_analyzer"",\
                ""boost"": 2\
              }\
            }\
          ]\
        }\
      }\
    },\
    {\
      ""queryDHI"": {\
        ""bool"": {\
          ""must"": [\
            {\
              ""multi_match"": {\
                ""query"": ""SEARCH_NAME"",\
                ""fields"": [\
                  ""name""\
                ],\
                ""type"": ""phrase"",\
                ""analyzer"": ""dhi_term_analyzer"",\
                ""boost"": 2\
              }\
            },\
            {\
              ""multi_match"": {\
                ""query"": ""SEARCH_ADDRESS"",\
                ""type"": ""most_fields"",\
                ""fields"": [\
                  ""address""\
                ],\
                ""analyzer"": ""dhi_term_analyzer"",\
                ""boost"": 10\
              }\
            }\
          ]\
        }\
      }\
    }\
  ]\
}","2022-06-20 10:38:29","14","2022-06-23 15:40:25","1","18","2"
"120","CBBSNR","20","Basaveshwara Nagar","cb0604@corpbank.co.in","9731244525","Basaveshwara Nagar","1558","17","101","","","29AAACU0564G2ZC","","AAACU0564G",\N,"UDYAM-KR-03-0106234",\N,\N,\N,\N,"2022-07-13 16:02:53","21",\N,\N,"20","20","UBI","Union Bank of India","UBI@UBI.com","9999999999","Bangalore-560001","{\
  ""nameSearchQueries"": [\
    {\
      ""queryDHI"": {\
        ""multi_match"": {\
          ""query"": ""SEARCH_NAME"",\
          ""fields"": [\
            ""name""\
          ],\
          ""type"": ""phrase"",\
          ""analyzer"": ""dhi_term_analyzer"",\
          ""boost"": 10\
        }\
      }\
    }\
  ],\
  ""addressSearchQueries"": [\
    {\
      ""queryDHI"": {\
        ""match"": {\
          ""address"": {\
            ""query"": ""SEARCH_ADDRESS"",\
            ""analyzer"": ""dhi_term_analyzer""\
          }\
        }\
      }\
    }\
  ],\
  ""nameAddressQueries"": [\
    {\
      ""queryDHI"": {\
        ""bool"": {\
          ""must"": [\
            {\
              ""multi_match"": {\
                ""query"": ""SEARCH_NAME"",\
                ""fields"": [\
                  ""name""\
                ],\
                ""type"": ""phrase"",\
                ""analyzer"": ""dhi_term_analyzer"",\
                ""boost"": 10\
              }\
            },\
            {\
              ""multi_match"": {\
                ""query"": ""SEARCH_ADDRESS"",\
                ""type"": ""most_fields"",\
                ""fields"": [\
                  ""address""\
                ],\
                ""analyzer"": ""dhi_term_analyzer"",\
                ""boost"": 2\
              }\
            }\
          ]\
        }\
      }\
    },\
    {\
      ""queryDHI"": {\
        ""bool"": {\
          ""must"": [\
            {\
              ""multi_match"": {\
                ""query"": ""SEARCH_NAME"",\
                ""fields"": [\
                  ""name""\
                ],\
                ""type"": ""phrase"",\
                ""analyzer"": ""dhi_term_analyzer"",\
                ""boost"": 2\
              }\
            },\
            {\
              ""multi_match"": {\
                ""query"": ""SEARCH_ADDRESS"",\
                ""type"": ""most_fields"",\
                ""fields"": [\
                  ""address""\
                ],\
                ""analyzer"": ""dhi_term_analyzer"",\
                ""boost"": 10\
              }\
            }\
          ]\
        }\
      }\
    }\
  ]\
}","2022-06-20 10:38:29","14","2022-06-23 15:40:25","1","18","2"
"121","CBBIDI","20","Bidadi","cb0909@unionbankofindia.co.in","97184 13851","Bidadi","1558","17","101","","","29AAACU0564G2ZC","","AAACU0564G",\N,"UDYAM-KR-03-0106234",\N,\N,\N,\N,"2022-07-13 16:02:53","21",\N,\N,"20","20","UBI","Union Bank of India","UBI@UBI.com","9999999999","Bangalore-560001","{\
  ""nameSearchQueries"": [\
    {\
      ""queryDHI"": {\
        ""multi_match"": {\
          ""query"": ""SEARCH_NAME"",\
          ""fields"": [\
            ""name""\
          ],\
          ""type"": ""phrase"",\
          ""analyzer"": ""dhi_term_analyzer"",\
          ""boost"": 10\
        }\
      }\
    }\
  ],\
  ""addressSearchQueries"": [\
    {\
      ""queryDHI"": {\
        ""match"": {\
          ""address"": {\
            ""query"": ""SEARCH_ADDRESS"",\
            ""analyzer"": ""dhi_term_analyzer""\
          }\
        }\
      }\
    }\
  ],\
  ""nameAddressQueries"": [\
    {\
      ""queryDHI"": {\
        ""bool"": {\
          ""must"": [\
            {\
              ""multi_match"": {\
                ""query"": ""SEARCH_NAME"",\
                ""fields"": [\
                  ""name""\
                ],\
                ""type"": ""phrase"",\
                ""analyzer"": ""dhi_term_analyzer"",\
                ""boost"": 10\
              }\
            },\
            {\
              ""multi_match"": {\
                ""query"": ""SEARCH_ADDRESS"",\
                ""type"": ""most_fields"",\
                ""fields"": [\
                  ""address""\
                ],\
                ""analyzer"": ""dhi_term_analyzer"",\
                ""boost"": 2\
              }\
            }\
          ]\
        }\
      }\
    },\
    {\
      ""queryDHI"": {\
        ""bool"": {\
          ""must"": [\
            {\
              ""multi_match"": {\
                ""query"": ""SEARCH_NAME"",\
                ""fields"": [\
                  ""name""\
                ],\
                ""type"": ""phrase"",\
                ""analyzer"": ""dhi_term_analyzer"",\
                ""boost"": 2\
              }\
            },\
            {\
              ""multi_match"": {\
                ""query"": ""SEARCH_ADDRESS"",\
                ""type"": ""most_fields"",\
                ""fields"": [\
                  ""address""\
                ],\
                ""analyzer"": ""dhi_term_analyzer"",\
                ""boost"": 10\
              }\
            }\
          ]\
        }\
      }\
    }\
  ]\
}","2022-06-20 10:38:29","14","2022-06-23 15:40:25","1","18","2"
"122","CBBOMM","20","Bommasandra","cb1374@corpbank.co.in","91294 86025","Bommasandra","1558","17","101","","","29AAACU0564G2ZC","","AAACU0564G",\N,"UDYAM-KR-03-0106234",\N,\N,\N,\N,"2022-07-13 16:02:53","21",\N,\N,"20","20","UBI","Union Bank of India","UBI@UBI.com","9999999999","Bangalore-560001","{\
  ""nameSearchQueries"": [\
    {\
      ""queryDHI"": {\
        ""multi_match"": {\
          ""query"": ""SEARCH_NAME"",\
          ""fields"": [\
            ""name""\
          ],\
          ""type"": ""phrase"",\
          ""analyzer"": ""dhi_term_analyzer"",\
          ""boost"": 10\
        }\
      }\
    }\
  ],\
  ""addressSearchQueries"": [\
    {\
      ""queryDHI"": {\
        ""match"": {\
          ""address"": {\
            ""query"": ""SEARCH_ADDRESS"",\
            ""analyzer"": ""dhi_term_analyzer""\
          }\
        }\
      }\
    }\
  ],\
  ""nameAddressQueries"": [\
    {\
      ""queryDHI"": {\
        ""bool"": {\
          ""must"": [\
            {\
              ""multi_match"": {\
                ""query"": ""SEARCH_NAME"",\
                ""fields"": [\
                  ""name""\
                ],\
                ""type"": ""phrase"",\
                ""analyzer"": ""dhi_term_analyzer"",\
                ""boost"": 10\
              }\
            },\
            {\
              ""multi_match"": {\
                ""query"": ""SEARCH_ADDRESS"",\
                ""type"": ""most_fields"",\
                ""fields"": [\
                  ""address""\
                ],\
                ""analyzer"": ""dhi_term_analyzer"",\
                ""boost"": 2\
              }\
            }\
          ]\
        }\
      }\
    },\
    {\
      ""queryDHI"": {\
        ""bool"": {\
          ""must"": [\
            {\
              ""multi_match"": {\
                ""query"": ""SEARCH_NAME"",\
                ""fields"": [\
                  ""name""\
                ],\
                ""type"": ""phrase"",\
                ""analyzer"": ""dhi_term_analyzer"",\
                ""boost"": 2\
              }\
            },\
            {\
              ""multi_match"": {\
                ""query"": ""SEARCH_ADDRESS"",\
                ""type"": ""most_fields"",\
                ""fields"": [\
                  ""address""\
                ],\
                ""analyzer"": ""dhi_term_analyzer"",\
                ""boost"": 10\
              }\
            }\
          ]\
        }\
      }\
    }\
  ]\
}","2022-06-20 10:38:29","14","2022-06-23 15:40:25","1","18","2"
"123","CBBTM","20","BTM Layout","cb800@unionbankofindia.com","97407 18797","BTM Layout","1558","17","101","","","29AAACU0564G2ZC","","AAACU0564G",\N,"UDYAM-KR-03-0106234",\N,\N,\N,\N,"2022-07-13 16:02:53","21",\N,\N,"20","20","UBI","Union Bank of India","UBI@UBI.com","9999999999","Bangalore-560001","{\
  ""nameSearchQueries"": [\
    {\
      ""queryDHI"": {\
        ""multi_match"": {\
          ""query"": ""SEARCH_NAME"",\
          ""fields"": [\
            ""name""\
          ],\
          ""type"": ""phrase"",\
          ""analyzer"": ""dhi_term_analyzer"",\
          ""boost"": 10\
        }\
      }\
    }\
  ],\
  ""addressSearchQueries"": [\
    {\
      ""queryDHI"": {\
        ""match"": {\
          ""address"": {\
            ""query"": ""SEARCH_ADDRESS"",\
            ""analyzer"": ""dhi_term_analyzer""\
          }\
        }\
      }\
    }\
  ],\
  ""nameAddressQueries"": [\
    {\
      ""queryDHI"": {\
        ""bool"": {\
          ""must"": [\
            {\
              ""multi_match"": {\
                ""query"": ""SEARCH_NAME"",\
                ""fields"": [\
                  ""name""\
                ],\
                ""type"": ""phrase"",\
                ""analyzer"": ""dhi_term_analyzer"",\
                ""boost"": 10\
              }\
            },\
            {\
              ""multi_match"": {\
                ""query"": ""SEARCH_ADDRESS"",\
                ""type"": ""most_fields"",\
                ""fields"": [\
                  ""address""\
                ],\
                ""analyzer"": ""dhi_term_analyzer"",\
                ""boost"": 2\
              }\
            }\
          ]\
        }\
      }\
    },\
    {\
      ""queryDHI"": {\
        ""bool"": {\
          ""must"": [\
            {\
              ""multi_match"": {\
                ""query"": ""SEARCH_NAME"",\
                ""fields"": [\
                  ""name""\
                ],\
                ""type"": ""phrase"",\
                ""analyzer"": ""dhi_term_analyzer"",\
                ""boost"": 2\
              }\
            },\
            {\
              ""multi_match"": {\
                ""query"": ""SEARCH_ADDRESS"",\
                ""type"": ""most_fields"",\
                ""fields"": [\
                  ""address""\
                ],\
                ""analyzer"": ""dhi_term_analyzer"",\
                ""boost"": 10\
              }\
            }\
          ]\
        }\
      }\
    }\
  ]\
}","2022-06-20 10:38:29","14","2022-06-23 15:40:25","1","18","2"
"124","CBCHPR","20","Chandapura","cb1164@unionbankofindia.com","9632176793","Chandapura","1558","17","101","","","29AAACU0564G2ZC","","AAACU0564G",\N,"UDYAM-KR-03-0106234",\N,\N,\N,\N,"2022-07-13 16:02:53","21",\N,\N,"20","20","UBI","Union Bank of India","UBI@UBI.com","9999999999","Bangalore-560001","{\
  ""nameSearchQueries"": [\
    {\
      ""queryDHI"": {\
        ""multi_match"": {\
          ""query"": ""SEARCH_NAME"",\
          ""fields"": [\
            ""name""\
          ],\
          ""type"": ""phrase"",\
          ""analyzer"": ""dhi_term_analyzer"",\
          ""boost"": 10\
        }\
      }\
    }\
  ],\
  ""addressSearchQueries"": [\
    {\
      ""queryDHI"": {\
        ""match"": {\
          ""address"": {\
            ""query"": ""SEARCH_ADDRESS"",\
            ""analyzer"": ""dhi_term_analyzer""\
          }\
        }\
      }\
    }\
  ],\
  ""nameAddressQueries"": [\
    {\
      ""queryDHI"": {\
        ""bool"": {\
          ""must"": [\
            {\
              ""multi_match"": {\
                ""query"": ""SEARCH_NAME"",\
                ""fields"": [\
                  ""name""\
                ],\
                ""type"": ""phrase"",\
                ""analyzer"": ""dhi_term_analyzer"",\
                ""boost"": 10\
              }\
            },\
            {\
              ""multi_match"": {\
                ""query"": ""SEARCH_ADDRESS"",\
                ""type"": ""most_fields"",\
                ""fields"": [\
                  ""address""\
                ],\
                ""analyzer"": ""dhi_term_analyzer"",\
                ""boost"": 2\
              }\
            }\
          ]\
        }\
      }\
    },\
    {\
      ""queryDHI"": {\
        ""bool"": {\
          ""must"": [\
            {\
              ""multi_match"": {\
                ""query"": ""SEARCH_NAME"",\
                ""fields"": [\
                  ""name""\
                ],\
                ""type"": ""phrase"",\
                ""analyzer"": ""dhi_term_analyzer"",\
                ""boost"": 2\
              }\
            },\
            {\
              ""multi_match"": {\
                ""query"": ""SEARCH_ADDRESS"",\
                ""type"": ""most_fields"",\
                ""fields"": [\
                  ""address""\
                ],\
                ""analyzer"": ""dhi_term_analyzer"",\
                ""boost"": 10\
              }\
            }\
          ]\
        }\
      }\
    }\
  ]\
}","2022-06-20 10:38:29","14","2022-06-23 15:40:25","1","18","2"
"125","CBCDLT","20","Chandralayout","cb3384@unionbankofindia.com","99166 44784","Chandralayout","1558","17","101","","","29AAACU0564G2ZC","","AAACU0564G",\N,"UDYAM-KR-03-0106234",\N,\N,\N,\N,"2022-07-13 16:02:53","21",\N,\N,"20","20","UBI","Union Bank of India","UBI@UBI.com","9999999999","Bangalore-560001","{\
  ""nameSearchQueries"": [\
    {\
      ""queryDHI"": {\
        ""multi_match"": {\
          ""query"": ""SEARCH_NAME"",\
          ""fields"": [\
            ""name""\
          ],\
          ""type"": ""phrase"",\
          ""analyzer"": ""dhi_term_analyzer"",\
          ""boost"": 10\
        }\
      }\
    }\
  ],\
  ""addressSearchQueries"": [\
    {\
      ""queryDHI"": {\
        ""match"": {\
          ""address"": {\
            ""query"": ""SEARCH_ADDRESS"",\
            ""analyzer"": ""dhi_term_analyzer""\
          }\
        }\
      }\
    }\
  ],\
  ""nameAddressQueries"": [\
    {\
      ""queryDHI"": {\
        ""bool"": {\
          ""must"": [\
            {\
              ""multi_match"": {\
                ""query"": ""SEARCH_NAME"",\
                ""fields"": [\
                  ""name""\
                ],\
                ""type"": ""phrase"",\
                ""analyzer"": ""dhi_term_analyzer"",\
                ""boost"": 10\
              }\
            },\
            {\
              ""multi_match"": {\
                ""query"": ""SEARCH_ADDRESS"",\
                ""type"": ""most_fields"",\
                ""fields"": [\
                  ""address""\
                ],\
                ""analyzer"": ""dhi_term_analyzer"",\
                ""boost"": 2\
              }\
            }\
          ]\
        }\
      }\
    },\
    {\
      ""queryDHI"": {\
        ""bool"": {\
          ""must"": [\
            {\
              ""multi_match"": {\
                ""query"": ""SEARCH_NAME"",\
                ""fields"": [\
                  ""name""\
                ],\
                ""type"": ""phrase"",\
                ""analyzer"": ""dhi_term_analyzer"",\
                ""boost"": 2\
              }\
            },\
            {\
              ""multi_match"": {\
                ""query"": ""SEARCH_ADDRESS"",\
                ""type"": ""most_fields"",\
                ""fields"": [\
                  ""address""\
                ],\
                ""analyzer"": ""dhi_term_analyzer"",\
                ""boost"": 10\
              }\
            }\
          ]\
        }\
      }\
    }\
  ]\
}","2022-06-20 10:38:29","14","2022-06-23 15:40:25","1","18","2"
"126","CBCKBR","20","Chikkabanavara","cb2147@unionbankofindia.com","8861459992","Chikkabanavara","1558","17","101","","","29AAACU0564G2ZC","","AAACU0564G",\N,"UDYAM-KR-03-0106234",\N,\N,\N,\N,"2022-07-13 16:02:53","21",\N,\N,"20","20","UBI","Union Bank of India","UBI@UBI.com","9999999999","Bangalore-560001","{\
  ""nameSearchQueries"": [\
    {\
      ""queryDHI"": {\
        ""multi_match"": {\
          ""query"": ""SEARCH_NAME"",\
          ""fields"": [\
            ""name""\
          ],\
          ""type"": ""phrase"",\
          ""analyzer"": ""dhi_term_analyzer"",\
          ""boost"": 10\
        }\
      }\
    }\
  ],\
  ""addressSearchQueries"": [\
    {\
      ""queryDHI"": {\
        ""match"": {\
          ""address"": {\
            ""query"": ""SEARCH_ADDRESS"",\
            ""analyzer"": ""dhi_term_analyzer""\
          }\
        }\
      }\
    }\
  ],\
  ""nameAddressQueries"": [\
    {\
      ""queryDHI"": {\
        ""bool"": {\
          ""must"": [\
            {\
              ""multi_match"": {\
                ""query"": ""SEARCH_NAME"",\
                ""fields"": [\
                  ""name""\
                ],\
                ""type"": ""phrase"",\
                ""analyzer"": ""dhi_term_analyzer"",\
                ""boost"": 10\
              }\
            },\
            {\
              ""multi_match"": {\
                ""query"": ""SEARCH_ADDRESS"",\
                ""type"": ""most_fields"",\
                ""fields"": [\
                  ""address""\
                ],\
                ""analyzer"": ""dhi_term_analyzer"",\
                ""boost"": 2\
              }\
            }\
          ]\
        }\
      }\
    },\
    {\
      ""queryDHI"": {\
        ""bool"": {\
          ""must"": [\
            {\
              ""multi_match"": {\
                ""query"": ""SEARCH_NAME"",\
                ""fields"": [\
                  ""name""\
                ],\
                ""type"": ""phrase"",\
                ""analyzer"": ""dhi_term_analyzer"",\
                ""boost"": 2\
              }\
            },\
            {\
              ""multi_match"": {\
                ""query"": ""SEARCH_ADDRESS"",\
                ""type"": ""most_fields"",\
                ""fields"": [\
                  ""address""\
                ],\
                ""analyzer"": ""dhi_term_analyzer"",\
                ""boost"": 10\
              }\
            }\
          ]\
        }\
      }\
    }\
  ]\
}","2022-06-20 10:38:29","14","2022-06-23 15:40:25","1","18","2"
"127","CBCOFF","20","Coffe Board Layout","cb0797@unionbankofindia.com","98801 90623","Coffe Board Layout","1558","17","101","","","29AAACU0564G2ZC","","AAACU0564G",\N,"UDYAM-KR-03-0106234",\N,\N,\N,\N,"2022-07-13 16:02:53","21",\N,\N,"20","20","UBI","Union Bank of India","UBI@UBI.com","9999999999","Bangalore-560001","{\
  ""nameSearchQueries"": [\
    {\
      ""queryDHI"": {\
        ""multi_match"": {\
          ""query"": ""SEARCH_NAME"",\
          ""fields"": [\
            ""name""\
          ],\
          ""type"": ""phrase"",\
          ""analyzer"": ""dhi_term_analyzer"",\
          ""boost"": 10\
        }\
      }\
    }\
  ],\
  ""addressSearchQueries"": [\
    {\
      ""queryDHI"": {\
        ""match"": {\
          ""address"": {\
            ""query"": ""SEARCH_ADDRESS"",\
            ""analyzer"": ""dhi_term_analyzer""\
          }\
        }\
      }\
    }\
  ],\
  ""nameAddressQueries"": [\
    {\
      ""queryDHI"": {\
        ""bool"": {\
          ""must"": [\
            {\
              ""multi_match"": {\
                ""query"": ""SEARCH_NAME"",\
                ""fields"": [\
                  ""name""\
                ],\
                ""type"": ""phrase"",\
                ""analyzer"": ""dhi_term_analyzer"",\
                ""boost"": 10\
              }\
            },\
            {\
              ""multi_match"": {\
                ""query"": ""SEARCH_ADDRESS"",\
                ""type"": ""most_fields"",\
                ""fields"": [\
                  ""address""\
                ],\
                ""analyzer"": ""dhi_term_analyzer"",\
                ""boost"": 2\
              }\
            }\
          ]\
        }\
      }\
    },\
    {\
      ""queryDHI"": {\
        ""bool"": {\
          ""must"": [\
            {\
              ""multi_match"": {\
                ""query"": ""SEARCH_NAME"",\
                ""fields"": [\
                  ""name""\
                ],\
                ""type"": ""phrase"",\
                ""analyzer"": ""dhi_term_analyzer"",\
                ""boost"": 2\
              }\
            },\
            {\
              ""multi_match"": {\
                ""query"": ""SEARCH_ADDRESS"",\
                ""type"": ""most_fields"",\
                ""fields"": [\
                  ""address""\
                ],\
                ""analyzer"": ""dhi_term_analyzer"",\
                ""boost"": 10\
              }\
            }\
          ]\
        }\
      }\
    }\
  ]\
}","2022-06-20 10:38:29","14","2022-06-23 15:40:25","1","18","2"
"128","CBCOTTN","20","Cottonpet Micro Finance","cb1270@corpbank.co.in","94946 89995","Cottonpet Micro Finance","1558","17","101","","","29AAACU0564G2ZC","","AAACU0564G",\N,"UDYAM-KR-03-0106234",\N,\N,\N,\N,"2022-07-13 16:02:53","21",\N,\N,"20","20","UBI","Union Bank of India","UBI@UBI.com","9999999999","Bangalore-560001","{\
  ""nameSearchQueries"": [\
    {\
      ""queryDHI"": {\
        ""multi_match"": {\
          ""query"": ""SEARCH_NAME"",\
          ""fields"": [\
            ""name""\
          ],\
          ""type"": ""phrase"",\
          ""analyzer"": ""dhi_term_analyzer"",\
          ""boost"": 10\
        }\
      }\
    }\
  ],\
  ""addressSearchQueries"": [\
    {\
      ""queryDHI"": {\
        ""match"": {\
          ""address"": {\
            ""query"": ""SEARCH_ADDRESS"",\
            ""analyzer"": ""dhi_term_analyzer""\
          }\
        }\
      }\
    }\
  ],\
  ""nameAddressQueries"": [\
    {\
      ""queryDHI"": {\
        ""bool"": {\
          ""must"": [\
            {\
              ""multi_match"": {\
                ""query"": ""SEARCH_NAME"",\
                ""fields"": [\
                  ""name""\
                ],\
                ""type"": ""phrase"",\
                ""analyzer"": ""dhi_term_analyzer"",\
                ""boost"": 10\
              }\
            },\
            {\
              ""multi_match"": {\
                ""query"": ""SEARCH_ADDRESS"",\
                ""type"": ""most_fields"",\
                ""fields"": [\
                  ""address""\
                ],\
                ""analyzer"": ""dhi_term_analyzer"",\
                ""boost"": 2\
              }\
            }\
          ]\
        }\
      }\
    },\
    {\
      ""queryDHI"": {\
        ""bool"": {\
          ""must"": [\
            {\
              ""multi_match"": {\
                ""query"": ""SEARCH_NAME"",\
                ""fields"": [\
                  ""name""\
                ],\
                ""type"": ""phrase"",\
                ""analyzer"": ""dhi_term_analyzer"",\
                ""boost"": 2\
              }\
            },\
            {\
              ""multi_match"": {\
                ""query"": ""SEARCH_ADDRESS"",\
                ""type"": ""most_fields"",\
                ""fields"": [\
                  ""address""\
                ],\
                ""analyzer"": ""dhi_term_analyzer"",\
                ""boost"": 10\
              }\
            }\
          ]\
        }\
      }\
    }\
  ]\
}","2022-06-20 10:38:29","14","2022-06-23 15:40:25","1","18","2"
"129","CBDIAM","20","Diamond District","cb0811@corpbank.co.in","88862 32061","Diamond District","1558","17","101","","","29AAACU0564G2ZC","","AAACU0564G",\N,"UDYAM-KR-03-0106234",\N,\N,\N,\N,"2022-07-13 16:02:53","21",\N,\N,"20","20","UBI","Union Bank of India","UBI@UBI.com","9999999999","Bangalore-560001","{\
  ""nameSearchQueries"": [\
    {\
      ""queryDHI"": {\
        ""multi_match"": {\
          ""query"": ""SEARCH_NAME"",\
          ""fields"": [\
            ""name""\
          ],\
          ""type"": ""phrase"",\
          ""analyzer"": ""dhi_term_analyzer"",\
          ""boost"": 10\
        }\
      }\
    }\
  ],\
  ""addressSearchQueries"": [\
    {\
      ""queryDHI"": {\
        ""match"": {\
          ""address"": {\
            ""query"": ""SEARCH_ADDRESS"",\
            ""analyzer"": ""dhi_term_analyzer""\
          }\
        }\
      }\
    }\
  ],\
  ""nameAddressQueries"": [\
    {\
      ""queryDHI"": {\
        ""bool"": {\
          ""must"": [\
            {\
              ""multi_match"": {\
                ""query"": ""SEARCH_NAME"",\
                ""fields"": [\
                  ""name""\
                ],\
                ""type"": ""phrase"",\
                ""analyzer"": ""dhi_term_analyzer"",\
                ""boost"": 10\
              }\
            },\
            {\
              ""multi_match"": {\
                ""query"": ""SEARCH_ADDRESS"",\
                ""type"": ""most_fields"",\
                ""fields"": [\
                  ""address""\
                ],\
                ""analyzer"": ""dhi_term_analyzer"",\
                ""boost"": 2\
              }\
            }\
          ]\
        }\
      }\
    },\
    {\
      ""queryDHI"": {\
        ""bool"": {\
          ""must"": [\
            {\
              ""multi_match"": {\
                ""query"": ""SEARCH_NAME"",\
                ""fields"": [\
                  ""name""\
                ],\
                ""type"": ""phrase"",\
                ""analyzer"": ""dhi_term_analyzer"",\
                ""boost"": 2\
              }\
            },\
            {\
              ""multi_match"": {\
                ""query"": ""SEARCH_ADDRESS"",\
                ""type"": ""most_fields"",\
                ""fields"": [\
                  ""address""\
                ],\
                ""analyzer"": ""dhi_term_analyzer"",\
                ""boost"": 10\
              }\
            }\
          ]\
        }\
      }\
    }\
  ]\
}","2022-06-20 10:38:29","14","2022-06-23 15:40:25","1","18","2"
"130","CBDMLR","20","Domlur","cb0636@unionbankofindia.com","77319 72201","Domlur","1558","17","101","","","29AAACU0564G2ZC","","AAACU0564G",\N,"UDYAM-KR-03-0106234",\N,\N,\N,\N,"2022-07-13 16:02:53","21",\N,\N,"20","20","UBI","Union Bank of India","UBI@UBI.com","9999999999","Bangalore-560001","{\
  ""nameSearchQueries"": [\
    {\
      ""queryDHI"": {\
        ""multi_match"": {\
          ""query"": ""SEARCH_NAME"",\
          ""fields"": [\
            ""name""\
          ],\
          ""type"": ""phrase"",\
          ""analyzer"": ""dhi_term_analyzer"",\
          ""boost"": 10\
        }\
      }\
    }\
  ],\
  ""addressSearchQueries"": [\
    {\
      ""queryDHI"": {\
        ""match"": {\
          ""address"": {\
            ""query"": ""SEARCH_ADDRESS"",\
            ""analyzer"": ""dhi_term_analyzer""\
          }\
        }\
      }\
    }\
  ],\
  ""nameAddressQueries"": [\
    {\
      ""queryDHI"": {\
        ""bool"": {\
          ""must"": [\
            {\
              ""multi_match"": {\
                ""query"": ""SEARCH_NAME"",\
                ""fields"": [\
                  ""name""\
                ],\
                ""type"": ""phrase"",\
                ""analyzer"": ""dhi_term_analyzer"",\
                ""boost"": 10\
              }\
            },\
            {\
              ""multi_match"": {\
                ""query"": ""SEARCH_ADDRESS"",\
                ""type"": ""most_fields"",\
                ""fields"": [\
                  ""address""\
                ],\
                ""analyzer"": ""dhi_term_analyzer"",\
                ""boost"": 2\
              }\
            }\
          ]\
        }\
      }\
    },\
    {\
      ""queryDHI"": {\
        ""bool"": {\
          ""must"": [\
            {\
              ""multi_match"": {\
                ""query"": ""SEARCH_NAME"",\
                ""fields"": [\
                  ""name""\
                ],\
                ""type"": ""phrase"",\
                ""analyzer"": ""dhi_term_analyzer"",\
                ""boost"": 2\
              }\
            },\
            {\
              ""multi_match"": {\
                ""query"": ""SEARCH_ADDRESS"",\
                ""type"": ""most_fields"",\
                ""fields"": [\
                  ""address""\
                ],\
                ""analyzer"": ""dhi_term_analyzer"",\
                ""boost"": 10\
              }\
            }\
          ]\
        }\
      }\
    }\
  ]\
}","2022-06-20 10:38:29","14","2022-06-23 15:40:25","1","18","2"
"131","CBELEC","20","Electronic City","cb0837@unionbankofindia.com","96439 29692","Electronic City","1558","17","101","","","29AAACU0564G2ZC","","AAACU0564G",\N,"UDYAM-KR-03-0106234",\N,\N,\N,\N,"2022-07-13 16:02:53","21",\N,\N,"20","20","UBI","Union Bank of India","UBI@UBI.com","9999999999","Bangalore-560001","{\
  ""nameSearchQueries"": [\
    {\
      ""queryDHI"": {\
        ""multi_match"": {\
          ""query"": ""SEARCH_NAME"",\
          ""fields"": [\
            ""name""\
          ],\
          ""type"": ""phrase"",\
          ""analyzer"": ""dhi_term_analyzer"",\
          ""boost"": 10\
        }\
      }\
    }\
  ],\
  ""addressSearchQueries"": [\
    {\
      ""queryDHI"": {\
        ""match"": {\
          ""address"": {\
            ""query"": ""SEARCH_ADDRESS"",\
            ""analyzer"": ""dhi_term_analyzer""\
          }\
        }\
      }\
    }\
  ],\
  ""nameAddressQueries"": [\
    {\
      ""queryDHI"": {\
        ""bool"": {\
          ""must"": [\
            {\
              ""multi_match"": {\
                ""query"": ""SEARCH_NAME"",\
                ""fields"": [\
                  ""name""\
                ],\
                ""type"": ""phrase"",\
                ""analyzer"": ""dhi_term_analyzer"",\
                ""boost"": 10\
              }\
            },\
            {\
              ""multi_match"": {\
                ""query"": ""SEARCH_ADDRESS"",\
                ""type"": ""most_fields"",\
                ""fields"": [\
                  ""address""\
                ],\
                ""analyzer"": ""dhi_term_analyzer"",\
                ""boost"": 2\
              }\
            }\
          ]\
        }\
      }\
    },\
    {\
      ""queryDHI"": {\
        ""bool"": {\
          ""must"": [\
            {\
              ""multi_match"": {\
                ""query"": ""SEARCH_NAME"",\
                ""fields"": [\
                  ""name""\
                ],\
                ""type"": ""phrase"",\
                ""analyzer"": ""dhi_term_analyzer"",\
                ""boost"": 2\
              }\
            },\
            {\
              ""multi_match"": {\
                ""query"": ""SEARCH_ADDRESS"",\
                ""type"": ""most_fields"",\
                ""fields"": [\
                  ""address""\
                ],\
                ""analyzer"": ""dhi_term_analyzer"",\
                ""boost"": 10\
              }\
            }\
          ]\
        }\
      }\
    }\
  ]\
}","2022-06-20 10:38:29","14","2022-06-23 15:40:25","1","18","2"
"132","CBFZTN","20","Frazor Town","cb0879@corpbank.co.in","97168 15155","Frazor Town","1558","17","101","","","29AAACU0564G2ZC","","AAACU0564G",\N,"UDYAM-KR-03-0106234",\N,\N,\N,\N,"2022-07-13 16:02:53","21",\N,\N,"20","20","UBI","Union Bank of India","UBI@UBI.com","9999999999","Bangalore-560001","{\
  ""nameSearchQueries"": [\
    {\
      ""queryDHI"": {\
        ""multi_match"": {\
          ""query"": ""SEARCH_NAME"",\
          ""fields"": [\
            ""name""\
          ],\
          ""type"": ""phrase"",\
          ""analyzer"": ""dhi_term_analyzer"",\
          ""boost"": 10\
        }\
      }\
    }\
  ],\
  ""addressSearchQueries"": [\
    {\
      ""queryDHI"": {\
        ""match"": {\
          ""address"": {\
            ""query"": ""SEARCH_ADDRESS"",\
            ""analyzer"": ""dhi_term_analyzer""\
          }\
        }\
      }\
    }\
  ],\
  ""nameAddressQueries"": [\
    {\
      ""queryDHI"": {\
        ""bool"": {\
          ""must"": [\
            {\
              ""multi_match"": {\
                ""query"": ""SEARCH_NAME"",\
                ""fields"": [\
                  ""name""\
                ],\
                ""type"": ""phrase"",\
                ""analyzer"": ""dhi_term_analyzer"",\
                ""boost"": 10\
              }\
            },\
            {\
              ""multi_match"": {\
                ""query"": ""SEARCH_ADDRESS"",\
                ""type"": ""most_fields"",\
                ""fields"": [\
                  ""address""\
                ],\
                ""analyzer"": ""dhi_term_analyzer"",\
                ""boost"": 2\
              }\
            }\
          ]\
        }\
      }\
    },\
    {\
      ""queryDHI"": {\
        ""bool"": {\
          ""must"": [\
            {\
              ""multi_match"": {\
                ""query"": ""SEARCH_NAME"",\
                ""fields"": [\
                  ""name""\
                ],\
                ""type"": ""phrase"",\
                ""analyzer"": ""dhi_term_analyzer"",\
                ""boost"": 2\
              }\
            },\
            {\
              ""multi_match"": {\
                ""query"": ""SEARCH_ADDRESS"",\
                ""type"": ""most_fields"",\
                ""fields"": [\
                  ""address""\
                ],\
                ""analyzer"": ""dhi_term_analyzer"",\
                ""boost"": 10\
              }\
            }\
          ]\
        }\
      }\
    }\
  ]\
}","2022-06-20 10:38:29","14","2022-06-23 15:40:25","1","18","2"
"133","CBGDNR","20","Gandhinagar","cb0022@unionbankofindia.com","99633 96912","Gandhinagar","1558","17","101","","","29AAACU0564G2ZC","","AAACU0564G",\N,"UDYAM-KR-03-0106234",\N,\N,\N,\N,"2022-07-13 16:02:53","21",\N,\N,"20","20","UBI","Union Bank of India","UBI@UBI.com","9999999999","Bangalore-560001","{\
  ""nameSearchQueries"": [\
    {\
      ""queryDHI"": {\
        ""multi_match"": {\
          ""query"": ""SEARCH_NAME"",\
          ""fields"": [\
            ""name""\
          ],\
          ""type"": ""phrase"",\
          ""analyzer"": ""dhi_term_analyzer"",\
          ""boost"": 10\
        }\
      }\
    }\
  ],\
  ""addressSearchQueries"": [\
    {\
      ""queryDHI"": {\
        ""match"": {\
          ""address"": {\
            ""query"": ""SEARCH_ADDRESS"",\
            ""analyzer"": ""dhi_term_analyzer""\
          }\
        }\
      }\
    }\
  ],\
  ""nameAddressQueries"": [\
    {\
      ""queryDHI"": {\
        ""bool"": {\
          ""must"": [\
            {\
              ""multi_match"": {\
                ""query"": ""SEARCH_NAME"",\
                ""fields"": [\
                  ""name""\
                ],\
                ""type"": ""phrase"",\
                ""analyzer"": ""dhi_term_analyzer"",\
                ""boost"": 10\
              }\
            },\
            {\
              ""multi_match"": {\
                ""query"": ""SEARCH_ADDRESS"",\
                ""type"": ""most_fields"",\
                ""fields"": [\
                  ""address""\
                ],\
                ""analyzer"": ""dhi_term_analyzer"",\
                ""boost"": 2\
              }\
            }\
          ]\
        }\
      }\
    },\
    {\
      ""queryDHI"": {\
        ""bool"": {\
          ""must"": [\
            {\
              ""multi_match"": {\
                ""query"": ""SEARCH_NAME"",\
                ""fields"": [\
                  ""name""\
                ],\
                ""type"": ""phrase"",\
                ""analyzer"": ""dhi_term_analyzer"",\
                ""boost"": 2\
              }\
            },\
            {\
              ""multi_match"": {\
                ""query"": ""SEARCH_ADDRESS"",\
                ""type"": ""most_fields"",\
                ""fields"": [\
                  ""address""\
                ],\
                ""analyzer"": ""dhi_term_analyzer"",\
                ""boost"": 10\
              }\
            }\
          ]\
        }\
      }\
    }\
  ]\
}","2022-06-20 10:38:29","14","2022-06-23 15:40:25","1","18","2"
"134","CBGGNR","20","Ganganagar","cb0765@unionbankofindia.com"," 96637 11255","Ganganagar","1558","17","101","","","29AAACU0564G2ZC","","AAACU0564G",\N,"UDYAM-KR-03-0106234",\N,\N,\N,\N,"2022-07-13 16:02:53","21",\N,\N,"20","20","UBI","Union Bank of India","UBI@UBI.com","9999999999","Bangalore-560001","{\
  ""nameSearchQueries"": [\
    {\
      ""queryDHI"": {\
        ""multi_match"": {\
          ""query"": ""SEARCH_NAME"",\
          ""fields"": [\
            ""name""\
          ],\
          ""type"": ""phrase"",\
          ""analyzer"": ""dhi_term_analyzer"",\
          ""boost"": 10\
        }\
      }\
    }\
  ],\
  ""addressSearchQueries"": [\
    {\
      ""queryDHI"": {\
        ""match"": {\
          ""address"": {\
            ""query"": ""SEARCH_ADDRESS"",\
            ""analyzer"": ""dhi_term_analyzer""\
          }\
        }\
      }\
    }\
  ],\
  ""nameAddressQueries"": [\
    {\
      ""queryDHI"": {\
        ""bool"": {\
          ""must"": [\
            {\
              ""multi_match"": {\
                ""query"": ""SEARCH_NAME"",\
                ""fields"": [\
                  ""name""\
                ],\
                ""type"": ""phrase"",\
                ""analyzer"": ""dhi_term_analyzer"",\
                ""boost"": 10\
              }\
            },\
            {\
              ""multi_match"": {\
                ""query"": ""SEARCH_ADDRESS"",\
                ""type"": ""most_fields"",\
                ""fields"": [\
                  ""address""\
                ],\
                ""analyzer"": ""dhi_term_analyzer"",\
                ""boost"": 2\
              }\
            }\
          ]\
        }\
      }\
    },\
    {\
      ""queryDHI"": {\
        ""bool"": {\
          ""must"": [\
            {\
              ""multi_match"": {\
                ""query"": ""SEARCH_NAME"",\
                ""fields"": [\
                  ""name""\
                ],\
                ""type"": ""phrase"",\
                ""analyzer"": ""dhi_term_analyzer"",\
                ""boost"": 2\
              }\
            },\
            {\
              ""multi_match"": {\
                ""query"": ""SEARCH_ADDRESS"",\
                ""type"": ""most_fields"",\
                ""fields"": [\
                  ""address""\
                ],\
                ""analyzer"": ""dhi_term_analyzer"",\
                ""boost"": 10\
              }\
            }\
          ]\
        }\
      }\
    }\
  ]\
}","2022-06-20 10:38:29","14","2022-06-23 15:40:25","1","18","2"
"135","CBGRNR","20","Girinagar","ubin0907464@unionbankofindia.bank","77371 11867","Girinagar","1558","17","101","","","29AAACU0564G2ZC","","AAACU0564G",\N,"UDYAM-KR-03-0106234",\N,\N,\N,\N,"2022-07-13 16:02:53","21",\N,\N,"20","20","UBI","Union Bank of India","UBI@UBI.com","9999999999","Bangalore-560001","{\
  ""nameSearchQueries"": [\
    {\
      ""queryDHI"": {\
        ""multi_match"": {\
          ""query"": ""SEARCH_NAME"",\
          ""fields"": [\
            ""name""\
          ],\
          ""type"": ""phrase"",\
          ""analyzer"": ""dhi_term_analyzer"",\
          ""boost"": 10\
        }\
      }\
    }\
  ],\
  ""addressSearchQueries"": [\
    {\
      ""queryDHI"": {\
        ""match"": {\
          ""address"": {\
            ""query"": ""SEARCH_ADDRESS"",\
            ""analyzer"": ""dhi_term_analyzer""\
          }\
        }\
      }\
    }\
  ],\
  ""nameAddressQueries"": [\
    {\
      ""queryDHI"": {\
        ""bool"": {\
          ""must"": [\
            {\
              ""multi_match"": {\
                ""query"": ""SEARCH_NAME"",\
                ""fields"": [\
                  ""name""\
                ],\
                ""type"": ""phrase"",\
                ""analyzer"": ""dhi_term_analyzer"",\
                ""boost"": 10\
              }\
            },\
            {\
              ""multi_match"": {\
                ""query"": ""SEARCH_ADDRESS"",\
                ""type"": ""most_fields"",\
                ""fields"": [\
                  ""address""\
                ],\
                ""analyzer"": ""dhi_term_analyzer"",\
                ""boost"": 2\
              }\
            }\
          ]\
        }\
      }\
    },\
    {\
      ""queryDHI"": {\
        ""bool"": {\
          ""must"": [\
            {\
              ""multi_match"": {\
                ""query"": ""SEARCH_NAME"",\
                ""fields"": [\
                  ""name""\
                ],\
                ""type"": ""phrase"",\
                ""analyzer"": ""dhi_term_analyzer"",\
                ""boost"": 2\
              }\
            },\
            {\
              ""multi_match"": {\
                ""query"": ""SEARCH_ADDRESS"",\
                ""type"": ""most_fields"",\
                ""fields"": [\
                  ""address""\
                ],\
                ""analyzer"": ""dhi_term_analyzer"",\
                ""boost"": 10\
              }\
            }\
          ]\
        }\
      }\
    }\
  ]\
}","2022-06-20 10:38:29","14","2022-06-23 15:40:25","1","18","2"
"136","CBGUBI","20","Gubbi","cb3003@unionbankofindia.com","99167 83868","Gubbi","1558","17","101","","","29AAACU0564G2ZC","","AAACU0564G",\N,"UDYAM-KR-03-0106234",\N,\N,\N,\N,"2022-07-13 16:02:53","21",\N,\N,"20","20","UBI","Union Bank of India","UBI@UBI.com","9999999999","Bangalore-560001","{\
  ""nameSearchQueries"": [\
    {\
      ""queryDHI"": {\
        ""multi_match"": {\
          ""query"": ""SEARCH_NAME"",\
          ""fields"": [\
            ""name""\
          ],\
          ""type"": ""phrase"",\
          ""analyzer"": ""dhi_term_analyzer"",\
          ""boost"": 10\
        }\
      }\
    }\
  ],\
  ""addressSearchQueries"": [\
    {\
      ""queryDHI"": {\
        ""match"": {\
          ""address"": {\
            ""query"": ""SEARCH_ADDRESS"",\
            ""analyzer"": ""dhi_term_analyzer""\
          }\
        }\
      }\
    }\
  ],\
  ""nameAddressQueries"": [\
    {\
      ""queryDHI"": {\
        ""bool"": {\
          ""must"": [\
            {\
              ""multi_match"": {\
                ""query"": ""SEARCH_NAME"",\
                ""fields"": [\
                  ""name""\
                ],\
                ""type"": ""phrase"",\
                ""analyzer"": ""dhi_term_analyzer"",\
                ""boost"": 10\
              }\
            },\
            {\
              ""multi_match"": {\
                ""query"": ""SEARCH_ADDRESS"",\
                ""type"": ""most_fields"",\
                ""fields"": [\
                  ""address""\
                ],\
                ""analyzer"": ""dhi_term_analyzer"",\
                ""boost"": 2\
              }\
            }\
          ]\
        }\
      }\
    },\
    {\
      ""queryDHI"": {\
        ""bool"": {\
          ""must"": [\
            {\
              ""multi_match"": {\
                ""query"": ""SEARCH_NAME"",\
                ""fields"": [\
                  ""name""\
                ],\
                ""type"": ""phrase"",\
                ""analyzer"": ""dhi_term_analyzer"",\
                ""boost"": 2\
              }\
            },\
            {\
              ""multi_match"": {\
                ""query"": ""SEARCH_ADDRESS"",\
                ""type"": ""most_fields"",\
                ""fields"": [\
                  ""address""\
                ],\
                ""analyzer"": ""dhi_term_analyzer"",\
                ""boost"": 10\
              }\
            }\
          ]\
        }\
      }\
    }\
  ]\
}","2022-06-20 10:38:29","14","2022-06-23 15:40:25","1","18","2"
"137","CBHBAL","20","Hebbal","cb0765@unionbankofindia.com","79754 53211","Hebbal","1558","17","101","","","29AAACU0564G2ZC","","AAACU0564G",\N,"UDYAM-KR-03-0106234",\N,\N,\N,\N,"2022-07-13 16:02:53","21",\N,\N,"20","20","UBI","Union Bank of India","UBI@UBI.com","9999999999","Bangalore-560001","{\
  ""nameSearchQueries"": [\
    {\
      ""queryDHI"": {\
        ""multi_match"": {\
          ""query"": ""SEARCH_NAME"",\
          ""fields"": [\
            ""name""\
          ],\
          ""type"": ""phrase"",\
          ""analyzer"": ""dhi_term_analyzer"",\
          ""boost"": 10\
        }\
      }\
    }\
  ],\
  ""addressSearchQueries"": [\
    {\
      ""queryDHI"": {\
        ""match"": {\
          ""address"": {\
            ""query"": ""SEARCH_ADDRESS"",\
            ""analyzer"": ""dhi_term_analyzer""\
          }\
        }\
      }\
    }\
  ],\
  ""nameAddressQueries"": [\
    {\
      ""queryDHI"": {\
        ""bool"": {\
          ""must"": [\
            {\
              ""multi_match"": {\
                ""query"": ""SEARCH_NAME"",\
                ""fields"": [\
                  ""name""\
                ],\
                ""type"": ""phrase"",\
                ""analyzer"": ""dhi_term_analyzer"",\
                ""boost"": 10\
              }\
            },\
            {\
              ""multi_match"": {\
                ""query"": ""SEARCH_ADDRESS"",\
                ""type"": ""most_fields"",\
                ""fields"": [\
                  ""address""\
                ],\
                ""analyzer"": ""dhi_term_analyzer"",\
                ""boost"": 2\
              }\
            }\
          ]\
        }\
      }\
    },\
    {\
      ""queryDHI"": {\
        ""bool"": {\
          ""must"": [\
            {\
              ""multi_match"": {\
                ""query"": ""SEARCH_NAME"",\
                ""fields"": [\
                  ""name""\
                ],\
                ""type"": ""phrase"",\
                ""analyzer"": ""dhi_term_analyzer"",\
                ""boost"": 2\
              }\
            },\
            {\
              ""multi_match"": {\
                ""query"": ""SEARCH_ADDRESS"",\
                ""type"": ""most_fields"",\
                ""fields"": [\
                  ""address""\
                ],\
                ""analyzer"": ""dhi_term_analyzer"",\
                ""boost"": 10\
              }\
            }\
          ]\
        }\
      }\
    }\
  ]\
}","2022-06-20 10:38:29","14","2022-06-23 15:40:25","1","18","2"
"138","CBHRBR","20","HRBR","cb1373@corpbank.co.in","89190 44796","HRBR","1558","17","101","","","29AAACU0564G2ZC","","AAACU0564G",\N,"UDYAM-KR-03-0106234",\N,\N,\N,\N,"2022-07-13 16:02:53","21",\N,\N,"20","20","UBI","Union Bank of India","UBI@UBI.com","9999999999","Bangalore-560001","{\
  ""nameSearchQueries"": [\
    {\
      ""queryDHI"": {\
        ""multi_match"": {\
          ""query"": ""SEARCH_NAME"",\
          ""fields"": [\
            ""name""\
          ],\
          ""type"": ""phrase"",\
          ""analyzer"": ""dhi_term_analyzer"",\
          ""boost"": 10\
        }\
      }\
    }\
  ],\
  ""addressSearchQueries"": [\
    {\
      ""queryDHI"": {\
        ""match"": {\
          ""address"": {\
            ""query"": ""SEARCH_ADDRESS"",\
            ""analyzer"": ""dhi_term_analyzer""\
          }\
        }\
      }\
    }\
  ],\
  ""nameAddressQueries"": [\
    {\
      ""queryDHI"": {\
        ""bool"": {\
          ""must"": [\
            {\
              ""multi_match"": {\
                ""query"": ""SEARCH_NAME"",\
                ""fields"": [\
                  ""name""\
                ],\
                ""type"": ""phrase"",\
                ""analyzer"": ""dhi_term_analyzer"",\
                ""boost"": 10\
              }\
            },\
            {\
              ""multi_match"": {\
                ""query"": ""SEARCH_ADDRESS"",\
                ""type"": ""most_fields"",\
                ""fields"": [\
                  ""address""\
                ],\
                ""analyzer"": ""dhi_term_analyzer"",\
                ""boost"": 2\
              }\
            }\
          ]\
        }\
      }\
    },\
    {\
      ""queryDHI"": {\
        ""bool"": {\
          ""must"": [\
            {\
              ""multi_match"": {\
                ""query"": ""SEARCH_NAME"",\
                ""fields"": [\
                  ""name""\
                ],\
                ""type"": ""phrase"",\
                ""analyzer"": ""dhi_term_analyzer"",\
                ""boost"": 2\
              }\
            },\
            {\
              ""multi_match"": {\
                ""query"": ""SEARCH_ADDRESS"",\
                ""type"": ""most_fields"",\
                ""fields"": [\
                  ""address""\
                ],\
                ""analyzer"": ""dhi_term_analyzer"",\
                ""boost"": 10\
              }\
            }\
          ]\
        }\
      }\
    }\
  ]\
}","2022-06-20 10:38:29","14","2022-06-23 15:40:25","1","18","2"
"139","CBHSR1","20","HSR Layout 1st Sector","cb1102@unionbankofindia.com","91080 52609","HSR Layout 1st Sector","1558","17","101","","","29AAACU0564G2ZC","","AAACU0564G",\N,"UDYAM-KR-03-0106234",\N,\N,\N,\N,"2022-07-13 16:02:53","21",\N,\N,"20","20","UBI","Union Bank of India","UBI@UBI.com","9999999999","Bangalore-560001","{\
  ""nameSearchQueries"": [\
    {\
      ""queryDHI"": {\
        ""multi_match"": {\
          ""query"": ""SEARCH_NAME"",\
          ""fields"": [\
            ""name""\
          ],\
          ""type"": ""phrase"",\
          ""analyzer"": ""dhi_term_analyzer"",\
          ""boost"": 10\
        }\
      }\
    }\
  ],\
  ""addressSearchQueries"": [\
    {\
      ""queryDHI"": {\
        ""match"": {\
          ""address"": {\
            ""query"": ""SEARCH_ADDRESS"",\
            ""analyzer"": ""dhi_term_analyzer""\
          }\
        }\
      }\
    }\
  ],\
  ""nameAddressQueries"": [\
    {\
      ""queryDHI"": {\
        ""bool"": {\
          ""must"": [\
            {\
              ""multi_match"": {\
                ""query"": ""SEARCH_NAME"",\
                ""fields"": [\
                  ""name""\
                ],\
                ""type"": ""phrase"",\
                ""analyzer"": ""dhi_term_analyzer"",\
                ""boost"": 10\
              }\
            },\
            {\
              ""multi_match"": {\
                ""query"": ""SEARCH_ADDRESS"",\
                ""type"": ""most_fields"",\
                ""fields"": [\
                  ""address""\
                ],\
                ""analyzer"": ""dhi_term_analyzer"",\
                ""boost"": 2\
              }\
            }\
          ]\
        }\
      }\
    },\
    {\
      ""queryDHI"": {\
        ""bool"": {\
          ""must"": [\
            {\
              ""multi_match"": {\
                ""query"": ""SEARCH_NAME"",\
                ""fields"": [\
                  ""name""\
                ],\
                ""type"": ""phrase"",\
                ""analyzer"": ""dhi_term_analyzer"",\
                ""boost"": 2\
              }\
            },\
            {\
              ""multi_match"": {\
                ""query"": ""SEARCH_ADDRESS"",\
                ""type"": ""most_fields"",\
                ""fields"": [\
                  ""address""\
                ],\
                ""analyzer"": ""dhi_term_analyzer"",\
                ""boost"": 10\
              }\
            }\
          ]\
        }\
      }\
    }\
  ]\
}","2022-06-20 10:38:29","14","2022-06-23 15:40:25","1","18","2"
"140","CBIDNR","20","Indiranagar","cb0398@unionbankofindia.com","73411 27591","Indiranagar","1558","17","101","","","29AAACU0564G2ZC","","AAACU0564G",\N,"UDYAM-KR-03-0106234",\N,\N,\N,\N,"2022-07-13 16:02:53","21",\N,\N,"20","20","UBI","Union Bank of India","UBI@UBI.com","9999999999","Bangalore-560001","{\
  ""nameSearchQueries"": [\
    {\
      ""queryDHI"": {\
        ""multi_match"": {\
          ""query"": ""SEARCH_NAME"",\
          ""fields"": [\
            ""name""\
          ],\
          ""type"": ""phrase"",\
          ""analyzer"": ""dhi_term_analyzer"",\
          ""boost"": 10\
        }\
      }\
    }\
  ],\
  ""addressSearchQueries"": [\
    {\
      ""queryDHI"": {\
        ""match"": {\
          ""address"": {\
            ""query"": ""SEARCH_ADDRESS"",\
            ""analyzer"": ""dhi_term_analyzer""\
          }\
        }\
      }\
    }\
  ],\
  ""nameAddressQueries"": [\
    {\
      ""queryDHI"": {\
        ""bool"": {\
          ""must"": [\
            {\
              ""multi_match"": {\
                ""query"": ""SEARCH_NAME"",\
                ""fields"": [\
                  ""name""\
                ],\
                ""type"": ""phrase"",\
                ""analyzer"": ""dhi_term_analyzer"",\
                ""boost"": 10\
              }\
            },\
            {\
              ""multi_match"": {\
                ""query"": ""SEARCH_ADDRESS"",\
                ""type"": ""most_fields"",\
                ""fields"": [\
                  ""address""\
                ],\
                ""analyzer"": ""dhi_term_analyzer"",\
                ""boost"": 2\
              }\
            }\
          ]\
        }\
      }\
    },\
    {\
      ""queryDHI"": {\
        ""bool"": {\
          ""must"": [\
            {\
              ""multi_match"": {\
                ""query"": ""SEARCH_NAME"",\
                ""fields"": [\
                  ""name""\
                ],\
                ""type"": ""phrase"",\
                ""analyzer"": ""dhi_term_analyzer"",\
                ""boost"": 2\
              }\
            },\
            {\
              ""multi_match"": {\
                ""query"": ""SEARCH_ADDRESS"",\
                ""type"": ""most_fields"",\
                ""fields"": [\
                  ""address""\
                ],\
                ""analyzer"": ""dhi_term_analyzer"",\
                ""boost"": 10\
              }\
            }\
          ]\
        }\
      }\
    }\
  ]\
}","2022-06-20 10:38:29","14","2022-06-23 15:40:25","1","18","2"
"141","CBJKUR","20","Jakkur","cb0810@unionbankofindia.com","95354 89400","Jakkur","1558","17","101","","","29AAACU0564G2ZC","","AAACU0564G",\N,"UDYAM-KR-03-0106234",\N,\N,\N,\N,"2022-07-13 16:02:53","21",\N,\N,"20","20","UBI","Union Bank of India","UBI@UBI.com","9999999999","Bangalore-560001","{\
  ""nameSearchQueries"": [\
    {\
      ""queryDHI"": {\
        ""multi_match"": {\
          ""query"": ""SEARCH_NAME"",\
          ""fields"": [\
            ""name""\
          ],\
          ""type"": ""phrase"",\
          ""analyzer"": ""dhi_term_analyzer"",\
          ""boost"": 10\
        }\
      }\
    }\
  ],\
  ""addressSearchQueries"": [\
    {\
      ""queryDHI"": {\
        ""match"": {\
          ""address"": {\
            ""query"": ""SEARCH_ADDRESS"",\
            ""analyzer"": ""dhi_term_analyzer""\
          }\
        }\
      }\
    }\
  ],\
  ""nameAddressQueries"": [\
    {\
      ""queryDHI"": {\
        ""bool"": {\
          ""must"": [\
            {\
              ""multi_match"": {\
                ""query"": ""SEARCH_NAME"",\
                ""fields"": [\
                  ""name""\
                ],\
                ""type"": ""phrase"",\
                ""analyzer"": ""dhi_term_analyzer"",\
                ""boost"": 10\
              }\
            },\
            {\
              ""multi_match"": {\
                ""query"": ""SEARCH_ADDRESS"",\
                ""type"": ""most_fields"",\
                ""fields"": [\
                  ""address""\
                ],\
                ""analyzer"": ""dhi_term_analyzer"",\
                ""boost"": 2\
              }\
            }\
          ]\
        }\
      }\
    },\
    {\
      ""queryDHI"": {\
        ""bool"": {\
          ""must"": [\
            {\
              ""multi_match"": {\
                ""query"": ""SEARCH_NAME"",\
                ""fields"": [\
                  ""name""\
                ],\
                ""type"": ""phrase"",\
                ""analyzer"": ""dhi_term_analyzer"",\
                ""boost"": 2\
              }\
            },\
            {\
              ""multi_match"": {\
                ""query"": ""SEARCH_ADDRESS"",\
                ""type"": ""most_fields"",\
                ""fields"": [\
                  ""address""\
                ],\
                ""analyzer"": ""dhi_term_analyzer"",\
                ""boost"": 10\
              }\
            }\
          ]\
        }\
      }\
    }\
  ]\
}","2022-06-20 10:38:29","14","2022-06-23 15:40:25","1","18","2"
"142","CBJLBV","20","Jalabhavan","cb0714@corpbank.co.in","94287 43432","Jalabhavan","1558","17","101","","","29AAACU0564G2ZC","","AAACU0564G",\N,"UDYAM-KR-03-0106234",\N,\N,\N,\N,"2022-07-13 16:02:53","21",\N,\N,"20","20","UBI","Union Bank of India","UBI@UBI.com","9999999999","Bangalore-560001","{\
  ""nameSearchQueries"": [\
    {\
      ""queryDHI"": {\
        ""multi_match"": {\
          ""query"": ""SEARCH_NAME"",\
          ""fields"": [\
            ""name""\
          ],\
          ""type"": ""phrase"",\
          ""analyzer"": ""dhi_term_analyzer"",\
          ""boost"": 10\
        }\
      }\
    }\
  ],\
  ""addressSearchQueries"": [\
    {\
      ""queryDHI"": {\
        ""match"": {\
          ""address"": {\
            ""query"": ""SEARCH_ADDRESS"",\
            ""analyzer"": ""dhi_term_analyzer""\
          }\
        }\
      }\
    }\
  ],\
  ""nameAddressQueries"": [\
    {\
      ""queryDHI"": {\
        ""bool"": {\
          ""must"": [\
            {\
              ""multi_match"": {\
                ""query"": ""SEARCH_NAME"",\
                ""fields"": [\
                  ""name""\
                ],\
                ""type"": ""phrase"",\
                ""analyzer"": ""dhi_term_analyzer"",\
                ""boost"": 10\
              }\
            },\
            {\
              ""multi_match"": {\
                ""query"": ""SEARCH_ADDRESS"",\
                ""type"": ""most_fields"",\
                ""fields"": [\
                  ""address""\
                ],\
                ""analyzer"": ""dhi_term_analyzer"",\
                ""boost"": 2\
              }\
            }\
          ]\
        }\
      }\
    },\
    {\
      ""queryDHI"": {\
        ""bool"": {\
          ""must"": [\
            {\
              ""multi_match"": {\
                ""query"": ""SEARCH_NAME"",\
                ""fields"": [\
                  ""name""\
                ],\
                ""type"": ""phrase"",\
                ""analyzer"": ""dhi_term_analyzer"",\
                ""boost"": 2\
              }\
            },\
            {\
              ""multi_match"": {\
                ""query"": ""SEARCH_ADDRESS"",\
                ""type"": ""most_fields"",\
                ""fields"": [\
                  ""address""\
                ],\
                ""analyzer"": ""dhi_term_analyzer"",\
                ""boost"": 10\
              }\
            }\
          ]\
        }\
      }\
    }\
  ]\
}","2022-06-20 10:38:29","14","2022-06-23 15:40:25","1","18","2"
"143","CBJAY3","20","Jayanagar 3rd block","ubin0900745@unionbankofindia.bank","83109 33458","Jayanagar 3rd block","1558","17","101","","","29AAACU0564G2ZC","","AAACU0564G",\N,"UDYAM-KR-03-0106234",\N,\N,\N,\N,"2022-07-13 16:02:54","21",\N,\N,"20","20","UBI","Union Bank of India","UBI@UBI.com","9999999999","Bangalore-560001","{\
  ""nameSearchQueries"": [\
    {\
      ""queryDHI"": {\
        ""multi_match"": {\
          ""query"": ""SEARCH_NAME"",\
          ""fields"": [\
            ""name""\
          ],\
          ""type"": ""phrase"",\
          ""analyzer"": ""dhi_term_analyzer"",\
          ""boost"": 10\
        }\
      }\
    }\
  ],\
  ""addressSearchQueries"": [\
    {\
      ""queryDHI"": {\
        ""match"": {\
          ""address"": {\
            ""query"": ""SEARCH_ADDRESS"",\
            ""analyzer"": ""dhi_term_analyzer""\
          }\
        }\
      }\
    }\
  ],\
  ""nameAddressQueries"": [\
    {\
      ""queryDHI"": {\
        ""bool"": {\
          ""must"": [\
            {\
              ""multi_match"": {\
                ""query"": ""SEARCH_NAME"",\
                ""fields"": [\
                  ""name""\
                ],\
                ""type"": ""phrase"",\
                ""analyzer"": ""dhi_term_analyzer"",\
                ""boost"": 10\
              }\
            },\
            {\
              ""multi_match"": {\
                ""query"": ""SEARCH_ADDRESS"",\
                ""type"": ""most_fields"",\
                ""fields"": [\
                  ""address""\
                ],\
                ""analyzer"": ""dhi_term_analyzer"",\
                ""boost"": 2\
              }\
            }\
          ]\
        }\
      }\
    },\
    {\
      ""queryDHI"": {\
        ""bool"": {\
          ""must"": [\
            {\
              ""multi_match"": {\
                ""query"": ""SEARCH_NAME"",\
                ""fields"": [\
                  ""name""\
                ],\
                ""type"": ""phrase"",\
                ""analyzer"": ""dhi_term_analyzer"",\
                ""boost"": 2\
              }\
            },\
            {\
              ""multi_match"": {\
                ""query"": ""SEARCH_ADDRESS"",\
                ""type"": ""most_fields"",\
                ""fields"": [\
                  ""address""\
                ],\
                ""analyzer"": ""dhi_term_analyzer"",\
                ""boost"": 10\
              }\
            }\
          ]\
        }\
      }\
    }\
  ]\
}","2022-06-20 10:38:29","14","2022-06-23 15:40:25","1","18","2"
"144","CBJCRD","20","JC Road","cb0251@unionbankofindia.com","80960 90562","JC Road","1558","17","101","","","29AAACU0564G2ZC","","AAACU0564G",\N,"UDYAM-KR-03-0106234",\N,\N,\N,\N,"2022-07-13 16:02:54","21",\N,\N,"20","20","UBI","Union Bank of India","UBI@UBI.com","9999999999","Bangalore-560001","{\
  ""nameSearchQueries"": [\
    {\
      ""queryDHI"": {\
        ""multi_match"": {\
          ""query"": ""SEARCH_NAME"",\
          ""fields"": [\
            ""name""\
          ],\
          ""type"": ""phrase"",\
          ""analyzer"": ""dhi_term_analyzer"",\
          ""boost"": 10\
        }\
      }\
    }\
  ],\
  ""addressSearchQueries"": [\
    {\
      ""queryDHI"": {\
        ""match"": {\
          ""address"": {\
            ""query"": ""SEARCH_ADDRESS"",\
            ""analyzer"": ""dhi_term_analyzer""\
          }\
        }\
      }\
    }\
  ],\
  ""nameAddressQueries"": [\
    {\
      ""queryDHI"": {\
        ""bool"": {\
          ""must"": [\
            {\
              ""multi_match"": {\
                ""query"": ""SEARCH_NAME"",\
                ""fields"": [\
                  ""name""\
                ],\
                ""type"": ""phrase"",\
                ""analyzer"": ""dhi_term_analyzer"",\
                ""boost"": 10\
              }\
            },\
            {\
              ""multi_match"": {\
                ""query"": ""SEARCH_ADDRESS"",\
                ""type"": ""most_fields"",\
                ""fields"": [\
                  ""address""\
                ],\
                ""analyzer"": ""dhi_term_analyzer"",\
                ""boost"": 2\
              }\
            }\
          ]\
        }\
      }\
    },\
    {\
      ""queryDHI"": {\
        ""bool"": {\
          ""must"": [\
            {\
              ""multi_match"": {\
                ""query"": ""SEARCH_NAME"",\
                ""fields"": [\
                  ""name""\
                ],\
                ""type"": ""phrase"",\
                ""analyzer"": ""dhi_term_analyzer"",\
                ""boost"": 2\
              }\
            },\
            {\
              ""multi_match"": {\
                ""query"": ""SEARCH_ADDRESS"",\
                ""type"": ""most_fields"",\
                ""fields"": [\
                  ""address""\
                ],\
                ""analyzer"": ""dhi_term_analyzer"",\
                ""boost"": 10\
              }\
            }\
          ]\
        }\
      }\
    }\
  ]\
}","2022-06-20 10:38:29","14","2022-06-23 15:40:25","1","18","2"
"145","CBJGNI","20","Jigani","ubin0911640@unionbankofindia.bank","79034 73514","Jigani","1558","17","101","","","29AAACU0564G2ZC","","AAACU0564G",\N,"UDYAM-KR-03-0106234",\N,\N,\N,\N,"2022-07-13 16:02:54","21",\N,\N,"20","20","UBI","Union Bank of India","UBI@UBI.com","9999999999","Bangalore-560001","{\
  ""nameSearchQueries"": [\
    {\
      ""queryDHI"": {\
        ""multi_match"": {\
          ""query"": ""SEARCH_NAME"",\
          ""fields"": [\
            ""name""\
          ],\
          ""type"": ""phrase"",\
          ""analyzer"": ""dhi_term_analyzer"",\
          ""boost"": 10\
        }\
      }\
    }\
  ],\
  ""addressSearchQueries"": [\
    {\
      ""queryDHI"": {\
        ""match"": {\
          ""address"": {\
            ""query"": ""SEARCH_ADDRESS"",\
            ""analyzer"": ""dhi_term_analyzer""\
          }\
        }\
      }\
    }\
  ],\
  ""nameAddressQueries"": [\
    {\
      ""queryDHI"": {\
        ""bool"": {\
          ""must"": [\
            {\
              ""multi_match"": {\
                ""query"": ""SEARCH_NAME"",\
                ""fields"": [\
                  ""name""\
                ],\
                ""type"": ""phrase"",\
                ""analyzer"": ""dhi_term_analyzer"",\
                ""boost"": 10\
              }\
            },\
            {\
              ""multi_match"": {\
                ""query"": ""SEARCH_ADDRESS"",\
                ""type"": ""most_fields"",\
                ""fields"": [\
                  ""address""\
                ],\
                ""analyzer"": ""dhi_term_analyzer"",\
                ""boost"": 2\
              }\
            }\
          ]\
        }\
      }\
    },\
    {\
      ""queryDHI"": {\
        ""bool"": {\
          ""must"": [\
            {\
              ""multi_match"": {\
                ""query"": ""SEARCH_NAME"",\
                ""fields"": [\
                  ""name""\
                ],\
                ""type"": ""phrase"",\
                ""analyzer"": ""dhi_term_analyzer"",\
                ""boost"": 2\
              }\
            },\
            {\
              ""multi_match"": {\
                ""query"": ""SEARCH_ADDRESS"",\
                ""type"": ""most_fields"",\
                ""fields"": [\
                  ""address""\
                ],\
                ""analyzer"": ""dhi_term_analyzer"",\
                ""boost"": 10\
              }\
            }\
          ]\
        }\
      }\
    }\
  ]\
}","2022-06-20 10:38:29","14","2022-06-23 15:40:25","1","18","2"
"146","CBJPNR","20","JP Nagar","cb1602@unionbankofindia.com","96116 75675","JP Nagar","1558","17","101","","","29AAACU0564G2ZC","","AAACU0564G",\N,"UDYAM-KR-03-0106234",\N,\N,\N,\N,"2022-07-13 16:02:54","21",\N,\N,"20","20","UBI","Union Bank of India","UBI@UBI.com","9999999999","Bangalore-560001","{\
  ""nameSearchQueries"": [\
    {\
      ""queryDHI"": {\
        ""multi_match"": {\
          ""query"": ""SEARCH_NAME"",\
          ""fields"": [\
            ""name""\
          ],\
          ""type"": ""phrase"",\
          ""analyzer"": ""dhi_term_analyzer"",\
          ""boost"": 10\
        }\
      }\
    }\
  ],\
  ""addressSearchQueries"": [\
    {\
      ""queryDHI"": {\
        ""match"": {\
          ""address"": {\
            ""query"": ""SEARCH_ADDRESS"",\
            ""analyzer"": ""dhi_term_analyzer""\
          }\
        }\
      }\
    }\
  ],\
  ""nameAddressQueries"": [\
    {\
      ""queryDHI"": {\
        ""bool"": {\
          ""must"": [\
            {\
              ""multi_match"": {\
                ""query"": ""SEARCH_NAME"",\
                ""fields"": [\
                  ""name""\
                ],\
                ""type"": ""phrase"",\
                ""analyzer"": ""dhi_term_analyzer"",\
                ""boost"": 10\
              }\
            },\
            {\
              ""multi_match"": {\
                ""query"": ""SEARCH_ADDRESS"",\
                ""type"": ""most_fields"",\
                ""fields"": [\
                  ""address""\
                ],\
                ""analyzer"": ""dhi_term_analyzer"",\
                ""boost"": 2\
              }\
            }\
          ]\
        }\
      }\
    },\
    {\
      ""queryDHI"": {\
        ""bool"": {\
          ""must"": [\
            {\
              ""multi_match"": {\
                ""query"": ""SEARCH_NAME"",\
                ""fields"": [\
                  ""name""\
                ],\
                ""type"": ""phrase"",\
                ""analyzer"": ""dhi_term_analyzer"",\
                ""boost"": 2\
              }\
            },\
            {\
              ""multi_match"": {\
                ""query"": ""SEARCH_ADDRESS"",\
                ""type"": ""most_fields"",\
                ""fields"": [\
                  ""address""\
                ],\
                ""analyzer"": ""dhi_term_analyzer"",\
                ""boost"": 10\
              }\
            }\
          ]\
        }\
      }\
    }\
  ]\
}","2022-06-20 10:38:29","14","2022-06-23 15:40:25","1","18","2"
"147","CBKNPR","20","Kanakapura","bm2110@unionbankofindia.com","80767 28035","Kanakapura","1558","17","101","","","29AAACU0564G2ZC","","AAACU0564G",\N,"UDYAM-KR-03-0106234",\N,\N,\N,\N,"2022-07-13 16:02:54","21",\N,\N,"20","20","UBI","Union Bank of India","UBI@UBI.com","9999999999","Bangalore-560001","{\
  ""nameSearchQueries"": [\
    {\
      ""queryDHI"": {\
        ""multi_match"": {\
          ""query"": ""SEARCH_NAME"",\
          ""fields"": [\
            ""name""\
          ],\
          ""type"": ""phrase"",\
          ""analyzer"": ""dhi_term_analyzer"",\
          ""boost"": 10\
        }\
      }\
    }\
  ],\
  ""addressSearchQueries"": [\
    {\
      ""queryDHI"": {\
        ""match"": {\
          ""address"": {\
            ""query"": ""SEARCH_ADDRESS"",\
            ""analyzer"": ""dhi_term_analyzer""\
          }\
        }\
      }\
    }\
  ],\
  ""nameAddressQueries"": [\
    {\
      ""queryDHI"": {\
        ""bool"": {\
          ""must"": [\
            {\
              ""multi_match"": {\
                ""query"": ""SEARCH_NAME"",\
                ""fields"": [\
                  ""name""\
                ],\
                ""type"": ""phrase"",\
                ""analyzer"": ""dhi_term_analyzer"",\
                ""boost"": 10\
              }\
            },\
            {\
              ""multi_match"": {\
                ""query"": ""SEARCH_ADDRESS"",\
                ""type"": ""most_fields"",\
                ""fields"": [\
                  ""address""\
                ],\
                ""analyzer"": ""dhi_term_analyzer"",\
                ""boost"": 2\
              }\
            }\
          ]\
        }\
      }\
    },\
    {\
      ""queryDHI"": {\
        ""bool"": {\
          ""must"": [\
            {\
              ""multi_match"": {\
                ""query"": ""SEARCH_NAME"",\
                ""fields"": [\
                  ""name""\
                ],\
                ""type"": ""phrase"",\
                ""analyzer"": ""dhi_term_analyzer"",\
                ""boost"": 2\
              }\
            },\
            {\
              ""multi_match"": {\
                ""query"": ""SEARCH_ADDRESS"",\
                ""type"": ""most_fields"",\
                ""fields"": [\
                  ""address""\
                ],\
                ""analyzer"": ""dhi_term_analyzer"",\
                ""boost"": 10\
              }\
            }\
          ]\
        }\
      }\
    }\
  ]\
}","2022-06-20 10:38:29","14","2022-06-23 15:40:25","1","18","2"
"148","CBKSTN","20","Kengeri Satellite Town","cb0744@unionbankofindia.com"," 99017 80787","Kengeri Satellite Town","1558","17","101","","","29AAACU0564G2ZC","","AAACU0564G",\N,"UDYAM-KR-03-0106234",\N,\N,\N,\N,"2022-07-13 16:02:54","21",\N,\N,"20","20","UBI","Union Bank of India","UBI@UBI.com","9999999999","Bangalore-560001","{\
  ""nameSearchQueries"": [\
    {\
      ""queryDHI"": {\
        ""multi_match"": {\
          ""query"": ""SEARCH_NAME"",\
          ""fields"": [\
            ""name""\
          ],\
          ""type"": ""phrase"",\
          ""analyzer"": ""dhi_term_analyzer"",\
          ""boost"": 10\
        }\
      }\
    }\
  ],\
  ""addressSearchQueries"": [\
    {\
      ""queryDHI"": {\
        ""match"": {\
          ""address"": {\
            ""query"": ""SEARCH_ADDRESS"",\
            ""analyzer"": ""dhi_term_analyzer""\
          }\
        }\
      }\
    }\
  ],\
  ""nameAddressQueries"": [\
    {\
      ""queryDHI"": {\
        ""bool"": {\
          ""must"": [\
            {\
              ""multi_match"": {\
                ""query"": ""SEARCH_NAME"",\
                ""fields"": [\
                  ""name""\
                ],\
                ""type"": ""phrase"",\
                ""analyzer"": ""dhi_term_analyzer"",\
                ""boost"": 10\
              }\
            },\
            {\
              ""multi_match"": {\
                ""query"": ""SEARCH_ADDRESS"",\
                ""type"": ""most_fields"",\
                ""fields"": [\
                  ""address""\
                ],\
                ""analyzer"": ""dhi_term_analyzer"",\
                ""boost"": 2\
              }\
            }\
          ]\
        }\
      }\
    },\
    {\
      ""queryDHI"": {\
        ""bool"": {\
          ""must"": [\
            {\
              ""multi_match"": {\
                ""query"": ""SEARCH_NAME"",\
                ""fields"": [\
                  ""name""\
                ],\
                ""type"": ""phrase"",\
                ""analyzer"": ""dhi_term_analyzer"",\
                ""boost"": 2\
              }\
            },\
            {\
              ""multi_match"": {\
                ""query"": ""SEARCH_ADDRESS"",\
                ""type"": ""most_fields"",\
                ""fields"": [\
                  ""address""\
                ],\
                ""analyzer"": ""dhi_term_analyzer"",\
                ""boost"": 10\
              }\
            }\
          ]\
        }\
      }\
    }\
  ]\
}","2022-06-20 10:38:29","14","2022-06-23 15:40:25","1","18","2"
"149","CBKSTR","20","Kestur","ubin0930245@unionbankofindia.bank","94481 53064","Kestur","1558","17","101","","","29AAACU0564G2ZC","","AAACU0564G",\N,"UDYAM-KR-03-0106234",\N,\N,\N,\N,"2022-07-13 16:02:54","21",\N,\N,"20","20","UBI","Union Bank of India","UBI@UBI.com","9999999999","Bangalore-560001","{\
  ""nameSearchQueries"": [\
    {\
      ""queryDHI"": {\
        ""multi_match"": {\
          ""query"": ""SEARCH_NAME"",\
          ""fields"": [\
            ""name""\
          ],\
          ""type"": ""phrase"",\
          ""analyzer"": ""dhi_term_analyzer"",\
          ""boost"": 10\
        }\
      }\
    }\
  ],\
  ""addressSearchQueries"": [\
    {\
      ""queryDHI"": {\
        ""match"": {\
          ""address"": {\
            ""query"": ""SEARCH_ADDRESS"",\
            ""analyzer"": ""dhi_term_analyzer""\
          }\
        }\
      }\
    }\
  ],\
  ""nameAddressQueries"": [\
    {\
      ""queryDHI"": {\
        ""bool"": {\
          ""must"": [\
            {\
              ""multi_match"": {\
                ""query"": ""SEARCH_NAME"",\
                ""fields"": [\
                  ""name""\
                ],\
                ""type"": ""phrase"",\
                ""analyzer"": ""dhi_term_analyzer"",\
                ""boost"": 10\
              }\
            },\
            {\
              ""multi_match"": {\
                ""query"": ""SEARCH_ADDRESS"",\
                ""type"": ""most_fields"",\
                ""fields"": [\
                  ""address""\
                ],\
                ""analyzer"": ""dhi_term_analyzer"",\
                ""boost"": 2\
              }\
            }\
          ]\
        }\
      }\
    },\
    {\
      ""queryDHI"": {\
        ""bool"": {\
          ""must"": [\
            {\
              ""multi_match"": {\
                ""query"": ""SEARCH_NAME"",\
                ""fields"": [\
                  ""name""\
                ],\
                ""type"": ""phrase"",\
                ""analyzer"": ""dhi_term_analyzer"",\
                ""boost"": 2\
              }\
            },\
            {\
              ""multi_match"": {\
                ""query"": ""SEARCH_ADDRESS"",\
                ""type"": ""most_fields"",\
                ""fields"": [\
                  ""address""\
                ],\
                ""analyzer"": ""dhi_term_analyzer"",\
                ""boost"": 10\
              }\
            }\
          ]\
        }\
      }\
    }\
  ]\
}","2022-06-20 10:38:29","14","2022-06-23 15:40:25","1","18","2"
"150","CBKOGI","20","Kogilu","cb0891@unionbankofindia.com"," 98456 78527","Kogilu","1558","17","101","","","29AAACU0564G2ZC","","AAACU0564G",\N,"UDYAM-KR-03-0106234",\N,\N,\N,\N,"2022-07-13 16:02:54","21",\N,\N,"20","20","UBI","Union Bank of India","UBI@UBI.com","9999999999","Bangalore-560001","{\
  ""nameSearchQueries"": [\
    {\
      ""queryDHI"": {\
        ""multi_match"": {\
          ""query"": ""SEARCH_NAME"",\
          ""fields"": [\
            ""name""\
          ],\
          ""type"": ""phrase"",\
          ""analyzer"": ""dhi_term_analyzer"",\
          ""boost"": 10\
        }\
      }\
    }\
  ],\
  ""addressSearchQueries"": [\
    {\
      ""queryDHI"": {\
        ""match"": {\
          ""address"": {\
            ""query"": ""SEARCH_ADDRESS"",\
            ""analyzer"": ""dhi_term_analyzer""\
          }\
        }\
      }\
    }\
  ],\
  ""nameAddressQueries"": [\
    {\
      ""queryDHI"": {\
        ""bool"": {\
          ""must"": [\
            {\
              ""multi_match"": {\
                ""query"": ""SEARCH_NAME"",\
                ""fields"": [\
                  ""name""\
                ],\
                ""type"": ""phrase"",\
                ""analyzer"": ""dhi_term_analyzer"",\
                ""boost"": 10\
              }\
            },\
            {\
              ""multi_match"": {\
                ""query"": ""SEARCH_ADDRESS"",\
                ""type"": ""most_fields"",\
                ""fields"": [\
                  ""address""\
                ],\
                ""analyzer"": ""dhi_term_analyzer"",\
                ""boost"": 2\
              }\
            }\
          ]\
        }\
      }\
    },\
    {\
      ""queryDHI"": {\
        ""bool"": {\
          ""must"": [\
            {\
              ""multi_match"": {\
                ""query"": ""SEARCH_NAME"",\
                ""fields"": [\
                  ""name""\
                ],\
                ""type"": ""phrase"",\
                ""analyzer"": ""dhi_term_analyzer"",\
                ""boost"": 2\
              }\
            },\
            {\
              ""multi_match"": {\
                ""query"": ""SEARCH_ADDRESS"",\
                ""type"": ""most_fields"",\
                ""fields"": [\
                  ""address""\
                ],\
                ""analyzer"": ""dhi_term_analyzer"",\
                ""boost"": 10\
              }\
            }\
          ]\
        }\
      }\
    }\
  ]\
}","2022-06-20 10:38:29","14","2022-06-23 15:40:25","1","18","2"
"151","CBKNKT","20","Konankunte","cb0799@unionbankofindia.com","98457 63147","Konankunte","1558","17","101","","","29AAACU0564G2ZC","","AAACU0564G",\N,"UDYAM-KR-03-0106234",\N,\N,\N,\N,"2022-07-13 16:02:54","21",\N,\N,"20","20","UBI","Union Bank of India","UBI@UBI.com","9999999999","Bangalore-560001","{\
  ""nameSearchQueries"": [\
    {\
      ""queryDHI"": {\
        ""multi_match"": {\
          ""query"": ""SEARCH_NAME"",\
          ""fields"": [\
            ""name""\
          ],\
          ""type"": ""phrase"",\
          ""analyzer"": ""dhi_term_analyzer"",\
          ""boost"": 10\
        }\
      }\
    }\
  ],\
  ""addressSearchQueries"": [\
    {\
      ""queryDHI"": {\
        ""match"": {\
          ""address"": {\
            ""query"": ""SEARCH_ADDRESS"",\
            ""analyzer"": ""dhi_term_analyzer""\
          }\
        }\
      }\
    }\
  ],\
  ""nameAddressQueries"": [\
    {\
      ""queryDHI"": {\
        ""bool"": {\
          ""must"": [\
            {\
              ""multi_match"": {\
                ""query"": ""SEARCH_NAME"",\
                ""fields"": [\
                  ""name""\
                ],\
                ""type"": ""phrase"",\
                ""analyzer"": ""dhi_term_analyzer"",\
                ""boost"": 10\
              }\
            },\
            {\
              ""multi_match"": {\
                ""query"": ""SEARCH_ADDRESS"",\
                ""type"": ""most_fields"",\
                ""fields"": [\
                  ""address""\
                ],\
                ""analyzer"": ""dhi_term_analyzer"",\
                ""boost"": 2\
              }\
            }\
          ]\
        }\
      }\
    },\
    {\
      ""queryDHI"": {\
        ""bool"": {\
          ""must"": [\
            {\
              ""multi_match"": {\
                ""query"": ""SEARCH_NAME"",\
                ""fields"": [\
                  ""name""\
                ],\
                ""type"": ""phrase"",\
                ""analyzer"": ""dhi_term_analyzer"",\
                ""boost"": 2\
              }\
            },\
            {\
              ""multi_match"": {\
                ""query"": ""SEARCH_ADDRESS"",\
                ""type"": ""most_fields"",\
                ""fields"": [\
                  ""address""\
                ],\
                ""analyzer"": ""dhi_term_analyzer"",\
                ""boost"": 10\
              }\
            }\
          ]\
        }\
      }\
    }\
  ]\
}","2022-06-20 10:38:29","14","2022-06-23 15:40:25","1","18","2"
"152","CBKOR6","20","Koramangala 6th Block","cb0620@unionbankofindia.com","97520 42994","Koramangala 6th Block","1558","17","101","","","29AAACU0564G2ZC","","AAACU0564G",\N,"UDYAM-KR-03-0106234",\N,\N,\N,\N,"2022-07-13 16:02:54","21",\N,\N,"20","20","UBI","Union Bank of India","UBI@UBI.com","9999999999","Bangalore-560001","{\
  ""nameSearchQueries"": [\
    {\
      ""queryDHI"": {\
        ""multi_match"": {\
          ""query"": ""SEARCH_NAME"",\
          ""fields"": [\
            ""name""\
          ],\
          ""type"": ""phrase"",\
          ""analyzer"": ""dhi_term_analyzer"",\
          ""boost"": 10\
        }\
      }\
    }\
  ],\
  ""addressSearchQueries"": [\
    {\
      ""queryDHI"": {\
        ""match"": {\
          ""address"": {\
            ""query"": ""SEARCH_ADDRESS"",\
            ""analyzer"": ""dhi_term_analyzer""\
          }\
        }\
      }\
    }\
  ],\
  ""nameAddressQueries"": [\
    {\
      ""queryDHI"": {\
        ""bool"": {\
          ""must"": [\
            {\
              ""multi_match"": {\
                ""query"": ""SEARCH_NAME"",\
                ""fields"": [\
                  ""name""\
                ],\
                ""type"": ""phrase"",\
                ""analyzer"": ""dhi_term_analyzer"",\
                ""boost"": 10\
              }\
            },\
            {\
              ""multi_match"": {\
                ""query"": ""SEARCH_ADDRESS"",\
                ""type"": ""most_fields"",\
                ""fields"": [\
                  ""address""\
                ],\
                ""analyzer"": ""dhi_term_analyzer"",\
                ""boost"": 2\
              }\
            }\
          ]\
        }\
      }\
    },\
    {\
      ""queryDHI"": {\
        ""bool"": {\
          ""must"": [\
            {\
              ""multi_match"": {\
                ""query"": ""SEARCH_NAME"",\
                ""fields"": [\
                  ""name""\
                ],\
                ""type"": ""phrase"",\
                ""analyzer"": ""dhi_term_analyzer"",\
                ""boost"": 2\
              }\
            },\
            {\
              ""multi_match"": {\
                ""query"": ""SEARCH_ADDRESS"",\
                ""type"": ""most_fields"",\
                ""fields"": [\
                  ""address""\
                ],\
                ""analyzer"": ""dhi_term_analyzer"",\
                ""boost"": 10\
              }\
            }\
          ]\
        }\
      }\
    }\
  ]\
}","2022-06-20 10:38:29","14","2022-06-23 15:40:25","1","18","2"
"153","CBKTGR","20","Koratagere","cb3220@unionbankofindia.com"," 94493 77280","Koratagere","1685","17","101","","","29AAACU0564G2ZC","","AAACU0564G",\N,"UDYAM-KR-03-0106234",\N,\N,\N,\N,"2022-07-13 16:02:54","21",\N,\N,"20","20","UBI","Union Bank of India","UBI@UBI.com","9999999999","Bangalore-560001","{\
  ""nameSearchQueries"": [\
    {\
      ""queryDHI"": {\
        ""multi_match"": {\
          ""query"": ""SEARCH_NAME"",\
          ""fields"": [\
            ""name""\
          ],\
          ""type"": ""phrase"",\
          ""analyzer"": ""dhi_term_analyzer"",\
          ""boost"": 10\
        }\
      }\
    }\
  ],\
  ""addressSearchQueries"": [\
    {\
      ""queryDHI"": {\
        ""match"": {\
          ""address"": {\
            ""query"": ""SEARCH_ADDRESS"",\
            ""analyzer"": ""dhi_term_analyzer""\
          }\
        }\
      }\
    }\
  ],\
  ""nameAddressQueries"": [\
    {\
      ""queryDHI"": {\
        ""bool"": {\
          ""must"": [\
            {\
              ""multi_match"": {\
                ""query"": ""SEARCH_NAME"",\
                ""fields"": [\
                  ""name""\
                ],\
                ""type"": ""phrase"",\
                ""analyzer"": ""dhi_term_analyzer"",\
                ""boost"": 10\
              }\
            },\
            {\
              ""multi_match"": {\
                ""query"": ""SEARCH_ADDRESS"",\
                ""type"": ""most_fields"",\
                ""fields"": [\
                  ""address""\
                ],\
                ""analyzer"": ""dhi_term_analyzer"",\
                ""boost"": 2\
              }\
            }\
          ]\
        }\
      }\
    },\
    {\
      ""queryDHI"": {\
        ""bool"": {\
          ""must"": [\
            {\
              ""multi_match"": {\
                ""query"": ""SEARCH_NAME"",\
                ""fields"": [\
                  ""name""\
                ],\
                ""type"": ""phrase"",\
                ""analyzer"": ""dhi_term_analyzer"",\
                ""boost"": 2\
              }\
            },\
            {\
              ""multi_match"": {\
                ""query"": ""SEARCH_ADDRESS"",\
                ""type"": ""most_fields"",\
                ""fields"": [\
                  ""address""\
                ],\
                ""analyzer"": ""dhi_term_analyzer"",\
                ""boost"": 10\
              }\
            }\
          ]\
        }\
      }\
    }\
  ]\
}","2022-06-20 10:38:29","14","2022-06-23 15:40:25","1","18","2"
"154","CBKUDL","20","Kudlu (Hosur)","cb0813@corpbank.co.in","96288 85014","Kudlu (Hosur)","1558","17","101","","","29AAACU0564G2ZC","","AAACU0564G",\N,"UDYAM-KR-03-0106234",\N,\N,\N,\N,"2022-07-13 16:02:54","21",\N,\N,"20","20","UBI","Union Bank of India","UBI@UBI.com","9999999999","Bangalore-560001","{\
  ""nameSearchQueries"": [\
    {\
      ""queryDHI"": {\
        ""multi_match"": {\
          ""query"": ""SEARCH_NAME"",\
          ""fields"": [\
            ""name""\
          ],\
          ""type"": ""phrase"",\
          ""analyzer"": ""dhi_term_analyzer"",\
          ""boost"": 10\
        }\
      }\
    }\
  ],\
  ""addressSearchQueries"": [\
    {\
      ""queryDHI"": {\
        ""match"": {\
          ""address"": {\
            ""query"": ""SEARCH_ADDRESS"",\
            ""analyzer"": ""dhi_term_analyzer""\
          }\
        }\
      }\
    }\
  ],\
  ""nameAddressQueries"": [\
    {\
      ""queryDHI"": {\
        ""bool"": {\
          ""must"": [\
            {\
              ""multi_match"": {\
                ""query"": ""SEARCH_NAME"",\
                ""fields"": [\
                  ""name""\
                ],\
                ""type"": ""phrase"",\
                ""analyzer"": ""dhi_term_analyzer"",\
                ""boost"": 10\
              }\
            },\
            {\
              ""multi_match"": {\
                ""query"": ""SEARCH_ADDRESS"",\
                ""type"": ""most_fields"",\
                ""fields"": [\
                  ""address""\
                ],\
                ""analyzer"": ""dhi_term_analyzer"",\
                ""boost"": 2\
              }\
            }\
          ]\
        }\
      }\
    },\
    {\
      ""queryDHI"": {\
        ""bool"": {\
          ""must"": [\
            {\
              ""multi_match"": {\
                ""query"": ""SEARCH_NAME"",\
                ""fields"": [\
                  ""name""\
                ],\
                ""type"": ""phrase"",\
                ""analyzer"": ""dhi_term_analyzer"",\
                ""boost"": 2\
              }\
            },\
            {\
              ""multi_match"": {\
                ""query"": ""SEARCH_ADDRESS"",\
                ""type"": ""most_fields"",\
                ""fields"": [\
                  ""address""\
                ],\
                ""analyzer"": ""dhi_term_analyzer"",\
                ""boost"": 10\
              }\
            }\
          ]\
        }\
      }\
    }\
  ]\
}","2022-06-20 10:38:29","14","2022-06-23 15:40:25","1","18","2"
"155","CBKMPK","20","Kumara Park","cb0751@unionbankofindia.com","99721 81920","Kumara Park","1558","17","101","","","29AAACU0564G2ZC","","AAACU0564G",\N,"UDYAM-KR-03-0106234",\N,\N,\N,\N,"2022-07-13 16:02:54","21",\N,\N,"20","20","UBI","Union Bank of India","UBI@UBI.com","9999999999","Bangalore-560001","{\
  ""nameSearchQueries"": [\
    {\
      ""queryDHI"": {\
        ""multi_match"": {\
          ""query"": ""SEARCH_NAME"",\
          ""fields"": [\
            ""name""\
          ],\
          ""type"": ""phrase"",\
          ""analyzer"": ""dhi_term_analyzer"",\
          ""boost"": 10\
        }\
      }\
    }\
  ],\
  ""addressSearchQueries"": [\
    {\
      ""queryDHI"": {\
        ""match"": {\
          ""address"": {\
            ""query"": ""SEARCH_ADDRESS"",\
            ""analyzer"": ""dhi_term_analyzer""\
          }\
        }\
      }\
    }\
  ],\
  ""nameAddressQueries"": [\
    {\
      ""queryDHI"": {\
        ""bool"": {\
          ""must"": [\
            {\
              ""multi_match"": {\
                ""query"": ""SEARCH_NAME"",\
                ""fields"": [\
                  ""name""\
                ],\
                ""type"": ""phrase"",\
                ""analyzer"": ""dhi_term_analyzer"",\
                ""boost"": 10\
              }\
            },\
            {\
              ""multi_match"": {\
                ""query"": ""SEARCH_ADDRESS"",\
                ""type"": ""most_fields"",\
                ""fields"": [\
                  ""address""\
                ],\
                ""analyzer"": ""dhi_term_analyzer"",\
                ""boost"": 2\
              }\
            }\
          ]\
        }\
      }\
    },\
    {\
      ""queryDHI"": {\
        ""bool"": {\
          ""must"": [\
            {\
              ""multi_match"": {\
                ""query"": ""SEARCH_NAME"",\
                ""fields"": [\
                  ""name""\
                ],\
                ""type"": ""phrase"",\
                ""analyzer"": ""dhi_term_analyzer"",\
                ""boost"": 2\
              }\
            },\
            {\
              ""multi_match"": {\
                ""query"": ""SEARCH_ADDRESS"",\
                ""type"": ""most_fields"",\
                ""fields"": [\
                  ""address""\
                ],\
                ""analyzer"": ""dhi_term_analyzer"",\
                ""boost"": 10\
              }\
            }\
          ]\
        }\
      }\
    }\
  ]\
}","2022-06-20 10:38:29","14","2022-06-23 15:40:25","1","18","2"
"156","CBKUMB","20","Kumbalagodu","cb1938@unionbankofindia.com","9620549793","Kumbalagodu","1558","17","101","","","29AAACU0564G2ZC","","AAACU0564G",\N,"UDYAM-KR-03-0106234",\N,\N,\N,\N,"2022-07-13 16:02:54","21",\N,\N,"20","20","UBI","Union Bank of India","UBI@UBI.com","9999999999","Bangalore-560001","{\
  ""nameSearchQueries"": [\
    {\
      ""queryDHI"": {\
        ""multi_match"": {\
          ""query"": ""SEARCH_NAME"",\
          ""fields"": [\
            ""name""\
          ],\
          ""type"": ""phrase"",\
          ""analyzer"": ""dhi_term_analyzer"",\
          ""boost"": 10\
        }\
      }\
    }\
  ],\
  ""addressSearchQueries"": [\
    {\
      ""queryDHI"": {\
        ""match"": {\
          ""address"": {\
            ""query"": ""SEARCH_ADDRESS"",\
            ""analyzer"": ""dhi_term_analyzer""\
          }\
        }\
      }\
    }\
  ],\
  ""nameAddressQueries"": [\
    {\
      ""queryDHI"": {\
        ""bool"": {\
          ""must"": [\
            {\
              ""multi_match"": {\
                ""query"": ""SEARCH_NAME"",\
                ""fields"": [\
                  ""name""\
                ],\
                ""type"": ""phrase"",\
                ""analyzer"": ""dhi_term_analyzer"",\
                ""boost"": 10\
              }\
            },\
            {\
              ""multi_match"": {\
                ""query"": ""SEARCH_ADDRESS"",\
                ""type"": ""most_fields"",\
                ""fields"": [\
                  ""address""\
                ],\
                ""analyzer"": ""dhi_term_analyzer"",\
                ""boost"": 2\
              }\
            }\
          ]\
        }\
      }\
    },\
    {\
      ""queryDHI"": {\
        ""bool"": {\
          ""must"": [\
            {\
              ""multi_match"": {\
                ""query"": ""SEARCH_NAME"",\
                ""fields"": [\
                  ""name""\
                ],\
                ""type"": ""phrase"",\
                ""analyzer"": ""dhi_term_analyzer"",\
                ""boost"": 2\
              }\
            },\
            {\
              ""multi_match"": {\
                ""query"": ""SEARCH_ADDRESS"",\
                ""type"": ""most_fields"",\
                ""fields"": [\
                  ""address""\
                ],\
                ""analyzer"": ""dhi_term_analyzer"",\
                ""boost"": 10\
              }\
            }\
          ]\
        }\
      }\
    }\
  ]\
}","2022-06-20 10:38:29","14","2022-06-23 15:40:25","1","18","2"
"157","CBKUNI","20","Kunigal","cb1376@corpbank.co.in","96639 43266","Kunigal","1701","17","101","","","29AAACU0564G2ZC","","AAACU0564G",\N,"UDYAM-KR-03-0106234",\N,\N,\N,\N,"2022-07-13 16:02:54","21",\N,\N,"20","20","UBI","Union Bank of India","UBI@UBI.com","9999999999","Bangalore-560001","{\
  ""nameSearchQueries"": [\
    {\
      ""queryDHI"": {\
        ""multi_match"": {\
          ""query"": ""SEARCH_NAME"",\
          ""fields"": [\
            ""name""\
          ],\
          ""type"": ""phrase"",\
          ""analyzer"": ""dhi_term_analyzer"",\
          ""boost"": 10\
        }\
      }\
    }\
  ],\
  ""addressSearchQueries"": [\
    {\
      ""queryDHI"": {\
        ""match"": {\
          ""address"": {\
            ""query"": ""SEARCH_ADDRESS"",\
            ""analyzer"": ""dhi_term_analyzer""\
          }\
        }\
      }\
    }\
  ],\
  ""nameAddressQueries"": [\
    {\
      ""queryDHI"": {\
        ""bool"": {\
          ""must"": [\
            {\
              ""multi_match"": {\
                ""query"": ""SEARCH_NAME"",\
                ""fields"": [\
                  ""name""\
                ],\
                ""type"": ""phrase"",\
                ""analyzer"": ""dhi_term_analyzer"",\
                ""boost"": 10\
              }\
            },\
            {\
              ""multi_match"": {\
                ""query"": ""SEARCH_ADDRESS"",\
                ""type"": ""most_fields"",\
                ""fields"": [\
                  ""address""\
                ],\
                ""analyzer"": ""dhi_term_analyzer"",\
                ""boost"": 2\
              }\
            }\
          ]\
        }\
      }\
    },\
    {\
      ""queryDHI"": {\
        ""bool"": {\
          ""must"": [\
            {\
              ""multi_match"": {\
                ""query"": ""SEARCH_NAME"",\
                ""fields"": [\
                  ""name""\
                ],\
                ""type"": ""phrase"",\
                ""analyzer"": ""dhi_term_analyzer"",\
                ""boost"": 2\
              }\
            },\
            {\
              ""multi_match"": {\
                ""query"": ""SEARCH_ADDRESS"",\
                ""type"": ""most_fields"",\
                ""fields"": [\
                  ""address""\
                ],\
                ""analyzer"": ""dhi_term_analyzer"",\
                ""boost"": 10\
              }\
            }\
          ]\
        }\
      }\
    }\
  ]\
}","2022-06-20 10:38:29","14","2022-06-23 15:40:25","1","18","2"
"158","CBMDGR","20","Madhugiri","cb3268@unionbankofindia.com","99727 36169","Madhugiri","1710","17","101","","","29AAACU0564G2ZC","","AAACU0564G",\N,"UDYAM-KR-03-0106234",\N,\N,\N,\N,"2022-07-13 16:02:54","21",\N,\N,"20","20","UBI","Union Bank of India","UBI@UBI.com","9999999999","Bangalore-560001","{\
  ""nameSearchQueries"": [\
    {\
      ""queryDHI"": {\
        ""multi_match"": {\
          ""query"": ""SEARCH_NAME"",\
          ""fields"": [\
            ""name""\
          ],\
          ""type"": ""phrase"",\
          ""analyzer"": ""dhi_term_analyzer"",\
          ""boost"": 10\
        }\
      }\
    }\
  ],\
  ""addressSearchQueries"": [\
    {\
      ""queryDHI"": {\
        ""match"": {\
          ""address"": {\
            ""query"": ""SEARCH_ADDRESS"",\
            ""analyzer"": ""dhi_term_analyzer""\
          }\
        }\
      }\
    }\
  ],\
  ""nameAddressQueries"": [\
    {\
      ""queryDHI"": {\
        ""bool"": {\
          ""must"": [\
            {\
              ""multi_match"": {\
                ""query"": ""SEARCH_NAME"",\
                ""fields"": [\
                  ""name""\
                ],\
                ""type"": ""phrase"",\
                ""analyzer"": ""dhi_term_analyzer"",\
                ""boost"": 10\
              }\
            },\
            {\
              ""multi_match"": {\
                ""query"": ""SEARCH_ADDRESS"",\
                ""type"": ""most_fields"",\
                ""fields"": [\
                  ""address""\
                ],\
                ""analyzer"": ""dhi_term_analyzer"",\
                ""boost"": 2\
              }\
            }\
          ]\
        }\
      }\
    },\
    {\
      ""queryDHI"": {\
        ""bool"": {\
          ""must"": [\
            {\
              ""multi_match"": {\
                ""query"": ""SEARCH_NAME"",\
                ""fields"": [\
                  ""name""\
                ],\
                ""type"": ""phrase"",\
                ""analyzer"": ""dhi_term_analyzer"",\
                ""boost"": 2\
              }\
            },\
            {\
              ""multi_match"": {\
                ""query"": ""SEARCH_ADDRESS"",\
                ""type"": ""most_fields"",\
                ""fields"": [\
                  ""address""\
                ],\
                ""analyzer"": ""dhi_term_analyzer"",\
                ""boost"": 10\
              }\
            }\
          ]\
        }\
      }\
    }\
  ]\
}","2022-06-20 10:38:29","14","2022-06-23 15:40:25","1","18","2"
"159","CBMDWL","20","Madiwala","ubin0912280@unionbankofindia.bank"," 90365 44652","Madiwala","1558","17","101","","","29AAACU0564G2ZC","","AAACU0564G",\N,"UDYAM-KR-03-0106234",\N,\N,\N,\N,"2022-07-13 16:02:54","21",\N,\N,"20","20","UBI","Union Bank of India","UBI@UBI.com","9999999999","Bangalore-560001","{\
  ""nameSearchQueries"": [\
    {\
      ""queryDHI"": {\
        ""multi_match"": {\
          ""query"": ""SEARCH_NAME"",\
          ""fields"": [\
            ""name""\
          ],\
          ""type"": ""phrase"",\
          ""analyzer"": ""dhi_term_analyzer"",\
          ""boost"": 10\
        }\
      }\
    }\
  ],\
  ""addressSearchQueries"": [\
    {\
      ""queryDHI"": {\
        ""match"": {\
          ""address"": {\
            ""query"": ""SEARCH_ADDRESS"",\
            ""analyzer"": ""dhi_term_analyzer""\
          }\
        }\
      }\
    }\
  ],\
  ""nameAddressQueries"": [\
    {\
      ""queryDHI"": {\
        ""bool"": {\
          ""must"": [\
            {\
              ""multi_match"": {\
                ""query"": ""SEARCH_NAME"",\
                ""fields"": [\
                  ""name""\
                ],\
                ""type"": ""phrase"",\
                ""analyzer"": ""dhi_term_analyzer"",\
                ""boost"": 10\
              }\
            },\
            {\
              ""multi_match"": {\
                ""query"": ""SEARCH_ADDRESS"",\
                ""type"": ""most_fields"",\
                ""fields"": [\
                  ""address""\
                ],\
                ""analyzer"": ""dhi_term_analyzer"",\
                ""boost"": 2\
              }\
            }\
          ]\
        }\
      }\
    },\
    {\
      ""queryDHI"": {\
        ""bool"": {\
          ""must"": [\
            {\
              ""multi_match"": {\
                ""query"": ""SEARCH_NAME"",\
                ""fields"": [\
                  ""name""\
                ],\
                ""type"": ""phrase"",\
                ""analyzer"": ""dhi_term_analyzer"",\
                ""boost"": 2\
              }\
            },\
            {\
              ""multi_match"": {\
                ""query"": ""SEARCH_ADDRESS"",\
                ""type"": ""most_fields"",\
                ""fields"": [\
                  ""address""\
                ],\
                ""analyzer"": ""dhi_term_analyzer"",\
                ""boost"": 10\
              }\
            }\
          ]\
        }\
      }\
    }\
  ]\
}","2022-06-20 10:38:29","14","2022-06-23 15:40:25","1","18","2"
"160","CBMDRD","20","Magadi Road","ubin0911941@unionbankofindia.bank"," 95344 05869","Magadi Road","1558","17","101","","","29AAACU0564G2ZC","","AAACU0564G",\N,"UDYAM-KR-03-0106234",\N,\N,\N,\N,"2022-07-13 16:02:54","21",\N,\N,"20","20","UBI","Union Bank of India","UBI@UBI.com","9999999999","Bangalore-560001","{\
  ""nameSearchQueries"": [\
    {\
      ""queryDHI"": {\
        ""multi_match"": {\
          ""query"": ""SEARCH_NAME"",\
          ""fields"": [\
            ""name""\
          ],\
          ""type"": ""phrase"",\
          ""analyzer"": ""dhi_term_analyzer"",\
          ""boost"": 10\
        }\
      }\
    }\
  ],\
  ""addressSearchQueries"": [\
    {\
      ""queryDHI"": {\
        ""match"": {\
          ""address"": {\
            ""query"": ""SEARCH_ADDRESS"",\
            ""analyzer"": ""dhi_term_analyzer""\
          }\
        }\
      }\
    }\
  ],\
  ""nameAddressQueries"": [\
    {\
      ""queryDHI"": {\
        ""bool"": {\
          ""must"": [\
            {\
              ""multi_match"": {\
                ""query"": ""SEARCH_NAME"",\
                ""fields"": [\
                  ""name""\
                ],\
                ""type"": ""phrase"",\
                ""analyzer"": ""dhi_term_analyzer"",\
                ""boost"": 10\
              }\
            },\
            {\
              ""multi_match"": {\
                ""query"": ""SEARCH_ADDRESS"",\
                ""type"": ""most_fields"",\
                ""fields"": [\
                  ""address""\
                ],\
                ""analyzer"": ""dhi_term_analyzer"",\
                ""boost"": 2\
              }\
            }\
          ]\
        }\
      }\
    },\
    {\
      ""queryDHI"": {\
        ""bool"": {\
          ""must"": [\
            {\
              ""multi_match"": {\
                ""query"": ""SEARCH_NAME"",\
                ""fields"": [\
                  ""name""\
                ],\
                ""type"": ""phrase"",\
                ""analyzer"": ""dhi_term_analyzer"",\
                ""boost"": 2\
              }\
            },\
            {\
              ""multi_match"": {\
                ""query"": ""SEARCH_ADDRESS"",\
                ""type"": ""most_fields"",\
                ""fields"": [\
                  ""address""\
                ],\
                ""analyzer"": ""dhi_term_analyzer"",\
                ""boost"": 10\
              }\
            }\
          ]\
        }\
      }\
    }\
  ]\
}","2022-06-20 10:38:29","14","2022-06-23 15:40:25","1","18","2"
"161","CBMLLT","20","Mahalakshmi Layout","cb0450@unionbankofindia.com","98188 11309","Mahalakshmi Layout","1558","17","101","","","29AAACU0564G2ZC","","AAACU0564G",\N,"UDYAM-KR-03-0106234",\N,\N,\N,\N,"2022-07-13 16:02:54","21",\N,\N,"20","20","UBI","Union Bank of India","UBI@UBI.com","9999999999","Bangalore-560001","{\
  ""nameSearchQueries"": [\
    {\
      ""queryDHI"": {\
        ""multi_match"": {\
          ""query"": ""SEARCH_NAME"",\
          ""fields"": [\
            ""name""\
          ],\
          ""type"": ""phrase"",\
          ""analyzer"": ""dhi_term_analyzer"",\
          ""boost"": 10\
        }\
      }\
    }\
  ],\
  ""addressSearchQueries"": [\
    {\
      ""queryDHI"": {\
        ""match"": {\
          ""address"": {\
            ""query"": ""SEARCH_ADDRESS"",\
            ""analyzer"": ""dhi_term_analyzer""\
          }\
        }\
      }\
    }\
  ],\
  ""nameAddressQueries"": [\
    {\
      ""queryDHI"": {\
        ""bool"": {\
          ""must"": [\
            {\
              ""multi_match"": {\
                ""query"": ""SEARCH_NAME"",\
                ""fields"": [\
                  ""name""\
                ],\
                ""type"": ""phrase"",\
                ""analyzer"": ""dhi_term_analyzer"",\
                ""boost"": 10\
              }\
            },\
            {\
              ""multi_match"": {\
                ""query"": ""SEARCH_ADDRESS"",\
                ""type"": ""most_fields"",\
                ""fields"": [\
                  ""address""\
                ],\
                ""analyzer"": ""dhi_term_analyzer"",\
                ""boost"": 2\
              }\
            }\
          ]\
        }\
      }\
    },\
    {\
      ""queryDHI"": {\
        ""bool"": {\
          ""must"": [\
            {\
              ""multi_match"": {\
                ""query"": ""SEARCH_NAME"",\
                ""fields"": [\
                  ""name""\
                ],\
                ""type"": ""phrase"",\
                ""analyzer"": ""dhi_term_analyzer"",\
                ""boost"": 2\
              }\
            },\
            {\
              ""multi_match"": {\
                ""query"": ""SEARCH_ADDRESS"",\
                ""type"": ""most_fields"",\
                ""fields"": [\
                  ""address""\
                ],\
                ""analyzer"": ""dhi_term_analyzer"",\
                ""boost"": 10\
              }\
            }\
          ]\
        }\
      }\
    }\
  ]\
}","2022-06-20 10:38:29","14","2022-06-23 15:40:25","1","18","2"
"162","CBMGRD","20","MG Road","cb0341@unionbankofindia.com"," 84317 70382","MG Road","1558","17","101","","","29AAACU0564G2ZC","","AAACU0564G",\N,"UDYAM-KR-03-0106234",\N,\N,\N,\N,"2022-07-13 16:02:54","21",\N,\N,"20","20","UBI","Union Bank of India","UBI@UBI.com","9999999999","Bangalore-560001","{\
  ""nameSearchQueries"": [\
    {\
      ""queryDHI"": {\
        ""multi_match"": {\
          ""query"": ""SEARCH_NAME"",\
          ""fields"": [\
            ""name""\
          ],\
          ""type"": ""phrase"",\
          ""analyzer"": ""dhi_term_analyzer"",\
          ""boost"": 10\
        }\
      }\
    }\
  ],\
  ""addressSearchQueries"": [\
    {\
      ""queryDHI"": {\
        ""match"": {\
          ""address"": {\
            ""query"": ""SEARCH_ADDRESS"",\
            ""analyzer"": ""dhi_term_analyzer""\
          }\
        }\
      }\
    }\
  ],\
  ""nameAddressQueries"": [\
    {\
      ""queryDHI"": {\
        ""bool"": {\
          ""must"": [\
            {\
              ""multi_match"": {\
                ""query"": ""SEARCH_NAME"",\
                ""fields"": [\
                  ""name""\
                ],\
                ""type"": ""phrase"",\
                ""analyzer"": ""dhi_term_analyzer"",\
                ""boost"": 10\
              }\
            },\
            {\
              ""multi_match"": {\
                ""query"": ""SEARCH_ADDRESS"",\
                ""type"": ""most_fields"",\
                ""fields"": [\
                  ""address""\
                ],\
                ""analyzer"": ""dhi_term_analyzer"",\
                ""boost"": 2\
              }\
            }\
          ]\
        }\
      }\
    },\
    {\
      ""queryDHI"": {\
        ""bool"": {\
          ""must"": [\
            {\
              ""multi_match"": {\
                ""query"": ""SEARCH_NAME"",\
                ""fields"": [\
                  ""name""\
                ],\
                ""type"": ""phrase"",\
                ""analyzer"": ""dhi_term_analyzer"",\
                ""boost"": 2\
              }\
            },\
            {\
              ""multi_match"": {\
                ""query"": ""SEARCH_ADDRESS"",\
                ""type"": ""most_fields"",\
                ""fields"": [\
                  ""address""\
                ],\
                ""analyzer"": ""dhi_term_analyzer"",\
                ""boost"": 10\
              }\
            }\
          ]\
        }\
      }\
    }\
  ]\
}","2022-06-20 10:38:29","14","2022-06-23 15:40:25","1","18","2"
"163","CBMOTO","20","Motorala","cb0835@unionbankofindia.com","90599 14567","Motorala","1558","17","101","","","29AAACU0564G2ZC","","AAACU0564G",\N,"UDYAM-KR-03-0106234",\N,\N,\N,\N,"2022-07-13 16:02:54","21",\N,\N,"20","20","UBI","Union Bank of India","UBI@UBI.com","9999999999","Bangalore-560001","{\
  ""nameSearchQueries"": [\
    {\
      ""queryDHI"": {\
        ""multi_match"": {\
          ""query"": ""SEARCH_NAME"",\
          ""fields"": [\
            ""name""\
          ],\
          ""type"": ""phrase"",\
          ""analyzer"": ""dhi_term_analyzer"",\
          ""boost"": 10\
        }\
      }\
    }\
  ],\
  ""addressSearchQueries"": [\
    {\
      ""queryDHI"": {\
        ""match"": {\
          ""address"": {\
            ""query"": ""SEARCH_ADDRESS"",\
            ""analyzer"": ""dhi_term_analyzer""\
          }\
        }\
      }\
    }\
  ],\
  ""nameAddressQueries"": [\
    {\
      ""queryDHI"": {\
        ""bool"": {\
          ""must"": [\
            {\
              ""multi_match"": {\
                ""query"": ""SEARCH_NAME"",\
                ""fields"": [\
                  ""name""\
                ],\
                ""type"": ""phrase"",\
                ""analyzer"": ""dhi_term_analyzer"",\
                ""boost"": 10\
              }\
            },\
            {\
              ""multi_match"": {\
                ""query"": ""SEARCH_ADDRESS"",\
                ""type"": ""most_fields"",\
                ""fields"": [\
                  ""address""\
                ],\
                ""analyzer"": ""dhi_term_analyzer"",\
                ""boost"": 2\
              }\
            }\
          ]\
        }\
      }\
    },\
    {\
      ""queryDHI"": {\
        ""bool"": {\
          ""must"": [\
            {\
              ""multi_match"": {\
                ""query"": ""SEARCH_NAME"",\
                ""fields"": [\
                  ""name""\
                ],\
                ""type"": ""phrase"",\
                ""analyzer"": ""dhi_term_analyzer"",\
                ""boost"": 2\
              }\
            },\
            {\
              ""multi_match"": {\
                ""query"": ""SEARCH_ADDRESS"",\
                ""type"": ""most_fields"",\
                ""fields"": [\
                  ""address""\
                ],\
                ""analyzer"": ""dhi_term_analyzer"",\
                ""boost"": 10\
              }\
            }\
          ]\
        }\
      }\
    }\
  ]\
}","2022-06-20 10:38:29","14","2022-06-23 15:40:25","1","18","2"
"164","CBMUTH","20","Muthanalur","ubin0931152@unionbankofindia.bank","9980433919","Muthanalur","1558","17","101","","","29AAACU0564G2ZC","","AAACU0564G",\N,"UDYAM-KR-03-0106234",\N,\N,\N,\N,"2022-07-13 16:02:54","21",\N,\N,"20","20","UBI","Union Bank of India","UBI@UBI.com","9999999999","Bangalore-560001","{\
  ""nameSearchQueries"": [\
    {\
      ""queryDHI"": {\
        ""multi_match"": {\
          ""query"": ""SEARCH_NAME"",\
          ""fields"": [\
            ""name""\
          ],\
          ""type"": ""phrase"",\
          ""analyzer"": ""dhi_term_analyzer"",\
          ""boost"": 10\
        }\
      }\
    }\
  ],\
  ""addressSearchQueries"": [\
    {\
      ""queryDHI"": {\
        ""match"": {\
          ""address"": {\
            ""query"": ""SEARCH_ADDRESS"",\
            ""analyzer"": ""dhi_term_analyzer""\
          }\
        }\
      }\
    }\
  ],\
  ""nameAddressQueries"": [\
    {\
      ""queryDHI"": {\
        ""bool"": {\
          ""must"": [\
            {\
              ""multi_match"": {\
                ""query"": ""SEARCH_NAME"",\
                ""fields"": [\
                  ""name""\
                ],\
                ""type"": ""phrase"",\
                ""analyzer"": ""dhi_term_analyzer"",\
                ""boost"": 10\
              }\
            },\
            {\
              ""multi_match"": {\
                ""query"": ""SEARCH_ADDRESS"",\
                ""type"": ""most_fields"",\
                ""fields"": [\
                  ""address""\
                ],\
                ""analyzer"": ""dhi_term_analyzer"",\
                ""boost"": 2\
              }\
            }\
          ]\
        }\
      }\
    },\
    {\
      ""queryDHI"": {\
        ""bool"": {\
          ""must"": [\
            {\
              ""multi_match"": {\
                ""query"": ""SEARCH_NAME"",\
                ""fields"": [\
                  ""name""\
                ],\
                ""type"": ""phrase"",\
                ""analyzer"": ""dhi_term_analyzer"",\
                ""boost"": 2\
              }\
            },\
            {\
              ""multi_match"": {\
                ""query"": ""SEARCH_ADDRESS"",\
                ""type"": ""most_fields"",\
                ""fields"": [\
                  ""address""\
                ],\
                ""analyzer"": ""dhi_term_analyzer"",\
                ""boost"": 10\
              }\
            }\
          ]\
        }\
      }\
    }\
  ]\
}","2022-06-20 10:38:29","14","2022-06-23 15:40:25","1","18","2"
"165","CBMLWR","20","Malleshwaram","cb0056@corpbank.co.in","76006 14247","Malleshwaram","1558","17","101","","","29AAACU0564G2ZC","","AAACU0564G",\N,"UDYAM-KR-03-0106234",\N,\N,\N,\N,"2022-07-13 16:02:54","21",\N,\N,"20","20","UBI","Union Bank of India","UBI@UBI.com","9999999999","Bangalore-560001","{\
  ""nameSearchQueries"": [\
    {\
      ""queryDHI"": {\
        ""multi_match"": {\
          ""query"": ""SEARCH_NAME"",\
          ""fields"": [\
            ""name""\
          ],\
          ""type"": ""phrase"",\
          ""analyzer"": ""dhi_term_analyzer"",\
          ""boost"": 10\
        }\
      }\
    }\
  ],\
  ""addressSearchQueries"": [\
    {\
      ""queryDHI"": {\
        ""match"": {\
          ""address"": {\
            ""query"": ""SEARCH_ADDRESS"",\
            ""analyzer"": ""dhi_term_analyzer""\
          }\
        }\
      }\
    }\
  ],\
  ""nameAddressQueries"": [\
    {\
      ""queryDHI"": {\
        ""bool"": {\
          ""must"": [\
            {\
              ""multi_match"": {\
                ""query"": ""SEARCH_NAME"",\
                ""fields"": [\
                  ""name""\
                ],\
                ""type"": ""phrase"",\
                ""analyzer"": ""dhi_term_analyzer"",\
                ""boost"": 10\
              }\
            },\
            {\
              ""multi_match"": {\
                ""query"": ""SEARCH_ADDRESS"",\
                ""type"": ""most_fields"",\
                ""fields"": [\
                  ""address""\
                ],\
                ""analyzer"": ""dhi_term_analyzer"",\
                ""boost"": 2\
              }\
            }\
          ]\
        }\
      }\
    },\
    {\
      ""queryDHI"": {\
        ""bool"": {\
          ""must"": [\
            {\
              ""multi_match"": {\
                ""query"": ""SEARCH_NAME"",\
                ""fields"": [\
                  ""name""\
                ],\
                ""type"": ""phrase"",\
                ""analyzer"": ""dhi_term_analyzer"",\
                ""boost"": 2\
              }\
            },\
            {\
              ""multi_match"": {\
                ""query"": ""SEARCH_ADDRESS"",\
                ""type"": ""most_fields"",\
                ""fields"": [\
                  ""address""\
                ],\
                ""analyzer"": ""dhi_term_analyzer"",\
                ""boost"": 10\
              }\
            }\
          ]\
        }\
      }\
    }\
  ]\
}","2022-06-20 10:38:29","14","2022-06-23 15:40:25","1","18","2"
"166","CBMSRD","20","Mysore Road","cb0395@unionbankofindia.com","80885 81343","Mysore Road","1558","17","101","","","29AAACU0564G2ZC","","AAACU0564G",\N,"UDYAM-KR-03-0106234",\N,\N,\N,\N,"2022-07-13 16:02:54","21",\N,\N,"20","20","UBI","Union Bank of India","UBI@UBI.com","9999999999","Bangalore-560001","{\
  ""nameSearchQueries"": [\
    {\
      ""queryDHI"": {\
        ""multi_match"": {\
          ""query"": ""SEARCH_NAME"",\
          ""fields"": [\
            ""name""\
          ],\
          ""type"": ""phrase"",\
          ""analyzer"": ""dhi_term_analyzer"",\
          ""boost"": 10\
        }\
      }\
    }\
  ],\
  ""addressSearchQueries"": [\
    {\
      ""queryDHI"": {\
        ""match"": {\
          ""address"": {\
            ""query"": ""SEARCH_ADDRESS"",\
            ""analyzer"": ""dhi_term_analyzer""\
          }\
        }\
      }\
    }\
  ],\
  ""nameAddressQueries"": [\
    {\
      ""queryDHI"": {\
        ""bool"": {\
          ""must"": [\
            {\
              ""multi_match"": {\
                ""query"": ""SEARCH_NAME"",\
                ""fields"": [\
                  ""name""\
                ],\
                ""type"": ""phrase"",\
                ""analyzer"": ""dhi_term_analyzer"",\
                ""boost"": 10\
              }\
            },\
            {\
              ""multi_match"": {\
                ""query"": ""SEARCH_ADDRESS"",\
                ""type"": ""most_fields"",\
                ""fields"": [\
                  ""address""\
                ],\
                ""analyzer"": ""dhi_term_analyzer"",\
                ""boost"": 2\
              }\
            }\
          ]\
        }\
      }\
    },\
    {\
      ""queryDHI"": {\
        ""bool"": {\
          ""must"": [\
            {\
              ""multi_match"": {\
                ""query"": ""SEARCH_NAME"",\
                ""fields"": [\
                  ""name""\
                ],\
                ""type"": ""phrase"",\
                ""analyzer"": ""dhi_term_analyzer"",\
                ""boost"": 2\
              }\
            },\
            {\
              ""multi_match"": {\
                ""query"": ""SEARCH_ADDRESS"",\
                ""type"": ""most_fields"",\
                ""fields"": [\
                  ""address""\
                ],\
                ""analyzer"": ""dhi_term_analyzer"",\
                ""boost"": 10\
              }\
            }\
          ]\
        }\
      }\
    }\
  ]\
}","2022-06-20 10:38:29","14","2022-06-23 15:40:25","1","18","2"
"167","CBNGBV","20","Nagarbhavi","cb0772@unionbankofindia.com","91 94801 67901","Nagarbhavi","1558","17","101","","","29AAACU0564G2ZC","","AAACU0564G",\N,"UDYAM-KR-03-0106234",\N,\N,\N,\N,"2022-07-13 16:02:54","21",\N,\N,"20","20","UBI","Union Bank of India","UBI@UBI.com","9999999999","Bangalore-560001","{\
  ""nameSearchQueries"": [\
    {\
      ""queryDHI"": {\
        ""multi_match"": {\
          ""query"": ""SEARCH_NAME"",\
          ""fields"": [\
            ""name""\
          ],\
          ""type"": ""phrase"",\
          ""analyzer"": ""dhi_term_analyzer"",\
          ""boost"": 10\
        }\
      }\
    }\
  ],\
  ""addressSearchQueries"": [\
    {\
      ""queryDHI"": {\
        ""match"": {\
          ""address"": {\
            ""query"": ""SEARCH_ADDRESS"",\
            ""analyzer"": ""dhi_term_analyzer""\
          }\
        }\
      }\
    }\
  ],\
  ""nameAddressQueries"": [\
    {\
      ""queryDHI"": {\
        ""bool"": {\
          ""must"": [\
            {\
              ""multi_match"": {\
                ""query"": ""SEARCH_NAME"",\
                ""fields"": [\
                  ""name""\
                ],\
                ""type"": ""phrase"",\
                ""analyzer"": ""dhi_term_analyzer"",\
                ""boost"": 10\
              }\
            },\
            {\
              ""multi_match"": {\
                ""query"": ""SEARCH_ADDRESS"",\
                ""type"": ""most_fields"",\
                ""fields"": [\
                  ""address""\
                ],\
                ""analyzer"": ""dhi_term_analyzer"",\
                ""boost"": 2\
              }\
            }\
          ]\
        }\
      }\
    },\
    {\
      ""queryDHI"": {\
        ""bool"": {\
          ""must"": [\
            {\
              ""multi_match"": {\
                ""query"": ""SEARCH_NAME"",\
                ""fields"": [\
                  ""name""\
                ],\
                ""type"": ""phrase"",\
                ""analyzer"": ""dhi_term_analyzer"",\
                ""boost"": 2\
              }\
            },\
            {\
              ""multi_match"": {\
                ""query"": ""SEARCH_ADDRESS"",\
                ""type"": ""most_fields"",\
                ""fields"": [\
                  ""address""\
                ],\
                ""analyzer"": ""dhi_term_analyzer"",\
                ""boost"": 10\
              }\
            }\
          ]\
        }\
      }\
    }\
  ]\
}","2022-06-20 10:38:29","14","2022-06-23 15:40:25","1","18","2"
"168","CBNELA","20","Nelamangala","cb0715@unionbankofindia.com","72596 68715","Nelamangala","1558","17","101","","","29AAACU0564G2ZC","","AAACU0564G",\N,"UDYAM-KR-03-0106234",\N,\N,\N,\N,"2022-07-13 16:02:54","21",\N,\N,"20","20","UBI","Union Bank of India","UBI@UBI.com","9999999999","Bangalore-560001","{\
  ""nameSearchQueries"": [\
    {\
      ""queryDHI"": {\
        ""multi_match"": {\
          ""query"": ""SEARCH_NAME"",\
          ""fields"": [\
            ""name""\
          ],\
          ""type"": ""phrase"",\
          ""analyzer"": ""dhi_term_analyzer"",\
          ""boost"": 10\
        }\
      }\
    }\
  ],\
  ""addressSearchQueries"": [\
    {\
      ""queryDHI"": {\
        ""match"": {\
          ""address"": {\
            ""query"": ""SEARCH_ADDRESS"",\
            ""analyzer"": ""dhi_term_analyzer""\
          }\
        }\
      }\
    }\
  ],\
  ""nameAddressQueries"": [\
    {\
      ""queryDHI"": {\
        ""bool"": {\
          ""must"": [\
            {\
              ""multi_match"": {\
                ""query"": ""SEARCH_NAME"",\
                ""fields"": [\
                  ""name""\
                ],\
                ""type"": ""phrase"",\
                ""analyzer"": ""dhi_term_analyzer"",\
                ""boost"": 10\
              }\
            },\
            {\
              ""multi_match"": {\
                ""query"": ""SEARCH_ADDRESS"",\
                ""type"": ""most_fields"",\
                ""fields"": [\
                  ""address""\
                ],\
                ""analyzer"": ""dhi_term_analyzer"",\
                ""boost"": 2\
              }\
            }\
          ]\
        }\
      }\
    },\
    {\
      ""queryDHI"": {\
        ""bool"": {\
          ""must"": [\
            {\
              ""multi_match"": {\
                ""query"": ""SEARCH_NAME"",\
                ""fields"": [\
                  ""name""\
                ],\
                ""type"": ""phrase"",\
                ""analyzer"": ""dhi_term_analyzer"",\
                ""boost"": 2\
              }\
            },\
            {\
              ""multi_match"": {\
                ""query"": ""SEARCH_ADDRESS"",\
                ""type"": ""most_fields"",\
                ""fields"": [\
                  ""address""\
                ],\
                ""analyzer"": ""dhi_term_analyzer"",\
                ""boost"": 10\
              }\
            }\
          ]\
        }\
      }\
    }\
  ]\
}","2022-06-20 10:38:29","14","2022-06-23 15:40:25","1","18","2"
"169","CBNLSI","20","NLSIU","cb0814@unionbankofindia.com","98484 06725","NLSIU","1558","17","101","","","29AAACU0564G2ZC","","AAACU0564G",\N,"UDYAM-KR-03-0106234",\N,\N,\N,\N,"2022-07-13 16:02:54","21",\N,\N,"20","20","UBI","Union Bank of India","UBI@UBI.com","9999999999","Bangalore-560001","{\
  ""nameSearchQueries"": [\
    {\
      ""queryDHI"": {\
        ""multi_match"": {\
          ""query"": ""SEARCH_NAME"",\
          ""fields"": [\
            ""name""\
          ],\
          ""type"": ""phrase"",\
          ""analyzer"": ""dhi_term_analyzer"",\
          ""boost"": 10\
        }\
      }\
    }\
  ],\
  ""addressSearchQueries"": [\
    {\
      ""queryDHI"": {\
        ""match"": {\
          ""address"": {\
            ""query"": ""SEARCH_ADDRESS"",\
            ""analyzer"": ""dhi_term_analyzer""\
          }\
        }\
      }\
    }\
  ],\
  ""nameAddressQueries"": [\
    {\
      ""queryDHI"": {\
        ""bool"": {\
          ""must"": [\
            {\
              ""multi_match"": {\
                ""query"": ""SEARCH_NAME"",\
                ""fields"": [\
                  ""name""\
                ],\
                ""type"": ""phrase"",\
                ""analyzer"": ""dhi_term_analyzer"",\
                ""boost"": 10\
              }\
            },\
            {\
              ""multi_match"": {\
                ""query"": ""SEARCH_ADDRESS"",\
                ""type"": ""most_fields"",\
                ""fields"": [\
                  ""address""\
                ],\
                ""analyzer"": ""dhi_term_analyzer"",\
                ""boost"": 2\
              }\
            }\
          ]\
        }\
      }\
    },\
    {\
      ""queryDHI"": {\
        ""bool"": {\
          ""must"": [\
            {\
              ""multi_match"": {\
                ""query"": ""SEARCH_NAME"",\
                ""fields"": [\
                  ""name""\
                ],\
                ""type"": ""phrase"",\
                ""analyzer"": ""dhi_term_analyzer"",\
                ""boost"": 2\
              }\
            },\
            {\
              ""multi_match"": {\
                ""query"": ""SEARCH_ADDRESS"",\
                ""type"": ""most_fields"",\
                ""fields"": [\
                  ""address""\
                ],\
                ""analyzer"": ""dhi_term_analyzer"",\
                ""boost"": 10\
              }\
            }\
          ]\
        }\
      }\
    }\
  ]\
}","2022-06-20 10:38:29","14","2022-06-23 15:40:25","1","18","2"
"170","CBNTRD","20","NT Road","cb0175@unionbankofindia.com"," 82965 93900","NT Road","1558","17","101","","","29AAACU0564G2ZC","","AAACU0564G",\N,"UDYAM-KR-03-0106234",\N,\N,\N,\N,"2022-07-13 16:02:54","21",\N,\N,"20","20","UBI","Union Bank of India","UBI@UBI.com","9999999999","Bangalore-560001","{\
  ""nameSearchQueries"": [\
    {\
      ""queryDHI"": {\
        ""multi_match"": {\
          ""query"": ""SEARCH_NAME"",\
          ""fields"": [\
            ""name""\
          ],\
          ""type"": ""phrase"",\
          ""analyzer"": ""dhi_term_analyzer"",\
          ""boost"": 10\
        }\
      }\
    }\
  ],\
  ""addressSearchQueries"": [\
    {\
      ""queryDHI"": {\
        ""match"": {\
          ""address"": {\
            ""query"": ""SEARCH_ADDRESS"",\
            ""analyzer"": ""dhi_term_analyzer""\
          }\
        }\
      }\
    }\
  ],\
  ""nameAddressQueries"": [\
    {\
      ""queryDHI"": {\
        ""bool"": {\
          ""must"": [\
            {\
              ""multi_match"": {\
                ""query"": ""SEARCH_NAME"",\
                ""fields"": [\
                  ""name""\
                ],\
                ""type"": ""phrase"",\
                ""analyzer"": ""dhi_term_analyzer"",\
                ""boost"": 10\
              }\
            },\
            {\
              ""multi_match"": {\
                ""query"": ""SEARCH_ADDRESS"",\
                ""type"": ""most_fields"",\
                ""fields"": [\
                  ""address""\
                ],\
                ""analyzer"": ""dhi_term_analyzer"",\
                ""boost"": 2\
              }\
            }\
          ]\
        }\
      }\
    },\
    {\
      ""queryDHI"": {\
        ""bool"": {\
          ""must"": [\
            {\
              ""multi_match"": {\
                ""query"": ""SEARCH_NAME"",\
                ""fields"": [\
                  ""name""\
                ],\
                ""type"": ""phrase"",\
                ""analyzer"": ""dhi_term_analyzer"",\
                ""boost"": 2\
              }\
            },\
            {\
              ""multi_match"": {\
                ""query"": ""SEARCH_ADDRESS"",\
                ""type"": ""most_fields"",\
                ""fields"": [\
                  ""address""\
                ],\
                ""analyzer"": ""dhi_term_analyzer"",\
                ""boost"": 10\
              }\
            }\
          ]\
        }\
      }\
    }\
  ]\
}","2022-06-20 10:38:29","14","2022-06-23 15:40:25","1","18","2"
"171","CBPNNR","20","Padmanabhanagar","ubin0907049@unionbankofindia.bank","97432 68619","Padmanabhanagar","1558","17","101","","","29AAACU0564G2ZC","","AAACU0564G",\N,"UDYAM-KR-03-0106234",\N,\N,\N,\N,"2022-07-13 16:02:54","21",\N,\N,"20","20","UBI","Union Bank of India","UBI@UBI.com","9999999999","Bangalore-560001","{\
  ""nameSearchQueries"": [\
    {\
      ""queryDHI"": {\
        ""multi_match"": {\
          ""query"": ""SEARCH_NAME"",\
          ""fields"": [\
            ""name""\
          ],\
          ""type"": ""phrase"",\
          ""analyzer"": ""dhi_term_analyzer"",\
          ""boost"": 10\
        }\
      }\
    }\
  ],\
  ""addressSearchQueries"": [\
    {\
      ""queryDHI"": {\
        ""match"": {\
          ""address"": {\
            ""query"": ""SEARCH_ADDRESS"",\
            ""analyzer"": ""dhi_term_analyzer""\
          }\
        }\
      }\
    }\
  ],\
  ""nameAddressQueries"": [\
    {\
      ""queryDHI"": {\
        ""bool"": {\
          ""must"": [\
            {\
              ""multi_match"": {\
                ""query"": ""SEARCH_NAME"",\
                ""fields"": [\
                  ""name""\
                ],\
                ""type"": ""phrase"",\
                ""analyzer"": ""dhi_term_analyzer"",\
                ""boost"": 10\
              }\
            },\
            {\
              ""multi_match"": {\
                ""query"": ""SEARCH_ADDRESS"",\
                ""type"": ""most_fields"",\
                ""fields"": [\
                  ""address""\
                ],\
                ""analyzer"": ""dhi_term_analyzer"",\
                ""boost"": 2\
              }\
            }\
          ]\
        }\
      }\
    },\
    {\
      ""queryDHI"": {\
        ""bool"": {\
          ""must"": [\
            {\
              ""multi_match"": {\
                ""query"": ""SEARCH_NAME"",\
                ""fields"": [\
                  ""name""\
                ],\
                ""type"": ""phrase"",\
                ""analyzer"": ""dhi_term_analyzer"",\
                ""boost"": 2\
              }\
            },\
            {\
              ""multi_match"": {\
                ""query"": ""SEARCH_ADDRESS"",\
                ""type"": ""most_fields"",\
                ""fields"": [\
                  ""address""\
                ],\
                ""analyzer"": ""dhi_term_analyzer"",\
                ""boost"": 10\
              }\
            }\
          ]\
        }\
      }\
    }\
  ]\
}","2022-06-20 10:38:29","14","2022-06-23 15:40:25","1","18","2"
"172","CBPALT","20","Pai Layout","cb0701@unionbankofindia.com","91138 84686","Pai Layout","1558","17","101","","","29AAACU0564G2ZC","","AAACU0564G",\N,"UDYAM-KR-03-0106234",\N,\N,\N,\N,"2022-07-13 16:02:54","21",\N,\N,"20","20","UBI","Union Bank of India","UBI@UBI.com","9999999999","Bangalore-560001","{\
  ""nameSearchQueries"": [\
    {\
      ""queryDHI"": {\
        ""multi_match"": {\
          ""query"": ""SEARCH_NAME"",\
          ""fields"": [\
            ""name""\
          ],\
          ""type"": ""phrase"",\
          ""analyzer"": ""dhi_term_analyzer"",\
          ""boost"": 10\
        }\
      }\
    }\
  ],\
  ""addressSearchQueries"": [\
    {\
      ""queryDHI"": {\
        ""match"": {\
          ""address"": {\
            ""query"": ""SEARCH_ADDRESS"",\
            ""analyzer"": ""dhi_term_analyzer""\
          }\
        }\
      }\
    }\
  ],\
  ""nameAddressQueries"": [\
    {\
      ""queryDHI"": {\
        ""bool"": {\
          ""must"": [\
            {\
              ""multi_match"": {\
                ""query"": ""SEARCH_NAME"",\
                ""fields"": [\
                  ""name""\
                ],\
                ""type"": ""phrase"",\
                ""analyzer"": ""dhi_term_analyzer"",\
                ""boost"": 10\
              }\
            },\
            {\
              ""multi_match"": {\
                ""query"": ""SEARCH_ADDRESS"",\
                ""type"": ""most_fields"",\
                ""fields"": [\
                  ""address""\
                ],\
                ""analyzer"": ""dhi_term_analyzer"",\
                ""boost"": 2\
              }\
            }\
          ]\
        }\
      }\
    },\
    {\
      ""queryDHI"": {\
        ""bool"": {\
          ""must"": [\
            {\
              ""multi_match"": {\
                ""query"": ""SEARCH_NAME"",\
                ""fields"": [\
                  ""name""\
                ],\
                ""type"": ""phrase"",\
                ""analyzer"": ""dhi_term_analyzer"",\
                ""boost"": 2\
              }\
            },\
            {\
              ""multi_match"": {\
                ""query"": ""SEARCH_ADDRESS"",\
                ""type"": ""most_fields"",\
                ""fields"": [\
                  ""address""\
                ],\
                ""analyzer"": ""dhi_term_analyzer"",\
                ""boost"": 10\
              }\
            }\
          ]\
        }\
      }\
    }\
  ]\
}","2022-06-20 10:38:29","14","2022-06-23 15:40:25","1","18","2"
"173","CBPENY","20","Peenya","cb0763@unionbankofindia.com","95359 88812","Peenya","1558","17","101","","","29AAACU0564G2ZC","","AAACU0564G",\N,"UDYAM-KR-03-0106234",\N,\N,\N,\N,"2022-07-13 16:02:54","21",\N,\N,"20","20","UBI","Union Bank of India","UBI@UBI.com","9999999999","Bangalore-560001","{\
  ""nameSearchQueries"": [\
    {\
      ""queryDHI"": {\
        ""multi_match"": {\
          ""query"": ""SEARCH_NAME"",\
          ""fields"": [\
            ""name""\
          ],\
          ""type"": ""phrase"",\
          ""analyzer"": ""dhi_term_analyzer"",\
          ""boost"": 10\
        }\
      }\
    }\
  ],\
  ""addressSearchQueries"": [\
    {\
      ""queryDHI"": {\
        ""match"": {\
          ""address"": {\
            ""query"": ""SEARCH_ADDRESS"",\
            ""analyzer"": ""dhi_term_analyzer""\
          }\
        }\
      }\
    }\
  ],\
  ""nameAddressQueries"": [\
    {\
      ""queryDHI"": {\
        ""bool"": {\
          ""must"": [\
            {\
              ""multi_match"": {\
                ""query"": ""SEARCH_NAME"",\
                ""fields"": [\
                  ""name""\
                ],\
                ""type"": ""phrase"",\
                ""analyzer"": ""dhi_term_analyzer"",\
                ""boost"": 10\
              }\
            },\
            {\
              ""multi_match"": {\
                ""query"": ""SEARCH_ADDRESS"",\
                ""type"": ""most_fields"",\
                ""fields"": [\
                  ""address""\
                ],\
                ""analyzer"": ""dhi_term_analyzer"",\
                ""boost"": 2\
              }\
            }\
          ]\
        }\
      }\
    },\
    {\
      ""queryDHI"": {\
        ""bool"": {\
          ""must"": [\
            {\
              ""multi_match"": {\
                ""query"": ""SEARCH_NAME"",\
                ""fields"": [\
                  ""name""\
                ],\
                ""type"": ""phrase"",\
                ""analyzer"": ""dhi_term_analyzer"",\
                ""boost"": 2\
              }\
            },\
            {\
              ""multi_match"": {\
                ""query"": ""SEARCH_ADDRESS"",\
                ""type"": ""most_fields"",\
                ""fields"": [\
                  ""address""\
                ],\
                ""analyzer"": ""dhi_term_analyzer"",\
                ""boost"": 10\
              }\
            }\
          ]\
        }\
      }\
    }\
  ]\
}","2022-06-20 10:38:29","14","2022-06-23 15:40:25","1","18","2"
"174","CBRCRD","20","Race Course Road","cb3091@unionbankofindia.com","9008440632","Race Course Road","1558","17","101","","","29AAACU0564G2ZC","","AAACU0564G",\N,"UDYAM-KR-03-0106234",\N,\N,\N,\N,"2022-07-13 16:02:54","21",\N,\N,"20","20","UBI","Union Bank of India","UBI@UBI.com","9999999999","Bangalore-560001","{\
  ""nameSearchQueries"": [\
    {\
      ""queryDHI"": {\
        ""multi_match"": {\
          ""query"": ""SEARCH_NAME"",\
          ""fields"": [\
            ""name""\
          ],\
          ""type"": ""phrase"",\
          ""analyzer"": ""dhi_term_analyzer"",\
          ""boost"": 10\
        }\
      }\
    }\
  ],\
  ""addressSearchQueries"": [\
    {\
      ""queryDHI"": {\
        ""match"": {\
          ""address"": {\
            ""query"": ""SEARCH_ADDRESS"",\
            ""analyzer"": ""dhi_term_analyzer""\
          }\
        }\
      }\
    }\
  ],\
  ""nameAddressQueries"": [\
    {\
      ""queryDHI"": {\
        ""bool"": {\
          ""must"": [\
            {\
              ""multi_match"": {\
                ""query"": ""SEARCH_NAME"",\
                ""fields"": [\
                  ""name""\
                ],\
                ""type"": ""phrase"",\
                ""analyzer"": ""dhi_term_analyzer"",\
                ""boost"": 10\
              }\
            },\
            {\
              ""multi_match"": {\
                ""query"": ""SEARCH_ADDRESS"",\
                ""type"": ""most_fields"",\
                ""fields"": [\
                  ""address""\
                ],\
                ""analyzer"": ""dhi_term_analyzer"",\
                ""boost"": 2\
              }\
            }\
          ]\
        }\
      }\
    },\
    {\
      ""queryDHI"": {\
        ""bool"": {\
          ""must"": [\
            {\
              ""multi_match"": {\
                ""query"": ""SEARCH_NAME"",\
                ""fields"": [\
                  ""name""\
                ],\
                ""type"": ""phrase"",\
                ""analyzer"": ""dhi_term_analyzer"",\
                ""boost"": 2\
              }\
            },\
            {\
              ""multi_match"": {\
                ""query"": ""SEARCH_ADDRESS"",\
                ""type"": ""most_fields"",\
                ""fields"": [\
                  ""address""\
                ],\
                ""analyzer"": ""dhi_term_analyzer"",\
                ""boost"": 10\
              }\
            }\
          ]\
        }\
      }\
    }\
  ]\
}","2022-06-20 10:38:29","14","2022-06-23 15:40:25","1","18","2"
"175","CBRAJA","20","Rajajinagar","cb0119@unionbankofindia.com","9916819836","Rajajinagar","1558","17","101","","","29AAACU0564G2ZC","","AAACU0564G",\N,"UDYAM-KR-03-0106234",\N,\N,\N,\N,"2022-07-13 16:02:54","21",\N,\N,"20","20","UBI","Union Bank of India","UBI@UBI.com","9999999999","Bangalore-560001","{\
  ""nameSearchQueries"": [\
    {\
      ""queryDHI"": {\
        ""multi_match"": {\
          ""query"": ""SEARCH_NAME"",\
          ""fields"": [\
            ""name""\
          ],\
          ""type"": ""phrase"",\
          ""analyzer"": ""dhi_term_analyzer"",\
          ""boost"": 10\
        }\
      }\
    }\
  ],\
  ""addressSearchQueries"": [\
    {\
      ""queryDHI"": {\
        ""match"": {\
          ""address"": {\
            ""query"": ""SEARCH_ADDRESS"",\
            ""analyzer"": ""dhi_term_analyzer""\
          }\
        }\
      }\
    }\
  ],\
  ""nameAddressQueries"": [\
    {\
      ""queryDHI"": {\
        ""bool"": {\
          ""must"": [\
            {\
              ""multi_match"": {\
                ""query"": ""SEARCH_NAME"",\
                ""fields"": [\
                  ""name""\
                ],\
                ""type"": ""phrase"",\
                ""analyzer"": ""dhi_term_analyzer"",\
                ""boost"": 10\
              }\
            },\
            {\
              ""multi_match"": {\
                ""query"": ""SEARCH_ADDRESS"",\
                ""type"": ""most_fields"",\
                ""fields"": [\
                  ""address""\
                ],\
                ""analyzer"": ""dhi_term_analyzer"",\
                ""boost"": 2\
              }\
            }\
          ]\
        }\
      }\
    },\
    {\
      ""queryDHI"": {\
        ""bool"": {\
          ""must"": [\
            {\
              ""multi_match"": {\
                ""query"": ""SEARCH_NAME"",\
                ""fields"": [\
                  ""name""\
                ],\
                ""type"": ""phrase"",\
                ""analyzer"": ""dhi_term_analyzer"",\
                ""boost"": 2\
              }\
            },\
            {\
              ""multi_match"": {\
                ""query"": ""SEARCH_ADDRESS"",\
                ""type"": ""most_fields"",\
                ""fields"": [\
                  ""address""\
                ],\
                ""analyzer"": ""dhi_term_analyzer"",\
                ""boost"": 10\
              }\
            }\
          ]\
        }\
      }\
    }\
  ]\
}","2022-06-20 10:38:29","14","2022-06-23 15:40:25","1","18","2"
"176","CBRMPR","20","Rampura","cb1840@unionbankofindia.com","80086 44044","Rampura","2397","17","101","","","29AAACU0564G2ZC","","AAACU0564G",\N,"UDYAM-KR-03-0106234",\N,\N,\N,\N,"2022-07-13 16:02:54","21",\N,\N,"20","20","UBI","Union Bank of India","UBI@UBI.com","9999999999","Bangalore-560001","{\
  ""nameSearchQueries"": [\
    {\
      ""queryDHI"": {\
        ""multi_match"": {\
          ""query"": ""SEARCH_NAME"",\
          ""fields"": [\
            ""name""\
          ],\
          ""type"": ""phrase"",\
          ""analyzer"": ""dhi_term_analyzer"",\
          ""boost"": 10\
        }\
      }\
    }\
  ],\
  ""addressSearchQueries"": [\
    {\
      ""queryDHI"": {\
        ""match"": {\
          ""address"": {\
            ""query"": ""SEARCH_ADDRESS"",\
            ""analyzer"": ""dhi_term_analyzer""\
          }\
        }\
      }\
    }\
  ],\
  ""nameAddressQueries"": [\
    {\
      ""queryDHI"": {\
        ""bool"": {\
          ""must"": [\
            {\
              ""multi_match"": {\
                ""query"": ""SEARCH_NAME"",\
                ""fields"": [\
                  ""name""\
                ],\
                ""type"": ""phrase"",\
                ""analyzer"": ""dhi_term_analyzer"",\
                ""boost"": 10\
              }\
            },\
            {\
              ""multi_match"": {\
                ""query"": ""SEARCH_ADDRESS"",\
                ""type"": ""most_fields"",\
                ""fields"": [\
                  ""address""\
                ],\
                ""analyzer"": ""dhi_term_analyzer"",\
                ""boost"": 2\
              }\
            }\
          ]\
        }\
      }\
    },\
    {\
      ""queryDHI"": {\
        ""bool"": {\
          ""must"": [\
            {\
              ""multi_match"": {\
                ""query"": ""SEARCH_NAME"",\
                ""fields"": [\
                  ""name""\
                ],\
                ""type"": ""phrase"",\
                ""analyzer"": ""dhi_term_analyzer"",\
                ""boost"": 2\
              }\
            },\
            {\
              ""multi_match"": {\
                ""query"": ""SEARCH_ADDRESS"",\
                ""type"": ""most_fields"",\
                ""fields"": [\
                  ""address""\
                ],\
                ""analyzer"": ""dhi_term_analyzer"",\
                ""boost"": 10\
              }\
            }\
          ]\
        }\
      }\
    }\
  ]\
}","2022-06-20 10:38:29","14","2022-06-23 15:40:25","1","18","2"
"177","CBRMVE","20","RMV Extension","cb0582@unionbankofindia.com","9448361391","RMV Extension","1558","17","101","","","29AAACU0564G2ZC","","AAACU0564G",\N,"UDYAM-KR-03-0106234",\N,\N,\N,\N,"2022-07-13 16:02:54","21",\N,\N,"20","20","UBI","Union Bank of India","UBI@UBI.com","9999999999","Bangalore-560001","{\
  ""nameSearchQueries"": [\
    {\
      ""queryDHI"": {\
        ""multi_match"": {\
          ""query"": ""SEARCH_NAME"",\
          ""fields"": [\
            ""name""\
          ],\
          ""type"": ""phrase"",\
          ""analyzer"": ""dhi_term_analyzer"",\
          ""boost"": 10\
        }\
      }\
    }\
  ],\
  ""addressSearchQueries"": [\
    {\
      ""queryDHI"": {\
        ""match"": {\
          ""address"": {\
            ""query"": ""SEARCH_ADDRESS"",\
            ""analyzer"": ""dhi_term_analyzer""\
          }\
        }\
      }\
    }\
  ],\
  ""nameAddressQueries"": [\
    {\
      ""queryDHI"": {\
        ""bool"": {\
          ""must"": [\
            {\
              ""multi_match"": {\
                ""query"": ""SEARCH_NAME"",\
                ""fields"": [\
                  ""name""\
                ],\
                ""type"": ""phrase"",\
                ""analyzer"": ""dhi_term_analyzer"",\
                ""boost"": 10\
              }\
            },\
            {\
              ""multi_match"": {\
                ""query"": ""SEARCH_ADDRESS"",\
                ""type"": ""most_fields"",\
                ""fields"": [\
                  ""address""\
                ],\
                ""analyzer"": ""dhi_term_analyzer"",\
                ""boost"": 2\
              }\
            }\
          ]\
        }\
      }\
    },\
    {\
      ""queryDHI"": {\
        ""bool"": {\
          ""must"": [\
            {\
              ""multi_match"": {\
                ""query"": ""SEARCH_NAME"",\
                ""fields"": [\
                  ""name""\
                ],\
                ""type"": ""phrase"",\
                ""analyzer"": ""dhi_term_analyzer"",\
                ""boost"": 2\
              }\
            },\
            {\
              ""multi_match"": {\
                ""query"": ""SEARCH_ADDRESS"",\
                ""type"": ""most_fields"",\
                ""fields"": [\
                  ""address""\
                ],\
                ""analyzer"": ""dhi_term_analyzer"",\
                ""boost"": 10\
              }\
            }\
          ]\
        }\
      }\
    }\
  ]\
}","2022-06-20 10:38:29","14","2022-06-23 15:40:25","1","18","2"
"178","CBRPLT","20","RPC Layout","cb0523@corpbank.co.in","95329 69250","RPC Layout","1558","17","101","","","29AAACU0564G2ZC","","AAACU0564G",\N,"UDYAM-KR-03-0106234",\N,\N,\N,\N,"2022-07-13 16:02:54","21",\N,\N,"20","20","UBI","Union Bank of India","UBI@UBI.com","9999999999","Bangalore-560001","{\
  ""nameSearchQueries"": [\
    {\
      ""queryDHI"": {\
        ""multi_match"": {\
          ""query"": ""SEARCH_NAME"",\
          ""fields"": [\
            ""name""\
          ],\
          ""type"": ""phrase"",\
          ""analyzer"": ""dhi_term_analyzer"",\
          ""boost"": 10\
        }\
      }\
    }\
  ],\
  ""addressSearchQueries"": [\
    {\
      ""queryDHI"": {\
        ""match"": {\
          ""address"": {\
            ""query"": ""SEARCH_ADDRESS"",\
            ""analyzer"": ""dhi_term_analyzer""\
          }\
        }\
      }\
    }\
  ],\
  ""nameAddressQueries"": [\
    {\
      ""queryDHI"": {\
        ""bool"": {\
          ""must"": [\
            {\
              ""multi_match"": {\
                ""query"": ""SEARCH_NAME"",\
                ""fields"": [\
                  ""name""\
                ],\
                ""type"": ""phrase"",\
                ""analyzer"": ""dhi_term_analyzer"",\
                ""boost"": 10\
              }\
            },\
            {\
              ""multi_match"": {\
                ""query"": ""SEARCH_ADDRESS"",\
                ""type"": ""most_fields"",\
                ""fields"": [\
                  ""address""\
                ],\
                ""analyzer"": ""dhi_term_analyzer"",\
                ""boost"": 2\
              }\
            }\
          ]\
        }\
      }\
    },\
    {\
      ""queryDHI"": {\
        ""bool"": {\
          ""must"": [\
            {\
              ""multi_match"": {\
                ""query"": ""SEARCH_NAME"",\
                ""fields"": [\
                  ""name""\
                ],\
                ""type"": ""phrase"",\
                ""analyzer"": ""dhi_term_analyzer"",\
                ""boost"": 2\
              }\
            },\
            {\
              ""multi_match"": {\
                ""query"": ""SEARCH_ADDRESS"",\
                ""type"": ""most_fields"",\
                ""fields"": [\
                  ""address""\
                ],\
                ""analyzer"": ""dhi_term_analyzer"",\
                ""boost"": 10\
              }\
            }\
          ]\
        }\
      }\
    }\
  ]\
}","2022-06-20 10:38:29","14","2022-06-23 15:40:25","1","18","2"
"179","CBRRNR","20","RR Nagar","ubin0907138@unionbankofindia.bank","72044 70354","RR Nagar","1558","17","101","","","29AAACU0564G2ZC","","AAACU0564G",\N,"UDYAM-KR-03-0106234",\N,\N,\N,\N,"2022-07-13 16:02:54","21",\N,\N,"20","20","UBI","Union Bank of India","UBI@UBI.com","9999999999","Bangalore-560001","{\
  ""nameSearchQueries"": [\
    {\
      ""queryDHI"": {\
        ""multi_match"": {\
          ""query"": ""SEARCH_NAME"",\
          ""fields"": [\
            ""name""\
          ],\
          ""type"": ""phrase"",\
          ""analyzer"": ""dhi_term_analyzer"",\
          ""boost"": 10\
        }\
      }\
    }\
  ],\
  ""addressSearchQueries"": [\
    {\
      ""queryDHI"": {\
        ""match"": {\
          ""address"": {\
            ""query"": ""SEARCH_ADDRESS"",\
            ""analyzer"": ""dhi_term_analyzer""\
          }\
        }\
      }\
    }\
  ],\
  ""nameAddressQueries"": [\
    {\
      ""queryDHI"": {\
        ""bool"": {\
          ""must"": [\
            {\
              ""multi_match"": {\
                ""query"": ""SEARCH_NAME"",\
                ""fields"": [\
                  ""name""\
                ],\
                ""type"": ""phrase"",\
                ""analyzer"": ""dhi_term_analyzer"",\
                ""boost"": 10\
              }\
            },\
            {\
              ""multi_match"": {\
                ""query"": ""SEARCH_ADDRESS"",\
                ""type"": ""most_fields"",\
                ""fields"": [\
                  ""address""\
                ],\
                ""analyzer"": ""dhi_term_analyzer"",\
                ""boost"": 2\
              }\
            }\
          ]\
        }\
      }\
    },\
    {\
      ""queryDHI"": {\
        ""bool"": {\
          ""must"": [\
            {\
              ""multi_match"": {\
                ""query"": ""SEARCH_NAME"",\
                ""fields"": [\
                  ""name""\
                ],\
                ""type"": ""phrase"",\
                ""analyzer"": ""dhi_term_analyzer"",\
                ""boost"": 2\
              }\
            },\
            {\
              ""multi_match"": {\
                ""query"": ""SEARCH_ADDRESS"",\
                ""type"": ""most_fields"",\
                ""fields"": [\
                  ""address""\
                ],\
                ""analyzer"": ""dhi_term_analyzer"",\
                ""boost"": 10\
              }\
            }\
          ]\
        }\
      }\
    }\
  ]\
}","2022-06-20 10:38:29","14","2022-06-23 15:40:25","1","18","2"
"180","CBRTNR","20","RT Nagar","cb0656@unionbankofindia.com","91774 15327","RT Nagar","1558","17","101","","","29AAACU0564G2ZC","","AAACU0564G",\N,"UDYAM-KR-03-0106234",\N,\N,\N,\N,"2022-07-13 16:02:54","21",\N,\N,"20","20","UBI","Union Bank of India","UBI@UBI.com","9999999999","Bangalore-560001","{\
  ""nameSearchQueries"": [\
    {\
      ""queryDHI"": {\
        ""multi_match"": {\
          ""query"": ""SEARCH_NAME"",\
          ""fields"": [\
            ""name""\
          ],\
          ""type"": ""phrase"",\
          ""analyzer"": ""dhi_term_analyzer"",\
          ""boost"": 10\
        }\
      }\
    }\
  ],\
  ""addressSearchQueries"": [\
    {\
      ""queryDHI"": {\
        ""match"": {\
          ""address"": {\
            ""query"": ""SEARCH_ADDRESS"",\
            ""analyzer"": ""dhi_term_analyzer""\
          }\
        }\
      }\
    }\
  ],\
  ""nameAddressQueries"": [\
    {\
      ""queryDHI"": {\
        ""bool"": {\
          ""must"": [\
            {\
              ""multi_match"": {\
                ""query"": ""SEARCH_NAME"",\
                ""fields"": [\
                  ""name""\
                ],\
                ""type"": ""phrase"",\
                ""analyzer"": ""dhi_term_analyzer"",\
                ""boost"": 10\
              }\
            },\
            {\
              ""multi_match"": {\
                ""query"": ""SEARCH_ADDRESS"",\
                ""type"": ""most_fields"",\
                ""fields"": [\
                  ""address""\
                ],\
                ""analyzer"": ""dhi_term_analyzer"",\
                ""boost"": 2\
              }\
            }\
          ]\
        }\
      }\
    },\
    {\
      ""queryDHI"": {\
        ""bool"": {\
          ""must"": [\
            {\
              ""multi_match"": {\
                ""query"": ""SEARCH_NAME"",\
                ""fields"": [\
                  ""name""\
                ],\
                ""type"": ""phrase"",\
                ""analyzer"": ""dhi_term_analyzer"",\
                ""boost"": 2\
              }\
            },\
            {\
              ""multi_match"": {\
                ""query"": ""SEARCH_ADDRESS"",\
                ""type"": ""most_fields"",\
                ""fields"": [\
                  ""address""\
                ],\
                ""analyzer"": ""dhi_term_analyzer"",\
                ""boost"": 10\
              }\
            }\
          ]\
        }\
      }\
    }\
  ]\
}","2022-06-20 10:38:29","14","2022-06-23 15:40:25","1","18","2"
"181","CBSKNR","20","Sahakaranagar","cb0526@unionbankofindia.com","96322 42400","Sahakaranagar","1558","17","101","","","29AAACU0564G2ZC","","AAACU0564G",\N,"UDYAM-KR-03-0106234",\N,\N,\N,\N,"2022-07-13 16:02:54","21",\N,\N,"20","20","UBI","Union Bank of India","UBI@UBI.com","9999999999","Bangalore-560001","{\
  ""nameSearchQueries"": [\
    {\
      ""queryDHI"": {\
        ""multi_match"": {\
          ""query"": ""SEARCH_NAME"",\
          ""fields"": [\
            ""name""\
          ],\
          ""type"": ""phrase"",\
          ""analyzer"": ""dhi_term_analyzer"",\
          ""boost"": 10\
        }\
      }\
    }\
  ],\
  ""addressSearchQueries"": [\
    {\
      ""queryDHI"": {\
        ""match"": {\
          ""address"": {\
            ""query"": ""SEARCH_ADDRESS"",\
            ""analyzer"": ""dhi_term_analyzer""\
          }\
        }\
      }\
    }\
  ],\
  ""nameAddressQueries"": [\
    {\
      ""queryDHI"": {\
        ""bool"": {\
          ""must"": [\
            {\
              ""multi_match"": {\
                ""query"": ""SEARCH_NAME"",\
                ""fields"": [\
                  ""name""\
                ],\
                ""type"": ""phrase"",\
                ""analyzer"": ""dhi_term_analyzer"",\
                ""boost"": 10\
              }\
            },\
            {\
              ""multi_match"": {\
                ""query"": ""SEARCH_ADDRESS"",\
                ""type"": ""most_fields"",\
                ""fields"": [\
                  ""address""\
                ],\
                ""analyzer"": ""dhi_term_analyzer"",\
                ""boost"": 2\
              }\
            }\
          ]\
        }\
      }\
    },\
    {\
      ""queryDHI"": {\
        ""bool"": {\
          ""must"": [\
            {\
              ""multi_match"": {\
                ""query"": ""SEARCH_NAME"",\
                ""fields"": [\
                  ""name""\
                ],\
                ""type"": ""phrase"",\
                ""analyzer"": ""dhi_term_analyzer"",\
                ""boost"": 2\
              }\
            },\
            {\
              ""multi_match"": {\
                ""query"": ""SEARCH_ADDRESS"",\
                ""type"": ""most_fields"",\
                ""fields"": [\
                  ""address""\
                ],\
                ""analyzer"": ""dhi_term_analyzer"",\
                ""boost"": 10\
              }\
            }\
          ]\
        }\
      }\
    }\
  ]\
}","2022-06-20 10:38:29","14","2022-06-23 15:40:25","1","18","2"
"182","CBSNNR","20","Sanjay Nagar","cb1173@corpbank.co.in","95386 79525","Sanjay Nagar","1558","17","101","","","29AAACU0564G2ZC","","AAACU0564G",\N,"UDYAM-KR-03-0106234",\N,\N,\N,\N,"2022-07-13 16:02:54","21",\N,\N,"20","20","UBI","Union Bank of India","UBI@UBI.com","9999999999","Bangalore-560001","{\
  ""nameSearchQueries"": [\
    {\
      ""queryDHI"": {\
        ""multi_match"": {\
          ""query"": ""SEARCH_NAME"",\
          ""fields"": [\
            ""name""\
          ],\
          ""type"": ""phrase"",\
          ""analyzer"": ""dhi_term_analyzer"",\
          ""boost"": 10\
        }\
      }\
    }\
  ],\
  ""addressSearchQueries"": [\
    {\
      ""queryDHI"": {\
        ""match"": {\
          ""address"": {\
            ""query"": ""SEARCH_ADDRESS"",\
            ""analyzer"": ""dhi_term_analyzer""\
          }\
        }\
      }\
    }\
  ],\
  ""nameAddressQueries"": [\
    {\
      ""queryDHI"": {\
        ""bool"": {\
          ""must"": [\
            {\
              ""multi_match"": {\
                ""query"": ""SEARCH_NAME"",\
                ""fields"": [\
                  ""name""\
                ],\
                ""type"": ""phrase"",\
                ""analyzer"": ""dhi_term_analyzer"",\
                ""boost"": 10\
              }\
            },\
            {\
              ""multi_match"": {\
                ""query"": ""SEARCH_ADDRESS"",\
                ""type"": ""most_fields"",\
                ""fields"": [\
                  ""address""\
                ],\
                ""analyzer"": ""dhi_term_analyzer"",\
                ""boost"": 2\
              }\
            }\
          ]\
        }\
      }\
    },\
    {\
      ""queryDHI"": {\
        ""bool"": {\
          ""must"": [\
            {\
              ""multi_match"": {\
                ""query"": ""SEARCH_NAME"",\
                ""fields"": [\
                  ""name""\
                ],\
                ""type"": ""phrase"",\
                ""analyzer"": ""dhi_term_analyzer"",\
                ""boost"": 2\
              }\
            },\
            {\
              ""multi_match"": {\
                ""query"": ""SEARCH_ADDRESS"",\
                ""type"": ""most_fields"",\
                ""fields"": [\
                  ""address""\
                ],\
                ""analyzer"": ""dhi_term_analyzer"",\
                ""boost"": 10\
              }\
            }\
          ]\
        }\
      }\
    }\
  ]\
}","2022-06-20 10:38:29","14","2022-06-23 15:40:25","1","18","2"
"183","CBSRKI","20","Sarakki","cb0352@unionbankofindia.com"," 96553 34552","Sarakki","1558","17","101","","","29AAACU0564G2ZC","","AAACU0564G",\N,"UDYAM-KR-03-0106234",\N,\N,\N,\N,"2022-07-13 16:02:54","21",\N,\N,"20","20","UBI","Union Bank of India","UBI@UBI.com","9999999999","Bangalore-560001","{\
  ""nameSearchQueries"": [\
    {\
      ""queryDHI"": {\
        ""multi_match"": {\
          ""query"": ""SEARCH_NAME"",\
          ""fields"": [\
            ""name""\
          ],\
          ""type"": ""phrase"",\
          ""analyzer"": ""dhi_term_analyzer"",\
          ""boost"": 10\
        }\
      }\
    }\
  ],\
  ""addressSearchQueries"": [\
    {\
      ""queryDHI"": {\
        ""match"": {\
          ""address"": {\
            ""query"": ""SEARCH_ADDRESS"",\
            ""analyzer"": ""dhi_term_analyzer""\
          }\
        }\
      }\
    }\
  ],\
  ""nameAddressQueries"": [\
    {\
      ""queryDHI"": {\
        ""bool"": {\
          ""must"": [\
            {\
              ""multi_match"": {\
                ""query"": ""SEARCH_NAME"",\
                ""fields"": [\
                  ""name""\
                ],\
                ""type"": ""phrase"",\
                ""analyzer"": ""dhi_term_analyzer"",\
                ""boost"": 10\
              }\
            },\
            {\
              ""multi_match"": {\
                ""query"": ""SEARCH_ADDRESS"",\
                ""type"": ""most_fields"",\
                ""fields"": [\
                  ""address""\
                ],\
                ""analyzer"": ""dhi_term_analyzer"",\
                ""boost"": 2\
              }\
            }\
          ]\
        }\
      }\
    },\
    {\
      ""queryDHI"": {\
        ""bool"": {\
          ""must"": [\
            {\
              ""multi_match"": {\
                ""query"": ""SEARCH_NAME"",\
                ""fields"": [\
                  ""name""\
                ],\
                ""type"": ""phrase"",\
                ""analyzer"": ""dhi_term_analyzer"",\
                ""boost"": 2\
              }\
            },\
            {\
              ""multi_match"": {\
                ""query"": ""SEARCH_ADDRESS"",\
                ""type"": ""most_fields"",\
                ""fields"": [\
                  ""address""\
                ],\
                ""analyzer"": ""dhi_term_analyzer"",\
                ""boost"": 10\
              }\
            }\
          ]\
        }\
      }\
    }\
  ]\
}","2022-06-20 10:38:29","14","2022-06-23 15:40:25","1","18","2"
"184","CBSJPR","20","Sarjapur","cb1321@unionbankofindia.com"," 86177 52223","Sarjapur","1558","17","101","","","29AAACU0564G2ZC","","AAACU0564G",\N,"UDYAM-KR-03-0106234",\N,\N,\N,\N,"2022-07-13 16:02:54","21",\N,\N,"20","20","UBI","Union Bank of India","UBI@UBI.com","9999999999","Bangalore-560001","{\
  ""nameSearchQueries"": [\
    {\
      ""queryDHI"": {\
        ""multi_match"": {\
          ""query"": ""SEARCH_NAME"",\
          ""fields"": [\
            ""name""\
          ],\
          ""type"": ""phrase"",\
          ""analyzer"": ""dhi_term_analyzer"",\
          ""boost"": 10\
        }\
      }\
    }\
  ],\
  ""addressSearchQueries"": [\
    {\
      ""queryDHI"": {\
        ""match"": {\
          ""address"": {\
            ""query"": ""SEARCH_ADDRESS"",\
            ""analyzer"": ""dhi_term_analyzer""\
          }\
        }\
      }\
    }\
  ],\
  ""nameAddressQueries"": [\
    {\
      ""queryDHI"": {\
        ""bool"": {\
          ""must"": [\
            {\
              ""multi_match"": {\
                ""query"": ""SEARCH_NAME"",\
                ""fields"": [\
                  ""name""\
                ],\
                ""type"": ""phrase"",\
                ""analyzer"": ""dhi_term_analyzer"",\
                ""boost"": 10\
              }\
            },\
            {\
              ""multi_match"": {\
                ""query"": ""SEARCH_ADDRESS"",\
                ""type"": ""most_fields"",\
                ""fields"": [\
                  ""address""\
                ],\
                ""analyzer"": ""dhi_term_analyzer"",\
                ""boost"": 2\
              }\
            }\
          ]\
        }\
      }\
    },\
    {\
      ""queryDHI"": {\
        ""bool"": {\
          ""must"": [\
            {\
              ""multi_match"": {\
                ""query"": ""SEARCH_NAME"",\
                ""fields"": [\
                  ""name""\
                ],\
                ""type"": ""phrase"",\
                ""analyzer"": ""dhi_term_analyzer"",\
                ""boost"": 2\
              }\
            },\
            {\
              ""multi_match"": {\
                ""query"": ""SEARCH_ADDRESS"",\
                ""type"": ""most_fields"",\
                ""fields"": [\
                  ""address""\
                ],\
                ""analyzer"": ""dhi_term_analyzer"",\
                ""boost"": 10\
              }\
            }\
          ]\
        }\
      }\
    }\
  ]\
}","2022-06-20 10:38:29","14","2022-06-23 15:40:25","1","18","2"
"185","CBSCRD","20","SC Road","cb0251@unionbankofindia.com","90088 69197","SC Road","1558","17","101","","","29AAACU0564G2ZC","","AAACU0564G",\N,"UDYAM-KR-03-0106234",\N,\N,\N,\N,"2022-07-13 16:02:54","21",\N,\N,"20","20","UBI","Union Bank of India","UBI@UBI.com","9999999999","Bangalore-560001","{\
  ""nameSearchQueries"": [\
    {\
      ""queryDHI"": {\
        ""multi_match"": {\
          ""query"": ""SEARCH_NAME"",\
          ""fields"": [\
            ""name""\
          ],\
          ""type"": ""phrase"",\
          ""analyzer"": ""dhi_term_analyzer"",\
          ""boost"": 10\
        }\
      }\
    }\
  ],\
  ""addressSearchQueries"": [\
    {\
      ""queryDHI"": {\
        ""match"": {\
          ""address"": {\
            ""query"": ""SEARCH_ADDRESS"",\
            ""analyzer"": ""dhi_term_analyzer""\
          }\
        }\
      }\
    }\
  ],\
  ""nameAddressQueries"": [\
    {\
      ""queryDHI"": {\
        ""bool"": {\
          ""must"": [\
            {\
              ""multi_match"": {\
                ""query"": ""SEARCH_NAME"",\
                ""fields"": [\
                  ""name""\
                ],\
                ""type"": ""phrase"",\
                ""analyzer"": ""dhi_term_analyzer"",\
                ""boost"": 10\
              }\
            },\
            {\
              ""multi_match"": {\
                ""query"": ""SEARCH_ADDRESS"",\
                ""type"": ""most_fields"",\
                ""fields"": [\
                  ""address""\
                ],\
                ""analyzer"": ""dhi_term_analyzer"",\
                ""boost"": 2\
              }\
            }\
          ]\
        }\
      }\
    },\
    {\
      ""queryDHI"": {\
        ""bool"": {\
          ""must"": [\
            {\
              ""multi_match"": {\
                ""query"": ""SEARCH_NAME"",\
                ""fields"": [\
                  ""name""\
                ],\
                ""type"": ""phrase"",\
                ""analyzer"": ""dhi_term_analyzer"",\
                ""boost"": 2\
              }\
            },\
            {\
              ""multi_match"": {\
                ""query"": ""SEARCH_ADDRESS"",\
                ""type"": ""most_fields"",\
                ""fields"": [\
                  ""address""\
                ],\
                ""analyzer"": ""dhi_term_analyzer"",\
                ""boost"": 10\
              }\
            }\
          ]\
        }\
      }\
    }\
  ]\
}","2022-06-20 10:38:29","14","2022-06-23 15:40:25","1","18","2"
"186","CBSTNR","20","Shanthinagar","cb0222@unionbankofindia.com","9653646377","Shanthinagar","1558","17","101","","","29AAACU0564G2ZC","","AAACU0564G",\N,"UDYAM-KR-03-0106234",\N,\N,\N,\N,"2022-07-13 16:02:54","21",\N,\N,"20","20","UBI","Union Bank of India","UBI@UBI.com","9999999999","Bangalore-560001","{\
  ""nameSearchQueries"": [\
    {\
      ""queryDHI"": {\
        ""multi_match"": {\
          ""query"": ""SEARCH_NAME"",\
          ""fields"": [\
            ""name""\
          ],\
          ""type"": ""phrase"",\
          ""analyzer"": ""dhi_term_analyzer"",\
          ""boost"": 10\
        }\
      }\
    }\
  ],\
  ""addressSearchQueries"": [\
    {\
      ""queryDHI"": {\
        ""match"": {\
          ""address"": {\
            ""query"": ""SEARCH_ADDRESS"",\
            ""analyzer"": ""dhi_term_analyzer""\
          }\
        }\
      }\
    }\
  ],\
  ""nameAddressQueries"": [\
    {\
      ""queryDHI"": {\
        ""bool"": {\
          ""must"": [\
            {\
              ""multi_match"": {\
                ""query"": ""SEARCH_NAME"",\
                ""fields"": [\
                  ""name""\
                ],\
                ""type"": ""phrase"",\
                ""analyzer"": ""dhi_term_analyzer"",\
                ""boost"": 10\
              }\
            },\
            {\
              ""multi_match"": {\
                ""query"": ""SEARCH_ADDRESS"",\
                ""type"": ""most_fields"",\
                ""fields"": [\
                  ""address""\
                ],\
                ""analyzer"": ""dhi_term_analyzer"",\
                ""boost"": 2\
              }\
            }\
          ]\
        }\
      }\
    },\
    {\
      ""queryDHI"": {\
        ""bool"": {\
          ""must"": [\
            {\
              ""multi_match"": {\
                ""query"": ""SEARCH_NAME"",\
                ""fields"": [\
                  ""name""\
                ],\
                ""type"": ""phrase"",\
                ""analyzer"": ""dhi_term_analyzer"",\
                ""boost"": 2\
              }\
            },\
            {\
              ""multi_match"": {\
                ""query"": ""SEARCH_ADDRESS"",\
                ""type"": ""most_fields"",\
                ""fields"": [\
                  ""address""\
                ],\
                ""analyzer"": ""dhi_term_analyzer"",\
                ""boost"": 10\
              }\
            }\
          ]\
        }\
      }\
    }\
  ]\
}","2022-06-20 10:38:29","14","2022-06-23 15:40:25","1","18","2"
"187","CBSDGT","20","Shidlaghatta","ubin0911135@unionbankofindia.bank","9705415409","Shidlaghatta","1558","17","101","","","29AAACU0564G2ZC","","AAACU0564G",\N,"UDYAM-KR-03-0106234",\N,\N,\N,\N,"2022-07-13 16:02:54","21",\N,\N,"20","20","UBI","Union Bank of India","UBI@UBI.com","9999999999","Bangalore-560001","{\
  ""nameSearchQueries"": [\
    {\
      ""queryDHI"": {\
        ""multi_match"": {\
          ""query"": ""SEARCH_NAME"",\
          ""fields"": [\
            ""name""\
          ],\
          ""type"": ""phrase"",\
          ""analyzer"": ""dhi_term_analyzer"",\
          ""boost"": 10\
        }\
      }\
    }\
  ],\
  ""addressSearchQueries"": [\
    {\
      ""queryDHI"": {\
        ""match"": {\
          ""address"": {\
            ""query"": ""SEARCH_ADDRESS"",\
            ""analyzer"": ""dhi_term_analyzer""\
          }\
        }\
      }\
    }\
  ],\
  ""nameAddressQueries"": [\
    {\
      ""queryDHI"": {\
        ""bool"": {\
          ""must"": [\
            {\
              ""multi_match"": {\
                ""query"": ""SEARCH_NAME"",\
                ""fields"": [\
                  ""name""\
                ],\
                ""type"": ""phrase"",\
                ""analyzer"": ""dhi_term_analyzer"",\
                ""boost"": 10\
              }\
            },\
            {\
              ""multi_match"": {\
                ""query"": ""SEARCH_ADDRESS"",\
                ""type"": ""most_fields"",\
                ""fields"": [\
                  ""address""\
                ],\
                ""analyzer"": ""dhi_term_analyzer"",\
                ""boost"": 2\
              }\
            }\
          ]\
        }\
      }\
    },\
    {\
      ""queryDHI"": {\
        ""bool"": {\
          ""must"": [\
            {\
              ""multi_match"": {\
                ""query"": ""SEARCH_NAME"",\
                ""fields"": [\
                  ""name""\
                ],\
                ""type"": ""phrase"",\
                ""analyzer"": ""dhi_term_analyzer"",\
                ""boost"": 2\
              }\
            },\
            {\
              ""multi_match"": {\
                ""query"": ""SEARCH_ADDRESS"",\
                ""type"": ""most_fields"",\
                ""fields"": [\
                  ""address""\
                ],\
                ""analyzer"": ""dhi_term_analyzer"",\
                ""boost"": 10\
              }\
            }\
          ]\
        }\
      }\
    }\
  ]\
}","2022-06-20 10:38:29","14","2022-06-23 15:40:25","1","18","2"
"188","CBSHNR","20","Shivaramkaranth nagar","cb3463@corpbank.co.in","99632 11631","Shivaramkaranth nagar","1558","17","101","","","29AAACU0564G2ZC","","AAACU0564G",\N,"UDYAM-KR-03-0106234",\N,\N,\N,\N,"2022-07-13 16:02:54","21",\N,\N,"20","20","UBI","Union Bank of India","UBI@UBI.com","9999999999","Bangalore-560001","{\
  ""nameSearchQueries"": [\
    {\
      ""queryDHI"": {\
        ""multi_match"": {\
          ""query"": ""SEARCH_NAME"",\
          ""fields"": [\
            ""name""\
          ],\
          ""type"": ""phrase"",\
          ""analyzer"": ""dhi_term_analyzer"",\
          ""boost"": 10\
        }\
      }\
    }\
  ],\
  ""addressSearchQueries"": [\
    {\
      ""queryDHI"": {\
        ""match"": {\
          ""address"": {\
            ""query"": ""SEARCH_ADDRESS"",\
            ""analyzer"": ""dhi_term_analyzer""\
          }\
        }\
      }\
    }\
  ],\
  ""nameAddressQueries"": [\
    {\
      ""queryDHI"": {\
        ""bool"": {\
          ""must"": [\
            {\
              ""multi_match"": {\
                ""query"": ""SEARCH_NAME"",\
                ""fields"": [\
                  ""name""\
                ],\
                ""type"": ""phrase"",\
                ""analyzer"": ""dhi_term_analyzer"",\
                ""boost"": 10\
              }\
            },\
            {\
              ""multi_match"": {\
                ""query"": ""SEARCH_ADDRESS"",\
                ""type"": ""most_fields"",\
                ""fields"": [\
                  ""address""\
                ],\
                ""analyzer"": ""dhi_term_analyzer"",\
                ""boost"": 2\
              }\
            }\
          ]\
        }\
      }\
    },\
    {\
      ""queryDHI"": {\
        ""bool"": {\
          ""must"": [\
            {\
              ""multi_match"": {\
                ""query"": ""SEARCH_NAME"",\
                ""fields"": [\
                  ""name""\
                ],\
                ""type"": ""phrase"",\
                ""analyzer"": ""dhi_term_analyzer"",\
                ""boost"": 2\
              }\
            },\
            {\
              ""multi_match"": {\
                ""query"": ""SEARCH_ADDRESS"",\
                ""type"": ""most_fields"",\
                ""fields"": [\
                  ""address""\
                ],\
                ""analyzer"": ""dhi_term_analyzer"",\
                ""boost"": 10\
              }\
            }\
          ]\
        }\
      }\
    }\
  ]\
}","2022-06-20 10:38:29","14","2022-06-23 15:40:25","1","18","2"
"189","CBSVNR","20","Shivajinagar","cb0143@corpbank.co.in","77605 61662","Shivajinagar","1558","17","101","","","29AAACU0564G2ZC","","AAACU0564G",\N,"UDYAM-KR-03-0106234",\N,\N,\N,\N,"2022-07-13 16:02:54","21",\N,\N,"20","20","UBI","Union Bank of India","UBI@UBI.com","9999999999","Bangalore-560001","{\
  ""nameSearchQueries"": [\
    {\
      ""queryDHI"": {\
        ""multi_match"": {\
          ""query"": ""SEARCH_NAME"",\
          ""fields"": [\
            ""name""\
          ],\
          ""type"": ""phrase"",\
          ""analyzer"": ""dhi_term_analyzer"",\
          ""boost"": 10\
        }\
      }\
    }\
  ],\
  ""addressSearchQueries"": [\
    {\
      ""queryDHI"": {\
        ""match"": {\
          ""address"": {\
            ""query"": ""SEARCH_ADDRESS"",\
            ""analyzer"": ""dhi_term_analyzer""\
          }\
        }\
      }\
    }\
  ],\
  ""nameAddressQueries"": [\
    {\
      ""queryDHI"": {\
        ""bool"": {\
          ""must"": [\
            {\
              ""multi_match"": {\
                ""query"": ""SEARCH_NAME"",\
                ""fields"": [\
                  ""name""\
                ],\
                ""type"": ""phrase"",\
                ""analyzer"": ""dhi_term_analyzer"",\
                ""boost"": 10\
              }\
            },\
            {\
              ""multi_match"": {\
                ""query"": ""SEARCH_ADDRESS"",\
                ""type"": ""most_fields"",\
                ""fields"": [\
                  ""address""\
                ],\
                ""analyzer"": ""dhi_term_analyzer"",\
                ""boost"": 2\
              }\
            }\
          ]\
        }\
      }\
    },\
    {\
      ""queryDHI"": {\
        ""bool"": {\
          ""must"": [\
            {\
              ""multi_match"": {\
                ""query"": ""SEARCH_NAME"",\
                ""fields"": [\
                  ""name""\
                ],\
                ""type"": ""phrase"",\
                ""analyzer"": ""dhi_term_analyzer"",\
                ""boost"": 2\
              }\
            },\
            {\
              ""multi_match"": {\
                ""query"": ""SEARCH_ADDRESS"",\
                ""type"": ""most_fields"",\
                ""fields"": [\
                  ""address""\
                ],\
                ""analyzer"": ""dhi_term_analyzer"",\
                ""boost"": 10\
              }\
            }\
          ]\
        }\
      }\
    }\
  ]\
}","2022-06-20 10:38:29","14","2022-06-23 15:40:25","1","18","2"
"190","CBTUMG","20","Tumkur M G Road","ubin0900796@unionbankofindia.bank","76192 82679","Tumkur M G Road","1827","17","101","","","29AAACU0564G2ZC","","AAACU0564G",\N,"UDYAM-KR-03-0106234",\N,\N,\N,\N,"2022-07-13 16:02:54","21",\N,\N,"20","20","UBI","Union Bank of India","UBI@UBI.com","9999999999","Bangalore-560001","{\
  ""nameSearchQueries"": [\
    {\
      ""queryDHI"": {\
        ""multi_match"": {\
          ""query"": ""SEARCH_NAME"",\
          ""fields"": [\
            ""name""\
          ],\
          ""type"": ""phrase"",\
          ""analyzer"": ""dhi_term_analyzer"",\
          ""boost"": 10\
        }\
      }\
    }\
  ],\
  ""addressSearchQueries"": [\
    {\
      ""queryDHI"": {\
        ""match"": {\
          ""address"": {\
            ""query"": ""SEARCH_ADDRESS"",\
            ""analyzer"": ""dhi_term_analyzer""\
          }\
        }\
      }\
    }\
  ],\
  ""nameAddressQueries"": [\
    {\
      ""queryDHI"": {\
        ""bool"": {\
          ""must"": [\
            {\
              ""multi_match"": {\
                ""query"": ""SEARCH_NAME"",\
                ""fields"": [\
                  ""name""\
                ],\
                ""type"": ""phrase"",\
                ""analyzer"": ""dhi_term_analyzer"",\
                ""boost"": 10\
              }\
            },\
            {\
              ""multi_match"": {\
                ""query"": ""SEARCH_ADDRESS"",\
                ""type"": ""most_fields"",\
                ""fields"": [\
                  ""address""\
                ],\
                ""analyzer"": ""dhi_term_analyzer"",\
                ""boost"": 2\
              }\
            }\
          ]\
        }\
      }\
    },\
    {\
      ""queryDHI"": {\
        ""bool"": {\
          ""must"": [\
            {\
              ""multi_match"": {\
                ""query"": ""SEARCH_NAME"",\
                ""fields"": [\
                  ""name""\
                ],\
                ""type"": ""phrase"",\
                ""analyzer"": ""dhi_term_analyzer"",\
                ""boost"": 2\
              }\
            },\
            {\
              ""multi_match"": {\
                ""query"": ""SEARCH_ADDRESS"",\
                ""type"": ""most_fields"",\
                ""fields"": [\
                  ""address""\
                ],\
                ""analyzer"": ""dhi_term_analyzer"",\
                ""boost"": 10\
              }\
            }\
          ]\
        }\
      }\
    }\
  ]\
}","2022-06-20 10:38:29","14","2022-06-23 15:40:25","1","18","2"
"191","CBURHL","20","Uttarahalli","ubin0910422@unionbankofindia.bank","9964932503","Uttarahalli","1558","17","101","","","29AAACU0564G2ZC","","AAACU0564G",\N,"UDYAM-KR-03-0106234",\N,\N,\N,\N,"2022-07-13 16:02:54","21",\N,\N,"20","20","UBI","Union Bank of India","UBI@UBI.com","9999999999","Bangalore-560001","{\
  ""nameSearchQueries"": [\
    {\
      ""queryDHI"": {\
        ""multi_match"": {\
          ""query"": ""SEARCH_NAME"",\
          ""fields"": [\
            ""name""\
          ],\
          ""type"": ""phrase"",\
          ""analyzer"": ""dhi_term_analyzer"",\
          ""boost"": 10\
        }\
      }\
    }\
  ],\
  ""addressSearchQueries"": [\
    {\
      ""queryDHI"": {\
        ""match"": {\
          ""address"": {\
            ""query"": ""SEARCH_ADDRESS"",\
            ""analyzer"": ""dhi_term_analyzer""\
          }\
        }\
      }\
    }\
  ],\
  ""nameAddressQueries"": [\
    {\
      ""queryDHI"": {\
        ""bool"": {\
          ""must"": [\
            {\
              ""multi_match"": {\
                ""query"": ""SEARCH_NAME"",\
                ""fields"": [\
                  ""name""\
                ],\
                ""type"": ""phrase"",\
                ""analyzer"": ""dhi_term_analyzer"",\
                ""boost"": 10\
              }\
            },\
            {\
              ""multi_match"": {\
                ""query"": ""SEARCH_ADDRESS"",\
                ""type"": ""most_fields"",\
                ""fields"": [\
                  ""address""\
                ],\
                ""analyzer"": ""dhi_term_analyzer"",\
                ""boost"": 2\
              }\
            }\
          ]\
        }\
      }\
    },\
    {\
      ""queryDHI"": {\
        ""bool"": {\
          ""must"": [\
            {\
              ""multi_match"": {\
                ""query"": ""SEARCH_NAME"",\
                ""fields"": [\
                  ""name""\
                ],\
                ""type"": ""phrase"",\
                ""analyzer"": ""dhi_term_analyzer"",\
                ""boost"": 2\
              }\
            },\
            {\
              ""multi_match"": {\
                ""query"": ""SEARCH_ADDRESS"",\
                ""type"": ""most_fields"",\
                ""fields"": [\
                  ""address""\
                ],\
                ""analyzer"": ""dhi_term_analyzer"",\
                ""boost"": 10\
              }\
            }\
          ]\
        }\
      }\
    }\
  ]\
}","2022-06-20 10:38:29","14","2022-06-23 15:40:25","1","18","2"
"192","CBVSNR","20","Vasanthnagar","ubin0907472@unionbankofindia.bank","88849 14232","Vasanthnagar","1558","17","101","","","29AAACU0564G2ZC","","AAACU0564G",\N,"UDYAM-KR-03-0106234",\N,\N,\N,\N,"2022-07-13 16:02:54","21",\N,\N,"20","20","UBI","Union Bank of India","UBI@UBI.com","9999999999","Bangalore-560001","{\
  ""nameSearchQueries"": [\
    {\
      ""queryDHI"": {\
        ""multi_match"": {\
          ""query"": ""SEARCH_NAME"",\
          ""fields"": [\
            ""name""\
          ],\
          ""type"": ""phrase"",\
          ""analyzer"": ""dhi_term_analyzer"",\
          ""boost"": 10\
        }\
      }\
    }\
  ],\
  ""addressSearchQueries"": [\
    {\
      ""queryDHI"": {\
        ""match"": {\
          ""address"": {\
            ""query"": ""SEARCH_ADDRESS"",\
            ""analyzer"": ""dhi_term_analyzer""\
          }\
        }\
      }\
    }\
  ],\
  ""nameAddressQueries"": [\
    {\
      ""queryDHI"": {\
        ""bool"": {\
          ""must"": [\
            {\
              ""multi_match"": {\
                ""query"": ""SEARCH_NAME"",\
                ""fields"": [\
                  ""name""\
                ],\
                ""type"": ""phrase"",\
                ""analyzer"": ""dhi_term_analyzer"",\
                ""boost"": 10\
              }\
            },\
            {\
              ""multi_match"": {\
                ""query"": ""SEARCH_ADDRESS"",\
                ""type"": ""most_fields"",\
                ""fields"": [\
                  ""address""\
                ],\
                ""analyzer"": ""dhi_term_analyzer"",\
                ""boost"": 2\
              }\
            }\
          ]\
        }\
      }\
    },\
    {\
      ""queryDHI"": {\
        ""bool"": {\
          ""must"": [\
            {\
              ""multi_match"": {\
                ""query"": ""SEARCH_NAME"",\
                ""fields"": [\
                  ""name""\
                ],\
                ""type"": ""phrase"",\
                ""analyzer"": ""dhi_term_analyzer"",\
                ""boost"": 2\
              }\
            },\
            {\
              ""multi_match"": {\
                ""query"": ""SEARCH_ADDRESS"",\
                ""type"": ""most_fields"",\
                ""fields"": [\
                  ""address""\
                ],\
                ""analyzer"": ""dhi_term_analyzer"",\
                ""boost"": 10\
              }\
            }\
          ]\
        }\
      }\
    }\
  ]\
}","2022-06-20 10:38:29","14","2022-06-23 15:40:25","1","18","2"
"193","CBVDPR","20","Vidyaranyapura","ubin0907022@unionbankofindia.bank","98860 83066","Vidyaranyapura","1558","17","101","","","29AAACU0564G2ZC","","AAACU0564G",\N,"UDYAM-KR-03-0106234",\N,\N,\N,\N,"2022-07-13 16:02:54","21",\N,\N,"20","20","UBI","Union Bank of India","UBI@UBI.com","9999999999","Bangalore-560001","{\
  ""nameSearchQueries"": [\
    {\
      ""queryDHI"": {\
        ""multi_match"": {\
          ""query"": ""SEARCH_NAME"",\
          ""fields"": [\
            ""name""\
          ],\
          ""type"": ""phrase"",\
          ""analyzer"": ""dhi_term_analyzer"",\
          ""boost"": 10\
        }\
      }\
    }\
  ],\
  ""addressSearchQueries"": [\
    {\
      ""queryDHI"": {\
        ""match"": {\
          ""address"": {\
            ""query"": ""SEARCH_ADDRESS"",\
            ""analyzer"": ""dhi_term_analyzer""\
          }\
        }\
      }\
    }\
  ],\
  ""nameAddressQueries"": [\
    {\
      ""queryDHI"": {\
        ""bool"": {\
          ""must"": [\
            {\
              ""multi_match"": {\
                ""query"": ""SEARCH_NAME"",\
                ""fields"": [\
                  ""name""\
                ],\
                ""type"": ""phrase"",\
                ""analyzer"": ""dhi_term_analyzer"",\
                ""boost"": 10\
              }\
            },\
            {\
              ""multi_match"": {\
                ""query"": ""SEARCH_ADDRESS"",\
                ""type"": ""most_fields"",\
                ""fields"": [\
                  ""address""\
                ],\
                ""analyzer"": ""dhi_term_analyzer"",\
                ""boost"": 2\
              }\
            }\
          ]\
        }\
      }\
    },\
    {\
      ""queryDHI"": {\
        ""bool"": {\
          ""must"": [\
            {\
              ""multi_match"": {\
                ""query"": ""SEARCH_NAME"",\
                ""fields"": [\
                  ""name""\
                ],\
                ""type"": ""phrase"",\
                ""analyzer"": ""dhi_term_analyzer"",\
                ""boost"": 2\
              }\
            },\
            {\
              ""multi_match"": {\
                ""query"": ""SEARCH_ADDRESS"",\
                ""type"": ""most_fields"",\
                ""fields"": [\
                  ""address""\
                ],\
                ""analyzer"": ""dhi_term_analyzer"",\
                ""boost"": 10\
              }\
            }\
          ]\
        }\
      }\
    }\
  ]\
}","2022-06-20 10:38:29","14","2022-06-23 15:40:25","1","18","2"
"194","CBVJNR","20","Vijayanagar","cb0798@unionbankofindia.com","99007 07390","Vijayanagar","1558","17","101","","","29AAACU0564G2ZC","","AAACU0564G",\N,"UDYAM-KR-03-0106234",\N,\N,\N,\N,"2022-07-13 16:02:54","21",\N,\N,"20","20","UBI","Union Bank of India","UBI@UBI.com","9999999999","Bangalore-560001","{\
  ""nameSearchQueries"": [\
    {\
      ""queryDHI"": {\
        ""multi_match"": {\
          ""query"": ""SEARCH_NAME"",\
          ""fields"": [\
            ""name""\
          ],\
          ""type"": ""phrase"",\
          ""analyzer"": ""dhi_term_analyzer"",\
          ""boost"": 10\
        }\
      }\
    }\
  ],\
  ""addressSearchQueries"": [\
    {\
      ""queryDHI"": {\
        ""match"": {\
          ""address"": {\
            ""query"": ""SEARCH_ADDRESS"",\
            ""analyzer"": ""dhi_term_analyzer""\
          }\
        }\
      }\
    }\
  ],\
  ""nameAddressQueries"": [\
    {\
      ""queryDHI"": {\
        ""bool"": {\
          ""must"": [\
            {\
              ""multi_match"": {\
                ""query"": ""SEARCH_NAME"",\
                ""fields"": [\
                  ""name""\
                ],\
                ""type"": ""phrase"",\
                ""analyzer"": ""dhi_term_analyzer"",\
                ""boost"": 10\
              }\
            },\
            {\
              ""multi_match"": {\
                ""query"": ""SEARCH_ADDRESS"",\
                ""type"": ""most_fields"",\
                ""fields"": [\
                  ""address""\
                ],\
                ""analyzer"": ""dhi_term_analyzer"",\
                ""boost"": 2\
              }\
            }\
          ]\
        }\
      }\
    },\
    {\
      ""queryDHI"": {\
        ""bool"": {\
          ""must"": [\
            {\
              ""multi_match"": {\
                ""query"": ""SEARCH_NAME"",\
                ""fields"": [\
                  ""name""\
                ],\
                ""type"": ""phrase"",\
                ""analyzer"": ""dhi_term_analyzer"",\
                ""boost"": 2\
              }\
            },\
            {\
              ""multi_match"": {\
                ""query"": ""SEARCH_ADDRESS"",\
                ""type"": ""most_fields"",\
                ""fields"": [\
                  ""address""\
                ],\
                ""analyzer"": ""dhi_term_analyzer"",\
                ""boost"": 10\
              }\
            }\
          ]\
        }\
      }\
    }\
  ]\
}","2022-06-20 10:38:29","14","2022-06-23 15:40:25","1","18","2"
"195","CBWTFD","20","Whitefield","cb0705@corpbank.co.in"," 94969 33178","Whitefield","1558","17","101","","","29AAACU0564G2ZC","","AAACU0564G",\N,"UDYAM-KR-03-0106234",\N,\N,\N,\N,"2022-07-13 16:02:54","21",\N,\N,"20","20","UBI","Union Bank of India","UBI@UBI.com","9999999999","Bangalore-560001","{\
  ""nameSearchQueries"": [\
    {\
      ""queryDHI"": {\
        ""multi_match"": {\
          ""query"": ""SEARCH_NAME"",\
          ""fields"": [\
            ""name""\
          ],\
          ""type"": ""phrase"",\
          ""analyzer"": ""dhi_term_analyzer"",\
          ""boost"": 10\
        }\
      }\
    }\
  ],\
  ""addressSearchQueries"": [\
    {\
      ""queryDHI"": {\
        ""match"": {\
          ""address"": {\
            ""query"": ""SEARCH_ADDRESS"",\
            ""analyzer"": ""dhi_term_analyzer""\
          }\
        }\
      }\
    }\
  ],\
  ""nameAddressQueries"": [\
    {\
      ""queryDHI"": {\
        ""bool"": {\
          ""must"": [\
            {\
              ""multi_match"": {\
                ""query"": ""SEARCH_NAME"",\
                ""fields"": [\
                  ""name""\
                ],\
                ""type"": ""phrase"",\
                ""analyzer"": ""dhi_term_analyzer"",\
                ""boost"": 10\
              }\
            },\
            {\
              ""multi_match"": {\
                ""query"": ""SEARCH_ADDRESS"",\
                ""type"": ""most_fields"",\
                ""fields"": [\
                  ""address""\
                ],\
                ""analyzer"": ""dhi_term_analyzer"",\
                ""boost"": 2\
              }\
            }\
          ]\
        }\
      }\
    },\
    {\
      ""queryDHI"": {\
        ""bool"": {\
          ""must"": [\
            {\
              ""multi_match"": {\
                ""query"": ""SEARCH_NAME"",\
                ""fields"": [\
                  ""name""\
                ],\
                ""type"": ""phrase"",\
                ""analyzer"": ""dhi_term_analyzer"",\
                ""boost"": 2\
              }\
            },\
            {\
              ""multi_match"": {\
                ""query"": ""SEARCH_ADDRESS"",\
                ""type"": ""most_fields"",\
                ""fields"": [\
                  ""address""\
                ],\
                ""analyzer"": ""dhi_term_analyzer"",\
                ""boost"": 10\
              }\
            }\
          ]\
        }\
      }\
    }\
  ]\
}","2022-06-20 10:38:29","14","2022-06-23 15:40:25","1","18","2"
"196","CBYNTN","20","Yelahanka New Town","ubin0554324@unionbankofindia.bank","77109 43737","Yelahanka New Town","1558","17","101","","","29AAACU0564G2ZC","","AAACU0564G",\N,"UDYAM-KR-03-0106234",\N,\N,\N,\N,"2022-07-13 16:02:54","21",\N,\N,"20","20","UBI","Union Bank of India","UBI@UBI.com","9999999999","Bangalore-560001","{\
  ""nameSearchQueries"": [\
    {\
      ""queryDHI"": {\
        ""multi_match"": {\
          ""query"": ""SEARCH_NAME"",\
          ""fields"": [\
            ""name""\
          ],\
          ""type"": ""phrase"",\
          ""analyzer"": ""dhi_term_analyzer"",\
          ""boost"": 10\
        }\
      }\
    }\
  ],\
  ""addressSearchQueries"": [\
    {\
      ""queryDHI"": {\
        ""match"": {\
          ""address"": {\
            ""query"": ""SEARCH_ADDRESS"",\
            ""analyzer"": ""dhi_term_analyzer""\
          }\
        }\
      }\
    }\
  ],\
  ""nameAddressQueries"": [\
    {\
      ""queryDHI"": {\
        ""bool"": {\
          ""must"": [\
            {\
              ""multi_match"": {\
                ""query"": ""SEARCH_NAME"",\
                ""fields"": [\
                  ""name""\
                ],\
                ""type"": ""phrase"",\
                ""analyzer"": ""dhi_term_analyzer"",\
                ""boost"": 10\
              }\
            },\
            {\
              ""multi_match"": {\
                ""query"": ""SEARCH_ADDRESS"",\
                ""type"": ""most_fields"",\
                ""fields"": [\
                  ""address""\
                ],\
                ""analyzer"": ""dhi_term_analyzer"",\
                ""boost"": 2\
              }\
            }\
          ]\
        }\
      }\
    },\
    {\
      ""queryDHI"": {\
        ""bool"": {\
          ""must"": [\
            {\
              ""multi_match"": {\
                ""query"": ""SEARCH_NAME"",\
                ""fields"": [\
                  ""name""\
                ],\
                ""type"": ""phrase"",\
                ""analyzer"": ""dhi_term_analyzer"",\
                ""boost"": 2\
              }\
            },\
            {\
              ""multi_match"": {\
                ""query"": ""SEARCH_ADDRESS"",\
                ""type"": ""most_fields"",\
                ""fields"": [\
                  ""address""\
                ],\
                ""analyzer"": ""dhi_term_analyzer"",\
                ""boost"": 10\
              }\
            }\
          ]\
        }\
      }\
    }\
  ]\
}","2022-06-20 10:38:29","14","2022-06-23 15:40:25","1","18","2"
"197","CBYLOT","20","Yelahanka OT","cb0075@unionbankofindia.com","99165 20658","Yelahanka OT","1558","17","101","","","29AAACU0564G2ZC","","AAACU0564G",\N,"UDYAM-KR-03-0106234",\N,\N,\N,\N,"2022-07-13 16:02:54","21",\N,\N,"20","20","UBI","Union Bank of India","UBI@UBI.com","9999999999","Bangalore-560001","{\
  ""nameSearchQueries"": [\
    {\
      ""queryDHI"": {\
        ""multi_match"": {\
          ""query"": ""SEARCH_NAME"",\
          ""fields"": [\
            ""name""\
          ],\
          ""type"": ""phrase"",\
          ""analyzer"": ""dhi_term_analyzer"",\
          ""boost"": 10\
        }\
      }\
    }\
  ],\
  ""addressSearchQueries"": [\
    {\
      ""queryDHI"": {\
        ""match"": {\
          ""address"": {\
            ""query"": ""SEARCH_ADDRESS"",\
            ""analyzer"": ""dhi_term_analyzer""\
          }\
        }\
      }\
    }\
  ],\
  ""nameAddressQueries"": [\
    {\
      ""queryDHI"": {\
        ""bool"": {\
          ""must"": [\
            {\
              ""multi_match"": {\
                ""query"": ""SEARCH_NAME"",\
                ""fields"": [\
                  ""name""\
                ],\
                ""type"": ""phrase"",\
                ""analyzer"": ""dhi_term_analyzer"",\
                ""boost"": 10\
              }\
            },\
            {\
              ""multi_match"": {\
                ""query"": ""SEARCH_ADDRESS"",\
                ""type"": ""most_fields"",\
                ""fields"": [\
                  ""address""\
                ],\
                ""analyzer"": ""dhi_term_analyzer"",\
                ""boost"": 2\
              }\
            }\
          ]\
        }\
      }\
    },\
    {\
      ""queryDHI"": {\
        ""bool"": {\
          ""must"": [\
            {\
              ""multi_match"": {\
                ""query"": ""SEARCH_NAME"",\
                ""fields"": [\
                  ""name""\
                ],\
                ""type"": ""phrase"",\
                ""analyzer"": ""dhi_term_analyzer"",\
                ""boost"": 2\
              }\
            },\
            {\
              ""multi_match"": {\
                ""query"": ""SEARCH_ADDRESS"",\
                ""type"": ""most_fields"",\
                ""fields"": [\
                  ""address""\
                ],\
                ""analyzer"": ""dhi_term_analyzer"",\
                ""boost"": 10\
              }\
            }\
          ]\
        }\
      }\
    }\
  ]\
}","2022-06-20 10:38:29","14","2022-06-23 15:40:25","1","18","2"
"198","CBSSNR","20","Sadashivanagar","UBIN0906417@UNIONBANKOFINDIA.BANK","78755 53819","Sadashivanagar","1558","17","101","","","29AAACU0564G2ZC","","AAACU0564G",\N,"UDYAM-KR-03-0106234",\N,\N,\N,\N,"2022-07-13 16:02:54","21",\N,\N,"20","20","UBI","Union Bank of India","UBI@UBI.com","9999999999","Bangalore-560001","{\
  ""nameSearchQueries"": [\
    {\
      ""queryDHI"": {\
        ""multi_match"": {\
          ""query"": ""SEARCH_NAME"",\
          ""fields"": [\
            ""name""\
          ],\
          ""type"": ""phrase"",\
          ""analyzer"": ""dhi_term_analyzer"",\
          ""boost"": 10\
        }\
      }\
    }\
  ],\
  ""addressSearchQueries"": [\
    {\
      ""queryDHI"": {\
        ""match"": {\
          ""address"": {\
            ""query"": ""SEARCH_ADDRESS"",\
            ""analyzer"": ""dhi_term_analyzer""\
          }\
        }\
      }\
    }\
  ],\
  ""nameAddressQueries"": [\
    {\
      ""queryDHI"": {\
        ""bool"": {\
          ""must"": [\
            {\
              ""multi_match"": {\
                ""query"": ""SEARCH_NAME"",\
                ""fields"": [\
                  ""name""\
                ],\
                ""type"": ""phrase"",\
                ""analyzer"": ""dhi_term_analyzer"",\
                ""boost"": 10\
              }\
            },\
            {\
              ""multi_match"": {\
                ""query"": ""SEARCH_ADDRESS"",\
                ""type"": ""most_fields"",\
                ""fields"": [\
                  ""address""\
                ],\
                ""analyzer"": ""dhi_term_analyzer"",\
                ""boost"": 2\
              }\
            }\
          ]\
        }\
      }\
    },\
    {\
      ""queryDHI"": {\
        ""bool"": {\
          ""must"": [\
            {\
              ""multi_match"": {\
                ""query"": ""SEARCH_NAME"",\
                ""fields"": [\
                  ""name""\
                ],\
                ""type"": ""phrase"",\
                ""analyzer"": ""dhi_term_analyzer"",\
                ""boost"": 2\
              }\
            },\
            {\
              ""multi_match"": {\
                ""query"": ""SEARCH_ADDRESS"",\
                ""type"": ""most_fields"",\
                ""fields"": [\
                  ""address""\
                ],\
                ""analyzer"": ""dhi_term_analyzer"",\
                ""boost"": 10\
              }\
            }\
          ]\
        }\
      }\
    }\
  ]\
}","2022-06-20 10:38:29","14","2022-06-23 15:40:25","1","18","2"
"358","ULPCNG","20","ULP Chandigarh","ubin0556581@unionbankofindia.bank","9803773781","ULP Chandigarh","3128","32","101","123456","29AAACU0564G2ZC","","AAACU0564G",\N,\N,\N,\N,\N,\N,\N,"2022-07-15 13:16:22","21",\N,\N,"20","20","UBI","Union Bank of India","UBI@UBI.com","9999999999","Bangalore-560001","{\
  ""nameSearchQueries"": [\
    {\
      ""queryDHI"": {\
        ""multi_match"": {\
          ""query"": ""SEARCH_NAME"",\
          ""fields"": [\
            ""name""\
          ],\
          ""type"": ""phrase"",\
          ""analyzer"": ""dhi_term_analyzer"",\
          ""boost"": 10\
        }\
      }\
    }\
  ],\
  ""addressSearchQueries"": [\
    {\
      ""queryDHI"": {\
        ""match"": {\
          ""address"": {\
            ""query"": ""SEARCH_ADDRESS"",\
            ""analyzer"": ""dhi_term_analyzer""\
          }\
        }\
      }\
    }\
  ],\
  ""nameAddressQueries"": [\
    {\
      ""queryDHI"": {\
        ""bool"": {\
          ""must"": [\
            {\
              ""multi_match"": {\
                ""query"": ""SEARCH_NAME"",\
                ""fields"": [\
                  ""name""\
                ],\
                ""type"": ""phrase"",\
                ""analyzer"": ""dhi_term_analyzer"",\
                ""boost"": 10\
              }\
            },\
            {\
              ""multi_match"": {\
                ""query"": ""SEARCH_ADDRESS"",\
                ""type"": ""most_fields"",\
                ""fields"": [\
                  ""address""\
                ],\
                ""analyzer"": ""dhi_term_analyzer"",\
                ""boost"": 2\
              }\
            }\
          ]\
        }\
      }\
    },\
    {\
      ""queryDHI"": {\
        ""bool"": {\
          ""must"": [\
            {\
              ""multi_match"": {\
                ""query"": ""SEARCH_NAME"",\
                ""fields"": [\
                  ""name""\
                ],\
                ""type"": ""phrase"",\
                ""analyzer"": ""dhi_term_analyzer"",\
                ""boost"": 2\
              }\
            },\
            {\
              ""multi_match"": {\
                ""query"": ""SEARCH_ADDRESS"",\
                ""type"": ""most_fields"",\
                ""fields"": [\
                  ""address""\
                ],\
                ""analyzer"": ""dhi_term_analyzer"",\
                ""boost"": 10\
              }\
            }\
          ]\
        }\
      }\
    }\
  ]\
}","2022-06-20 10:38:29","14","2022-06-23 15:40:25","1","18","2"
"359","ULPMAN","20","ULP Mangalore","ulpmangalore@unionbankofindia.com","88253 42473","ULP Mangalore","1725","17","101","123456","29AAACU0564G2ZC","","AAACU0564G",\N,\N,\N,\N,\N,\N,\N,"2022-07-15 16:15:14","21",\N,\N,"20","20","UBI","Union Bank of India","UBI@UBI.com","9999999999","Bangalore-560001","{\
  ""nameSearchQueries"": [\
    {\
      ""queryDHI"": {\
        ""multi_match"": {\
          ""query"": ""SEARCH_NAME"",\
          ""fields"": [\
            ""name""\
          ],\
          ""type"": ""phrase"",\
          ""analyzer"": ""dhi_term_analyzer"",\
          ""boost"": 10\
        }\
      }\
    }\
  ],\
  ""addressSearchQueries"": [\
    {\
      ""queryDHI"": {\
        ""match"": {\
          ""address"": {\
            ""query"": ""SEARCH_ADDRESS"",\
            ""analyzer"": ""dhi_term_analyzer""\
          }\
        }\
      }\
    }\
  ],\
  ""nameAddressQueries"": [\
    {\
      ""queryDHI"": {\
        ""bool"": {\
          ""must"": [\
            {\
              ""multi_match"": {\
                ""query"": ""SEARCH_NAME"",\
                ""fields"": [\
                  ""name""\
                ],\
                ""type"": ""phrase"",\
                ""analyzer"": ""dhi_term_analyzer"",\
                ""boost"": 10\
              }\
            },\
            {\
              ""multi_match"": {\
                ""query"": ""SEARCH_ADDRESS"",\
                ""type"": ""most_fields"",\
                ""fields"": [\
                  ""address""\
                ],\
                ""analyzer"": ""dhi_term_analyzer"",\
                ""boost"": 2\
              }\
            }\
          ]\
        }\
      }\
    },\
    {\
      ""queryDHI"": {\
        ""bool"": {\
          ""must"": [\
            {\
              ""multi_match"": {\
                ""query"": ""SEARCH_NAME"",\
                ""fields"": [\
                  ""name""\
                ],\
                ""type"": ""phrase"",\
                ""analyzer"": ""dhi_term_analyzer"",\
                ""boost"": 2\
              }\
            },\
            {\
              ""multi_match"": {\
                ""query"": ""SEARCH_ADDRESS"",\
                ""type"": ""most_fields"",\
                ""fields"": [\
                  ""address""\
                ],\
                ""analyzer"": ""dhi_term_analyzer"",\
                ""boost"": 10\
              }\
            }\
          ]\
        }\
      }\
    }\
  ]\
}","2022-06-20 10:38:29","14","2022-06-23 15:40:25","1","18","2"
"360","COKMKPLA","20","Kamakshipalya","UBI@UBI.com","7019870272","Basaveshwara Nagar Main Road, 4th Block, 4th Stage, 48, 80 Feet Ring Road, Agrahara Dasarahalli, Basaveshwara Nagar, Bangalore - 560079","1558","17","101","560079","29AAACU0564G2ZC","","AAACU0564G",\N,\N,\N,\N,\N,\N,\N,"2022-07-15 16:55:29","11",\N,\N,"20","20","UBI","Union Bank of India","UBI@UBI.com","9999999999","Bangalore-560001","{\
  ""nameSearchQueries"": [\
    {\
      ""queryDHI"": {\
        ""multi_match"": {\
          ""query"": ""SEARCH_NAME"",\
          ""fields"": [\
            ""name""\
          ],\
          ""type"": ""phrase"",\
          ""analyzer"": ""dhi_term_analyzer"",\
          ""boost"": 10\
        }\
      }\
    }\
  ],\
  ""addressSearchQueries"": [\
    {\
      ""queryDHI"": {\
        ""match"": {\
          ""address"": {\
            ""query"": ""SEARCH_ADDRESS"",\
            ""analyzer"": ""dhi_term_analyzer""\
          }\
        }\
      }\
    }\
  ],\
  ""nameAddressQueries"": [\
    {\
      ""queryDHI"": {\
        ""bool"": {\
          ""must"": [\
            {\
              ""multi_match"": {\
                ""query"": ""SEARCH_NAME"",\
                ""fields"": [\
                  ""name""\
                ],\
                ""type"": ""phrase"",\
                ""analyzer"": ""dhi_term_analyzer"",\
                ""boost"": 10\
              }\
            },\
            {\
              ""multi_match"": {\
                ""query"": ""SEARCH_ADDRESS"",\
                ""type"": ""most_fields"",\
                ""fields"": [\
                  ""address""\
                ],\
                ""analyzer"": ""dhi_term_analyzer"",\
                ""boost"": 2\
              }\
            }\
          ]\
        }\
      }\
    },\
    {\
      ""queryDHI"": {\
        ""bool"": {\
          ""must"": [\
            {\
              ""multi_match"": {\
                ""query"": ""SEARCH_NAME"",\
                ""fields"": [\
                  ""name""\
                ],\
                ""type"": ""phrase"",\
                ""analyzer"": ""dhi_term_analyzer"",\
                ""boost"": 2\
              }\
            },\
            {\
              ""multi_match"": {\
                ""query"": ""SEARCH_ADDRESS"",\
                ""type"": ""most_fields"",\
                ""fields"": [\
                  ""address""\
                ],\
                ""analyzer"": ""dhi_term_analyzer"",\
                ""boost"": 10\
              }\
            }\
          ]\
        }\
      }\
    }\
  ]\
}","2022-06-20 10:38:29","14","2022-06-23 15:40:25","1","18","2"
"361","HRGADD","20","Haragadde Branch","haragadde@unionbankofindia.com","1234567891","Haragadde Branch\
","1558","17","101","123456","29AAACU0564G2ZC","","AAACU0564G",\N,\N,\N,\N,\N,\N,\N,"2022-07-18 14:47:30","21",\N,\N,"20","20","UBI","Union Bank of India","UBI@UBI.com","9999999999","Bangalore-560001","{\
  ""nameSearchQueries"": [\
    {\
      ""queryDHI"": {\
        ""multi_match"": {\
          ""query"": ""SEARCH_NAME"",\
          ""fields"": [\
            ""name""\
          ],\
          ""type"": ""phrase"",\
          ""analyzer"": ""dhi_term_analyzer"",\
          ""boost"": 10\
        }\
      }\
    }\
  ],\
  ""addressSearchQueries"": [\
    {\
      ""queryDHI"": {\
        ""match"": {\
          ""address"": {\
            ""query"": ""SEARCH_ADDRESS"",\
            ""analyzer"": ""dhi_term_analyzer""\
          }\
        }\
      }\
    }\
  ],\
  ""nameAddressQueries"": [\
    {\
      ""queryDHI"": {\
        ""bool"": {\
          ""must"": [\
            {\
              ""multi_match"": {\
                ""query"": ""SEARCH_NAME"",\
                ""fields"": [\
                  ""name""\
                ],\
                ""type"": ""phrase"",\
                ""analyzer"": ""dhi_term_analyzer"",\
                ""boost"": 10\
              }\
            },\
            {\
              ""multi_match"": {\
                ""query"": ""SEARCH_ADDRESS"",\
                ""type"": ""most_fields"",\
                ""fields"": [\
                  ""address""\
                ],\
                ""analyzer"": ""dhi_term_analyzer"",\
                ""boost"": 2\
              }\
            }\
          ]\
        }\
      }\
    },\
    {\
      ""queryDHI"": {\
        ""bool"": {\
          ""must"": [\
            {\
              ""multi_match"": {\
                ""query"": ""SEARCH_NAME"",\
                ""fields"": [\
                  ""name""\
                ],\
                ""type"": ""phrase"",\
                ""analyzer"": ""dhi_term_analyzer"",\
                ""boost"": 2\
              }\
            },\
            {\
              ""multi_match"": {\
                ""query"": ""SEARCH_ADDRESS"",\
                ""type"": ""most_fields"",\
                ""fields"": [\
                  ""address""\
                ],\
                ""analyzer"": ""dhi_term_analyzer"",\
                ""boost"": 10\
              }\
            }\
          ]\
        }\
      }\
    }\
  ]\
}","2022-06-20 10:38:29","14","2022-06-23 15:40:25","1","18","2"
"362","ULPJPR","20","ULPJAIPUR","bm3051@unionbankofindia.bank","95880 75225","ULPJAIPUR  sdfasd","3378","33","101","123456","29AAACU0564G2ZC","","AAACU0564G",\N,\N,\N,\N,\N,\N,\N,"2022-07-18 14:53:53","21",\N,\N,"20","20","UBI","Union Bank of India","UBI@UBI.com","9999999999","Bangalore-560001","{\
  ""nameSearchQueries"": [\
    {\
      ""queryDHI"": {\
        ""multi_match"": {\
          ""query"": ""SEARCH_NAME"",\
          ""fields"": [\
            ""name""\
          ],\
          ""type"": ""phrase"",\
          ""analyzer"": ""dhi_term_analyzer"",\
          ""boost"": 10\
        }\
      }\
    }\
  ],\
  ""addressSearchQueries"": [\
    {\
      ""queryDHI"": {\
        ""match"": {\
          ""address"": {\
            ""query"": ""SEARCH_ADDRESS"",\
            ""analyzer"": ""dhi_term_analyzer""\
          }\
        }\
      }\
    }\
  ],\
  ""nameAddressQueries"": [\
    {\
      ""queryDHI"": {\
        ""bool"": {\
          ""must"": [\
            {\
              ""multi_match"": {\
                ""query"": ""SEARCH_NAME"",\
                ""fields"": [\
                  ""name""\
                ],\
                ""type"": ""phrase"",\
                ""analyzer"": ""dhi_term_analyzer"",\
                ""boost"": 10\
              }\
            },\
            {\
              ""multi_match"": {\
                ""query"": ""SEARCH_ADDRESS"",\
                ""type"": ""most_fields"",\
                ""fields"": [\
                  ""address""\
                ],\
                ""analyzer"": ""dhi_term_analyzer"",\
                ""boost"": 2\
              }\
            }\
          ]\
        }\
      }\
    },\
    {\
      ""queryDHI"": {\
        ""bool"": {\
          ""must"": [\
            {\
              ""multi_match"": {\
                ""query"": ""SEARCH_NAME"",\
                ""fields"": [\
                  ""name""\
                ],\
                ""type"": ""phrase"",\
                ""analyzer"": ""dhi_term_analyzer"",\
                ""boost"": 2\
              }\
            },\
            {\
              ""multi_match"": {\
                ""query"": ""SEARCH_ADDRESS"",\
                ""type"": ""most_fields"",\
                ""fields"": [\
                  ""address""\
                ],\
                ""analyzer"": ""dhi_term_analyzer"",\
                ""boost"": 10\
              }\
            }\
          ]\
        }\
      }\
    }\
  ]\
}","2022-06-20 10:38:29","14","2022-06-23 15:40:25","1","18","2"
"363","SSIBRH","20","SSI Branch","ubin0814342@unionbankofindia.bank","9035499280","SSI Branch","1558","17","101","123456","29AAACU0564G2ZC","","AAACU0564G",\N,\N,\N,\N,\N,\N,\N,"2022-07-18 15:16:39","21",\N,\N,"20","20","UBI","Union Bank of India","UBI@UBI.com","9999999999","Bangalore-560001","{\
  ""nameSearchQueries"": [\
    {\
      ""queryDHI"": {\
        ""multi_match"": {\
          ""query"": ""SEARCH_NAME"",\
          ""fields"": [\
            ""name""\
          ],\
          ""type"": ""phrase"",\
          ""analyzer"": ""dhi_term_analyzer"",\
          ""boost"": 10\
        }\
      }\
    }\
  ],\
  ""addressSearchQueries"": [\
    {\
      ""queryDHI"": {\
        ""match"": {\
          ""address"": {\
            ""query"": ""SEARCH_ADDRESS"",\
            ""analyzer"": ""dhi_term_analyzer""\
          }\
        }\
      }\
    }\
  ],\
  ""nameAddressQueries"": [\
    {\
      ""queryDHI"": {\
        ""bool"": {\
          ""must"": [\
            {\
              ""multi_match"": {\
                ""query"": ""SEARCH_NAME"",\
                ""fields"": [\
                  ""name""\
                ],\
                ""type"": ""phrase"",\
                ""analyzer"": ""dhi_term_analyzer"",\
                ""boost"": 10\
              }\
            },\
            {\
              ""multi_match"": {\
                ""query"": ""SEARCH_ADDRESS"",\
                ""type"": ""most_fields"",\
                ""fields"": [\
                  ""address""\
                ],\
                ""analyzer"": ""dhi_term_analyzer"",\
                ""boost"": 2\
              }\
            }\
          ]\
        }\
      }\
    },\
    {\
      ""queryDHI"": {\
        ""bool"": {\
          ""must"": [\
            {\
              ""multi_match"": {\
                ""query"": ""SEARCH_NAME"",\
                ""fields"": [\
                  ""name""\
                ],\
                ""type"": ""phrase"",\
                ""analyzer"": ""dhi_term_analyzer"",\
                ""boost"": 2\
              }\
            },\
            {\
              ""multi_match"": {\
                ""query"": ""SEARCH_ADDRESS"",\
                ""type"": ""most_fields"",\
                ""fields"": [\
                  ""address""\
                ],\
                ""analyzer"": ""dhi_term_analyzer"",\
                ""boost"": 10\
              }\
            }\
          ]\
        }\
      }\
    }\
  ]\
}","2022-06-20 10:38:29","14","2022-06-23 15:40:25","1","18","2"
"364","ABKGNR","20","Kithaganur","ubin0828416@unionbankofindia.bank","98449 99917","Kithaganur","1558","17","101","123456","29AAACU0564G2ZC","","AAACU0564G",\N,\N,\N,\N,\N,\N,\N,"2022-07-18 16:29:32","21",\N,\N,"20","20","UBI","Union Bank of India","UBI@UBI.com","9999999999","Bangalore-560001","{\
  ""nameSearchQueries"": [\
    {\
      ""queryDHI"": {\
        ""multi_match"": {\
          ""query"": ""SEARCH_NAME"",\
          ""fields"": [\
            ""name""\
          ],\
          ""type"": ""phrase"",\
          ""analyzer"": ""dhi_term_analyzer"",\
          ""boost"": 10\
        }\
      }\
    }\
  ],\
  ""addressSearchQueries"": [\
    {\
      ""queryDHI"": {\
        ""match"": {\
          ""address"": {\
            ""query"": ""SEARCH_ADDRESS"",\
            ""analyzer"": ""dhi_term_analyzer""\
          }\
        }\
      }\
    }\
  ],\
  ""nameAddressQueries"": [\
    {\
      ""queryDHI"": {\
        ""bool"": {\
          ""must"": [\
            {\
              ""multi_match"": {\
                ""query"": ""SEARCH_NAME"",\
                ""fields"": [\
                  ""name""\
                ],\
                ""type"": ""phrase"",\
                ""analyzer"": ""dhi_term_analyzer"",\
                ""boost"": 10\
              }\
            },\
            {\
              ""multi_match"": {\
                ""query"": ""SEARCH_ADDRESS"",\
                ""type"": ""most_fields"",\
                ""fields"": [\
                  ""address""\
                ],\
                ""analyzer"": ""dhi_term_analyzer"",\
                ""boost"": 2\
              }\
            }\
          ]\
        }\
      }\
    },\
    {\
      ""queryDHI"": {\
        ""bool"": {\
          ""must"": [\
            {\
              ""multi_match"": {\
                ""query"": ""SEARCH_NAME"",\
                ""fields"": [\
                  ""name""\
                ],\
                ""type"": ""phrase"",\
                ""analyzer"": ""dhi_term_analyzer"",\
                ""boost"": 2\
              }\
            },\
            {\
              ""multi_match"": {\
                ""query"": ""SEARCH_ADDRESS"",\
                ""type"": ""most_fields"",\
                ""fields"": [\
                  ""address""\
                ],\
                ""analyzer"": ""dhi_term_analyzer"",\
                ""boost"": 10\
              }\
            }\
          ]\
        }\
      }\
    }\
  ]\
}","2022-06-20 10:38:29","14","2022-06-23 15:40:25","1","18","2"
"367","ABJNGR","20","Jayanagar","ubin0802735@unionbankofindia.bank","7789993323","Jayanagar, bangalore","1558","17","101","123456","29AAACU0564G2ZC","","AAACU0564G",\N,\N,\N,\N,\N,\N,\N,"2022-07-20 10:42:55","21",\N,\N,"20","20","UBI","Union Bank of India","UBI@UBI.com","9999999999","Bangalore-560001","{\
  ""nameSearchQueries"": [\
    {\
      ""queryDHI"": {\
        ""multi_match"": {\
          ""query"": ""SEARCH_NAME"",\
          ""fields"": [\
            ""name""\
          ],\
          ""type"": ""phrase"",\
          ""analyzer"": ""dhi_term_analyzer"",\
          ""boost"": 10\
        }\
      }\
    }\
  ],\
  ""addressSearchQueries"": [\
    {\
      ""queryDHI"": {\
        ""match"": {\
          ""address"": {\
            ""query"": ""SEARCH_ADDRESS"",\
            ""analyzer"": ""dhi_term_analyzer""\
          }\
        }\
      }\
    }\
  ],\
  ""nameAddressQueries"": [\
    {\
      ""queryDHI"": {\
        ""bool"": {\
          ""must"": [\
            {\
              ""multi_match"": {\
                ""query"": ""SEARCH_NAME"",\
                ""fields"": [\
                  ""name""\
                ],\
                ""type"": ""phrase"",\
                ""analyzer"": ""dhi_term_analyzer"",\
                ""boost"": 10\
              }\
            },\
            {\
              ""multi_match"": {\
                ""query"": ""SEARCH_ADDRESS"",\
                ""type"": ""most_fields"",\
                ""fields"": [\
                  ""address""\
                ],\
                ""analyzer"": ""dhi_term_analyzer"",\
                ""boost"": 2\
              }\
            }\
          ]\
        }\
      }\
    },\
    {\
      ""queryDHI"": {\
        ""bool"": {\
          ""must"": [\
            {\
              ""multi_match"": {\
                ""query"": ""SEARCH_NAME"",\
                ""fields"": [\
                  ""name""\
                ],\
                ""type"": ""phrase"",\
                ""analyzer"": ""dhi_term_analyzer"",\
                ""boost"": 2\
              }\
            },\
            {\
              ""multi_match"": {\
                ""query"": ""SEARCH_ADDRESS"",\
                ""type"": ""most_fields"",\
                ""fields"": [\
                  ""address""\
                ],\
                ""analyzer"": ""dhi_term_analyzer"",\
                ""boost"": 10\
              }\
            }\
          ]\
        }\
      }\
    }\
  ]\
}","2022-06-20 10:38:29","14","2022-06-23 15:40:25","1","18","2"
"369","ULPUDU","20","ULP Udupi","cb1823@unionbankofindia.com","8076555030","ULP Udupi,karnataka\
","1829","17","101","123456","29AAACU0564G2ZC","","AAACU0564G",\N,\N,\N,\N,\N,\N,\N,"2022-07-25 17:48:07","21",\N,\N,"20","20","UBI","Union Bank of India","UBI@UBI.com","9999999999","Bangalore-560001","{\
  ""nameSearchQueries"": [\
    {\
      ""queryDHI"": {\
        ""multi_match"": {\
          ""query"": ""SEARCH_NAME"",\
          ""fields"": [\
            ""name""\
          ],\
          ""type"": ""phrase"",\
          ""analyzer"": ""dhi_term_analyzer"",\
          ""boost"": 10\
        }\
      }\
    }\
  ],\
  ""addressSearchQueries"": [\
    {\
      ""queryDHI"": {\
        ""match"": {\
          ""address"": {\
            ""query"": ""SEARCH_ADDRESS"",\
            ""analyzer"": ""dhi_term_analyzer""\
          }\
        }\
      }\
    }\
  ],\
  ""nameAddressQueries"": [\
    {\
      ""queryDHI"": {\
        ""bool"": {\
          ""must"": [\
            {\
              ""multi_match"": {\
                ""query"": ""SEARCH_NAME"",\
                ""fields"": [\
                  ""name""\
                ],\
                ""type"": ""phrase"",\
                ""analyzer"": ""dhi_term_analyzer"",\
                ""boost"": 10\
              }\
            },\
            {\
              ""multi_match"": {\
                ""query"": ""SEARCH_ADDRESS"",\
                ""type"": ""most_fields"",\
                ""fields"": [\
                  ""address""\
                ],\
                ""analyzer"": ""dhi_term_analyzer"",\
                ""boost"": 2\
              }\
            }\
          ]\
        }\
      }\
    },\
    {\
      ""queryDHI"": {\
        ""bool"": {\
          ""must"": [\
            {\
              ""multi_match"": {\
                ""query"": ""SEARCH_NAME"",\
                ""fields"": [\
                  ""name""\
                ],\
                ""type"": ""phrase"",\
                ""analyzer"": ""dhi_term_analyzer"",\
                ""boost"": 2\
              }\
            },\
            {\
              ""multi_match"": {\
                ""query"": ""SEARCH_ADDRESS"",\
                ""type"": ""most_fields"",\
                ""fields"": [\
                  ""address""\
                ],\
                ""analyzer"": ""dhi_term_analyzer"",\
                ""boost"": 10\
              }\
            }\
          ]\
        }\
      }\
    }\
  ]\
}","2022-06-20 10:38:29","14","2022-06-23 15:40:25","1","18","2"
"370","ULIYAR","20","Uliyargoli","ubin0902381@unionbankofindia.bank","89043 44689","Uliyargoli\
karnatka","1520","17","101","123456","29AAACU0564G2ZC","","AAACU0564G",\N,\N,\N,\N,\N,\N,\N,"2022-07-26 12:10:16","21",\N,\N,"20","20","UBI","Union Bank of India","UBI@UBI.com","9999999999","Bangalore-560001","{\
  ""nameSearchQueries"": [\
    {\
      ""queryDHI"": {\
        ""multi_match"": {\
          ""query"": ""SEARCH_NAME"",\
          ""fields"": [\
            ""name""\
          ],\
          ""type"": ""phrase"",\
          ""analyzer"": ""dhi_term_analyzer"",\
          ""boost"": 10\
        }\
      }\
    }\
  ],\
  ""addressSearchQueries"": [\
    {\
      ""queryDHI"": {\
        ""match"": {\
          ""address"": {\
            ""query"": ""SEARCH_ADDRESS"",\
            ""analyzer"": ""dhi_term_analyzer""\
          }\
        }\
      }\
    }\
  ],\
  ""nameAddressQueries"": [\
    {\
      ""queryDHI"": {\
        ""bool"": {\
          ""must"": [\
            {\
              ""multi_match"": {\
                ""query"": ""SEARCH_NAME"",\
                ""fields"": [\
                  ""name""\
                ],\
                ""type"": ""phrase"",\
                ""analyzer"": ""dhi_term_analyzer"",\
                ""boost"": 10\
              }\
            },\
            {\
              ""multi_match"": {\
                ""query"": ""SEARCH_ADDRESS"",\
                ""type"": ""most_fields"",\
                ""fields"": [\
                  ""address""\
                ],\
                ""analyzer"": ""dhi_term_analyzer"",\
                ""boost"": 2\
              }\
            }\
          ]\
        }\
      }\
    },\
    {\
      ""queryDHI"": {\
        ""bool"": {\
          ""must"": [\
            {\
              ""multi_match"": {\
                ""query"": ""SEARCH_NAME"",\
                ""fields"": [\
                  ""name""\
                ],\
                ""type"": ""phrase"",\
                ""analyzer"": ""dhi_term_analyzer"",\
                ""boost"": 2\
              }\
            },\
            {\
              ""multi_match"": {\
                ""query"": ""SEARCH_ADDRESS"",\
                ""type"": ""most_fields"",\
                ""fields"": [\
                  ""address""\
                ],\
                ""analyzer"": ""dhi_term_analyzer"",\
                ""boost"": 10\
              }\
            }\
          ]\
        }\
      }\
    }\
  ]\
}","2022-06-20 10:38:29","14","2022-06-23 15:40:25","1","18","2"
"371","CBKORM","20","Koramangala 8th block","ubin0912271@unionbankofindia.bank","84596 21238","Koramangala 8th block","1558","17","101","123456","29AAACU0564G2ZC","","AAACU0564G",\N,\N,\N,\N,\N,\N,\N,"2022-08-04 10:39:04","21",\N,\N,"20","20","UBI","Union Bank of India","UBI@UBI.com","9999999999","Bangalore-560001","{\
  ""nameSearchQueries"": [\
    {\
      ""queryDHI"": {\
        ""multi_match"": {\
          ""query"": ""SEARCH_NAME"",\
          ""fields"": [\
            ""name""\
          ],\
          ""type"": ""phrase"",\
          ""analyzer"": ""dhi_term_analyzer"",\
          ""boost"": 10\
        }\
      }\
    }\
  ],\
  ""addressSearchQueries"": [\
    {\
      ""queryDHI"": {\
        ""match"": {\
          ""address"": {\
            ""query"": ""SEARCH_ADDRESS"",\
            ""analyzer"": ""dhi_term_analyzer""\
          }\
        }\
      }\
    }\
  ],\
  ""nameAddressQueries"": [\
    {\
      ""queryDHI"": {\
        ""bool"": {\
          ""must"": [\
            {\
              ""multi_match"": {\
                ""query"": ""SEARCH_NAME"",\
                ""fields"": [\
                  ""name""\
                ],\
                ""type"": ""phrase"",\
                ""analyzer"": ""dhi_term_analyzer"",\
                ""boost"": 10\
              }\
            },\
            {\
              ""multi_match"": {\
                ""query"": ""SEARCH_ADDRESS"",\
                ""type"": ""most_fields"",\
                ""fields"": [\
                  ""address""\
                ],\
                ""analyzer"": ""dhi_term_analyzer"",\
                ""boost"": 2\
              }\
            }\
          ]\
        }\
      }\
    },\
    {\
      ""queryDHI"": {\
        ""bool"": {\
          ""must"": [\
            {\
              ""multi_match"": {\
                ""query"": ""SEARCH_NAME"",\
                ""fields"": [\
                  ""name""\
                ],\
                ""type"": ""phrase"",\
                ""analyzer"": ""dhi_term_analyzer"",\
                ""boost"": 2\
              }\
            },\
            {\
              ""multi_match"": {\
                ""query"": ""SEARCH_ADDRESS"",\
                ""type"": ""most_fields"",\
                ""fields"": [\
                  ""address""\
                ],\
                ""analyzer"": ""dhi_term_analyzer"",\
                ""boost"": 10\
              }\
            }\
          ]\
        }\
      }\
    }\
  ]\
}","2022-06-20 10:38:29","14","2022-06-23 15:40:25","1","18","2"
"372","CBATTL","20","Attibele","ubin0908819@unionbankofindia.bank","9440058569","Attibele,bangalore","1558","17","101","123456","29AAACU0564G2ZC","","AAACU0564G",\N,\N,\N,\N,\N,\N,\N,"2022-08-04 12:57:28","21",\N,\N,"20","20","UBI","Union Bank of India","UBI@UBI.com","9999999999","Bangalore-560001","{\
  ""nameSearchQueries"": [\
    {\
      ""queryDHI"": {\
        ""multi_match"": {\
          ""query"": ""SEARCH_NAME"",\
          ""fields"": [\
            ""name""\
          ],\
          ""type"": ""phrase"",\
          ""analyzer"": ""dhi_term_analyzer"",\
          ""boost"": 10\
        }\
      }\
    }\
  ],\
  ""addressSearchQueries"": [\
    {\
      ""queryDHI"": {\
        ""match"": {\
          ""address"": {\
            ""query"": ""SEARCH_ADDRESS"",\
            ""analyzer"": ""dhi_term_analyzer""\
          }\
        }\
      }\
    }\
  ],\
  ""nameAddressQueries"": [\
    {\
      ""queryDHI"": {\
        ""bool"": {\
          ""must"": [\
            {\
              ""multi_match"": {\
                ""query"": ""SEARCH_NAME"",\
                ""fields"": [\
                  ""name""\
                ],\
                ""type"": ""phrase"",\
                ""analyzer"": ""dhi_term_analyzer"",\
                ""boost"": 10\
              }\
            },\
            {\
              ""multi_match"": {\
                ""query"": ""SEARCH_ADDRESS"",\
                ""type"": ""most_fields"",\
                ""fields"": [\
                  ""address""\
                ],\
                ""analyzer"": ""dhi_term_analyzer"",\
                ""boost"": 2\
              }\
            }\
          ]\
        }\
      }\
    },\
    {\
      ""queryDHI"": {\
        ""bool"": {\
          ""must"": [\
            {\
              ""multi_match"": {\
                ""query"": ""SEARCH_NAME"",\
                ""fields"": [\
                  ""name""\
                ],\
                ""type"": ""phrase"",\
                ""analyzer"": ""dhi_term_analyzer"",\
                ""boost"": 2\
              }\
            },\
            {\
              ""multi_match"": {\
                ""query"": ""SEARCH_ADDRESS"",\
                ""type"": ""most_fields"",\
                ""fields"": [\
                  ""address""\
                ],\
                ""analyzer"": ""dhi_term_analyzer"",\
                ""boost"": 10\
              }\
            }\
          ]\
        }\
      }\
    }\
  ]\
}","2022-06-20 10:38:29","14","2022-06-23 15:40:25","1","18","2"
"376","TIRCHI","20","Tiruchi","Tiruchi@unionbankofindia.bank","8220013792","Tiruchi,tamil nadu","4328","35","101","123456","29AAACU0564G2ZC","","AAACU0564G",\N,\N,\N,\N,\N,\N,\N,"2022-08-11 16:11:09","21","2022-08-11 16:12:06","21","20","20","UBI","Union Bank of India","UBI@UBI.com","9999999999","Bangalore-560001","{\
  ""nameSearchQueries"": [\
    {\
      ""queryDHI"": {\
        ""multi_match"": {\
          ""query"": ""SEARCH_NAME"",\
          ""fields"": [\
            ""name""\
          ],\
          ""type"": ""phrase"",\
          ""analyzer"": ""dhi_term_analyzer"",\
          ""boost"": 10\
        }\
      }\
    }\
  ],\
  ""addressSearchQueries"": [\
    {\
      ""queryDHI"": {\
        ""match"": {\
          ""address"": {\
            ""query"": ""SEARCH_ADDRESS"",\
            ""analyzer"": ""dhi_term_analyzer""\
          }\
        }\
      }\
    }\
  ],\
  ""nameAddressQueries"": [\
    {\
      ""queryDHI"": {\
        ""bool"": {\
          ""must"": [\
            {\
              ""multi_match"": {\
                ""query"": ""SEARCH_NAME"",\
                ""fields"": [\
                  ""name""\
                ],\
                ""type"": ""phrase"",\
                ""analyzer"": ""dhi_term_analyzer"",\
                ""boost"": 10\
              }\
            },\
            {\
              ""multi_match"": {\
                ""query"": ""SEARCH_ADDRESS"",\
                ""type"": ""most_fields"",\
                ""fields"": [\
                  ""address""\
                ],\
                ""analyzer"": ""dhi_term_analyzer"",\
                ""boost"": 2\
              }\
            }\
          ]\
        }\
      }\
    },\
    {\
      ""queryDHI"": {\
        ""bool"": {\
          ""must"": [\
            {\
              ""multi_match"": {\
                ""query"": ""SEARCH_NAME"",\
                ""fields"": [\
                  ""name""\
                ],\
                ""type"": ""phrase"",\
                ""analyzer"": ""dhi_term_analyzer"",\
                ""boost"": 2\
              }\
            },\
            {\
              ""multi_match"": {\
                ""query"": ""SEARCH_ADDRESS"",\
                ""type"": ""most_fields"",\
                ""fields"": [\
                  ""address""\
                ],\
                ""analyzer"": ""dhi_term_analyzer"",\
                ""boost"": 10\
              }\
            }\
          ]\
        }\
      }\
    }\
  ]\
}","2022-06-20 10:38:29","14","2022-06-23 15:40:25","1","18","2"
"377","ABBGLR","20","ABL-Bagalur","bm1662@unionbankofindia.com","7042729760","ABL-Bagalur,Bangalore","1558","17","101","123456","29AAACU0564G2ZC","","AAACU0564G",\N,\N,\N,\N,\N,\N,\N,"2022-08-12 15:23:44","21",\N,\N,"20","20","UBI","Union Bank of India","UBI@UBI.com","9999999999","Bangalore-560001","{\
  ""nameSearchQueries"": [\
    {\
      ""queryDHI"": {\
        ""multi_match"": {\
          ""query"": ""SEARCH_NAME"",\
          ""fields"": [\
            ""name""\
          ],\
          ""type"": ""phrase"",\
          ""analyzer"": ""dhi_term_analyzer"",\
          ""boost"": 10\
        }\
      }\
    }\
  ],\
  ""addressSearchQueries"": [\
    {\
      ""queryDHI"": {\
        ""match"": {\
          ""address"": {\
            ""query"": ""SEARCH_ADDRESS"",\
            ""analyzer"": ""dhi_term_analyzer""\
          }\
        }\
      }\
    }\
  ],\
  ""nameAddressQueries"": [\
    {\
      ""queryDHI"": {\
        ""bool"": {\
          ""must"": [\
            {\
              ""multi_match"": {\
                ""query"": ""SEARCH_NAME"",\
                ""fields"": [\
                  ""name""\
                ],\
                ""type"": ""phrase"",\
                ""analyzer"": ""dhi_term_analyzer"",\
                ""boost"": 10\
              }\
            },\
            {\
              ""multi_match"": {\
                ""query"": ""SEARCH_ADDRESS"",\
                ""type"": ""most_fields"",\
                ""fields"": [\
                  ""address""\
                ],\
                ""analyzer"": ""dhi_term_analyzer"",\
                ""boost"": 2\
              }\
            }\
          ]\
        }\
      }\
    },\
    {\
      ""queryDHI"": {\
        ""bool"": {\
          ""must"": [\
            {\
              ""multi_match"": {\
                ""query"": ""SEARCH_NAME"",\
                ""fields"": [\
                  ""name""\
                ],\
                ""type"": ""phrase"",\
                ""analyzer"": ""dhi_term_analyzer"",\
                ""boost"": 2\
              }\
            },\
            {\
              ""multi_match"": {\
                ""query"": ""SEARCH_ADDRESS"",\
                ""type"": ""most_fields"",\
                ""fields"": [\
                  ""address""\
                ],\
                ""analyzer"": ""dhi_term_analyzer"",\
                ""boost"": 10\
              }\
            }\
          ]\
        }\
      }\
    }\
  ]\
}","2022-06-20 10:38:29","14","2022-06-23 15:40:25","1","18","2"
"381","MVPCN2","20","Mvp colony -2 branch","123@gmail.com","94930 40640","Mvp colony -2 branch,bangalore","1558","17","101","123456","29AAACU0564G2ZC","","AAACU0564G",\N,\N,\N,\N,\N,\N,\N,"2022-09-01 14:30:07","21",\N,\N,"20","20","UBI","Union Bank of India","UBI@UBI.com","9999999999","Bangalore-560001","{\
  ""nameSearchQueries"": [\
    {\
      ""queryDHI"": {\
        ""multi_match"": {\
          ""query"": ""SEARCH_NAME"",\
          ""fields"": [\
            ""name""\
          ],\
          ""type"": ""phrase"",\
          ""analyzer"": ""dhi_term_analyzer"",\
          ""boost"": 10\
        }\
      }\
    }\
  ],\
  ""addressSearchQueries"": [\
    {\
      ""queryDHI"": {\
        ""match"": {\
          ""address"": {\
            ""query"": ""SEARCH_ADDRESS"",\
            ""analyzer"": ""dhi_term_analyzer""\
          }\
        }\
      }\
    }\
  ],\
  ""nameAddressQueries"": [\
    {\
      ""queryDHI"": {\
        ""bool"": {\
          ""must"": [\
            {\
              ""multi_match"": {\
                ""query"": ""SEARCH_NAME"",\
                ""fields"": [\
                  ""name""\
                ],\
                ""type"": ""phrase"",\
                ""analyzer"": ""dhi_term_analyzer"",\
                ""boost"": 10\
              }\
            },\
            {\
              ""multi_match"": {\
                ""query"": ""SEARCH_ADDRESS"",\
                ""type"": ""most_fields"",\
                ""fields"": [\
                  ""address""\
                ],\
                ""analyzer"": ""dhi_term_analyzer"",\
                ""boost"": 2\
              }\
            }\
          ]\
        }\
      }\
    },\
    {\
      ""queryDHI"": {\
        ""bool"": {\
          ""must"": [\
            {\
              ""multi_match"": {\
                ""query"": ""SEARCH_NAME"",\
                ""fields"": [\
                  ""name""\
                ],\
                ""type"": ""phrase"",\
                ""analyzer"": ""dhi_term_analyzer"",\
                ""boost"": 2\
              }\
            },\
            {\
              ""multi_match"": {\
                ""query"": ""SEARCH_ADDRESS"",\
                ""type"": ""most_fields"",\
                ""fields"": [\
                  ""address""\
                ],\
                ""analyzer"": ""dhi_term_analyzer"",\
                ""boost"": 10\
              }\
            }\
          ]\
        }\
      }\
    }\
  ]\
}","2022-06-20 10:38:29","14","2022-06-23 15:40:25","1","18","2"
"602","CBMDPR","20","Mahadevapura","UBIN0921483@unionbankofindia.com","9738205340","Mahadevapura,Bangalore","1558","17","101","123456","29AAACU0564G2ZC","","AAACU0564G",\N,\N,\N,\N,\N,\N,\N,"2022-09-14 15:59:51","21",\N,\N,"20","20","UBI","Union Bank of India","UBI@UBI.com","9999999999","Bangalore-560001","{\
  ""nameSearchQueries"": [\
    {\
      ""queryDHI"": {\
        ""multi_match"": {\
          ""query"": ""SEARCH_NAME"",\
          ""fields"": [\
            ""name""\
          ],\
          ""type"": ""phrase"",\
          ""analyzer"": ""dhi_term_analyzer"",\
          ""boost"": 10\
        }\
      }\
    }\
  ],\
  ""addressSearchQueries"": [\
    {\
      ""queryDHI"": {\
        ""match"": {\
          ""address"": {\
            ""query"": ""SEARCH_ADDRESS"",\
            ""analyzer"": ""dhi_term_analyzer""\
          }\
        }\
      }\
    }\
  ],\
  ""nameAddressQueries"": [\
    {\
      ""queryDHI"": {\
        ""bool"": {\
          ""must"": [\
            {\
              ""multi_match"": {\
                ""query"": ""SEARCH_NAME"",\
                ""fields"": [\
                  ""name""\
                ],\
                ""type"": ""phrase"",\
                ""analyzer"": ""dhi_term_analyzer"",\
                ""boost"": 10\
              }\
            },\
            {\
              ""multi_match"": {\
                ""query"": ""SEARCH_ADDRESS"",\
                ""type"": ""most_fields"",\
                ""fields"": [\
                  ""address""\
                ],\
                ""analyzer"": ""dhi_term_analyzer"",\
                ""boost"": 2\
              }\
            }\
          ]\
        }\
      }\
    },\
    {\
      ""queryDHI"": {\
        ""bool"": {\
          ""must"": [\
            {\
              ""multi_match"": {\
                ""query"": ""SEARCH_NAME"",\
                ""fields"": [\
                  ""name""\
                ],\
                ""type"": ""phrase"",\
                ""analyzer"": ""dhi_term_analyzer"",\
                ""boost"": 2\
              }\
            },\
            {\
              ""multi_match"": {\
                ""query"": ""SEARCH_ADDRESS"",\
                ""type"": ""most_fields"",\
                ""fields"": [\
                  ""address""\
                ],\
                ""analyzer"": ""dhi_term_analyzer"",\
                ""boost"": 10\
              }\
            }\
          ]\
        }\
      }\
    }\
  ]\
}","2022-06-20 10:38:29","14","2022-06-23 15:40:25","1","18","2"
"942","mumbai","20","Mumbai","info@ubi.com","1234567890","Mumbai, India","2707","22","101","560103","29AADCD7482M1ZZ","","AADCD7482M",\N,\N,\N,\N,\N,\N,\N,"2023-12-28 12:20:47","1",\N,\N,"20","20","UBI","Union Bank of India","UBI@UBI.com","9999999999","Bangalore-560001","{\
  ""nameSearchQueries"": [\
    {\
      ""queryDHI"": {\
        ""multi_match"": {\
          ""query"": ""SEARCH_NAME"",\
          ""fields"": [\
            ""name""\
          ],\
          ""type"": ""phrase"",\
          ""analyzer"": ""dhi_term_analyzer"",\
          ""boost"": 10\
        }\
      }\
    }\
  ],\
  ""addressSearchQueries"": [\
    {\
      ""queryDHI"": {\
        ""match"": {\
          ""address"": {\
            ""query"": ""SEARCH_ADDRESS"",\
            ""analyzer"": ""dhi_term_analyzer""\
          }\
        }\
      }\
    }\
  ],\
  ""nameAddressQueries"": [\
    {\
      ""queryDHI"": {\
        ""bool"": {\
          ""must"": [\
            {\
              ""multi_match"": {\
                ""query"": ""SEARCH_NAME"",\
                ""fields"": [\
                  ""name""\
                ],\
                ""type"": ""phrase"",\
                ""analyzer"": ""dhi_term_analyzer"",\
                ""boost"": 10\
              }\
            },\
            {\
              ""multi_match"": {\
                ""query"": ""SEARCH_ADDRESS"",\
                ""type"": ""most_fields"",\
                ""fields"": [\
                  ""address""\
                ],\
                ""analyzer"": ""dhi_term_analyzer"",\
                ""boost"": 2\
              }\
            }\
          ]\
        }\
      }\
    },\
    {\
      ""queryDHI"": {\
        ""bool"": {\
          ""must"": [\
            {\
              ""multi_match"": {\
                ""query"": ""SEARCH_NAME"",\
                ""fields"": [\
                  ""name""\
                ],\
                ""type"": ""phrase"",\
                ""analyzer"": ""dhi_term_analyzer"",\
                ""boost"": 2\
              }\
            },\
            {\
              ""multi_match"": {\
                ""query"": ""SEARCH_ADDRESS"",\
                ""type"": ""most_fields"",\
                ""fields"": [\
                  ""address""\
                ],\
                ""analyzer"": ""dhi_term_analyzer"",\
                ""boost"": 10\
              }\
            }\
          ]\
        }\
      }\
    }\
  ]\
}","2022-06-20 10:38:29","14","2022-06-23 15:40:25","1","18","2"
"319","AECSLT","25","AECS Layout","aecslayout.bengaluru@bankofindia.co.in","72091 57394","AECS Layout","1558","17","101","","","29AAACB0472C1Z5","","AAACB0472C",\N,"UDYAM-KR-03-0106234",\N,\N,\N,\N,"2022-07-13 16:02:56","21",\N,\N,"20","25","BOI","Bank Of India","rbc.Bengaluru@bankofindia.co.in","4567894561","KG Road, Bangalore",\N,"2022-07-13 16:00:24","21",\N,\N,"18","2"
"320","BNSKRI","25","Banashankari","banashankari.bengaluru@bankofindia.co.in","81368 73660","Banashankari","1558","17","101","","","29AAACB0472C1Z5","","AAACB0472C",\N,"UDYAM-KR-03-0106234",\N,\N,\N,\N,"2022-07-13 16:02:56","21",\N,\N,"20","25","BOI","Bank Of India","rbc.Bengaluru@bankofindia.co.in","4567894561","KG Road, Bangalore",\N,"2022-07-13 16:00:24","21",\N,\N,"18","2"
"321","BSVWNR","25","Basaveshwarnagar ","basaveshwar.bengaluru@bankofindia.co.in","87901 82215","Basaveshwarnagar ","1558","17","101","","","29AAACB0472C1Z5","","AAACB0472C",\N,"UDYAM-KR-03-0106234",\N,\N,\N,\N,"2022-07-13 16:02:56","21",\N,\N,"20","25","BOI","Bank Of India","rbc.Bengaluru@bankofindia.co.in","4567894561","KG Road, Bangalore",\N,"2022-07-13 16:00:24","21",\N,\N,"18","2"
"322","BANWAD","25","Banaswadi","banaswadi.bengaluru@bankofindia.co.in","84968 24090","Banaswadi","1558","17","101","","","29AAACB0472C1Z5","","AAACB0472C",\N,"UDYAM-KR-03-0106234",\N,\N,\N,\N,"2022-07-13 16:02:56","21",\N,\N,"20","25","BOI","Bank Of India","rbc.Bengaluru@bankofindia.co.in","4567894561","KG Road, Bangalore",\N,"2022-07-13 16:00:24","21",\N,\N,"18","2"
"323","BTHLSR","25","Bettahalsur","bettahalasur.bengaluru@bankofindia.co.in","98866 13418","Bettahalsur","1558","17","101","","","29AAACB0472C1Z5","","AAACB0472C",\N,"UDYAM-KR-03-0106234",\N,\N,\N,\N,"2022-07-13 16:02:56","21",\N,\N,"20","25","BOI","Bank Of India","rbc.Bengaluru@bankofindia.co.in","4567894561","KG Road, Bangalore",\N,"2022-07-13 16:00:24","21",\N,\N,"18","2"
"324","BTMLYT","25","BTM Layout","btmlayout.bengaluru@bankofindia.co.in","81970 29179","BTM Layout","1558","17","101","","","29AAACB0472C1Z5","","AAACB0472C",\N,"UDYAM-KR-03-0106234",\N,\N,\N,\N,"2022-07-13 16:02:56","21",\N,\N,"20","25","BOI","Bank Of India","rbc.Bengaluru@bankofindia.co.in","4567894561","KG Road, Bangalore",\N,"2022-07-13 16:00:24","21",\N,\N,"18","2"
"325","CKBLPR","25","Chikkaballapura ","chikkaballapur.bengaluru@bankofindia.co.in","94904 36243","Chikkaballapura ","1558","17","101","","","29AAACB0472C1Z5","","AAACB0472C",\N,"UDYAM-KR-03-0106234",\N,\N,\N,\N,"2022-07-13 16:02:56","21",\N,\N,"20","25","BOI","Bank Of India","rbc.Bengaluru@bankofindia.co.in","4567894561","KG Road, Bangalore",\N,"2022-07-13 16:00:24","21",\N,\N,"18","2"
"326","CNTMNT","25","Contonment Branch","cantonment.bengaluru@bankofindia.co.in","95382 71254","Contonment Branch","1558","17","101","","","29AAACB0472C1Z5","","AAACB0472C",\N,"UDYAM-KR-03-0106234",\N,\N,\N,\N,"2022-07-13 16:02:56","21",\N,\N,"20","25","BOI","Bank Of India","rbc.Bengaluru@bankofindia.co.in","4567894561","KG Road, Bangalore",\N,"2022-07-13 16:00:24","21",\N,\N,"18","2"
"327","HAMANR","25","Hanumanthanagar","hanumanthngr.bengaluru@bankofindia.co.in","99806 59434","Hanumanthanagar","1558","17","101","","","29AAACB0472C1Z5","","AAACB0472C",\N,"UDYAM-KR-03-0106234",\N,\N,\N,\N,"2022-07-13 16:02:56","21",\N,\N,"20","25","BOI","Bank Of India","rbc.Bengaluru@bankofindia.co.in","4567894561","KG Road, Bangalore",\N,"2022-07-13 16:00:24","21",\N,\N,"18","2"
"328","IITTPL","25","ITPL","itpl.bengaluru@bankofindia.co.in","80922 34162","ITPL","1558","17","101","","","29AAACB0472C1Z5","","AAACB0472C",\N,"UDYAM-KR-03-0106234",\N,\N,\N,\N,"2022-07-13 16:02:56","21",\N,\N,"20","25","BOI","Bank Of India","rbc.Bengaluru@bankofindia.co.in","4567894561","KG Road, Bangalore",\N,"2022-07-13 16:00:24","21",\N,\N,"18","2"
"329","JEBHNR","25","Jeevanbheemanagar","jbnagar.bengaluru@bankofindia.co.in","73005 73398","Jeevanbheemanagar","1558","17","101","","","29AAACB0472C1Z5","","AAACB0472C",\N,"UDYAM-KR-03-0106234",\N,\N,\N,\N,"2022-07-13 16:02:56","21",\N,\N,"20","25","BOI","Bank Of India","rbc.Bengaluru@bankofindia.co.in","4567894561","KG Road, Bangalore",\N,"2022-07-13 16:00:24","21",\N,\N,"18","2"
"330","JIGANI","25","Jigani","jigani.bengaluru@bankofindia.co.in","90529 86377","Jigani","1558","17","101","","","29AAACB0472C1Z5","","AAACB0472C",\N,"UDYAM-KR-03-0106234",\N,\N,\N,\N,"2022-07-13 16:02:56","21",\N,\N,"20","25","BOI","Bank Of India","rbc.Bengaluru@bankofindia.co.in","4567894561","KG Road, Bangalore",\N,"2022-07-13 16:00:24","21",\N,\N,"18","2"
"331","KTHNUR","25","Kothanur ","kothanur.bengaluru@bankofindia.co.in","9000785450","Kothanur ","1558","17","101","","","29AAACB0472C1Z5","","AAACB0472C",\N,"UDYAM-KR-03-0106234",\N,\N,\N,\N,"2022-07-13 16:02:56","21",\N,\N,"20","25","BOI","Bank Of India","rbc.Bengaluru@bankofindia.co.in","4567894561","KG Road, Bangalore",\N,"2022-07-13 16:00:24","21",\N,\N,"18","2"
"332","MANDYS","25","Mandya","mandya.bengaluru@bankofindia.co.in","80745 00059","Mandya","1558","17","101","","","29AAACB0472C1Z5","","AAACB0472C",\N,"UDYAM-KR-03-0106234",\N,\N,\N,\N,"2022-07-13 16:02:56","21",\N,\N,"20","25","BOI","Bank Of India","rbc.Bengaluru@bankofindia.co.in","4567894561","KG Road, Bangalore",\N,"2022-07-13 16:00:24","21",\N,\N,"18","2"
"333","MLKCLY","25","Milk Colony","milkcolony.bengaluru@bankofindia.co.in","99861 33854","Milk Colony","1558","17","101","","","29AAACB0472C1Z5","","AAACB0472C",\N,"UDYAM-KR-03-0106234",\N,\N,\N,\N,"2022-07-13 16:02:56","21",\N,\N,"20","25","BOI","Bank Of India","rbc.Bengaluru@bankofindia.co.in","4567894561","KG Road, Bangalore",\N,"2022-07-13 16:00:24","21",\N,\N,"18","2"
"334","PEENYA","25","Peenya","peenya.bengaluru@bankofindia.co.in","79756 66949","Peenya","1558","17","101","","","29AAACB0472C1Z5","","AAACB0472C",\N,"UDYAM-KR-03-0106234",\N,\N,\N,\N,"2022-07-13 16:02:56","21",\N,\N,"20","25","BOI","Bank Of India","rbc.Bengaluru@bankofindia.co.in","4567894561","KG Road, Bangalore",\N,"2022-07-13 16:00:24","21",\N,\N,"18","2"
"335","RTNGAR","25","R T Nagar","rtnagarcp.bengaluru@bankofindia.co.in","98675 95678","R T Nagar","1558","17","101","","","29AAACB0472C1Z5","","AAACB0472C",\N,"UDYAM-KR-03-0106234",\N,\N,\N,\N,"2022-07-13 16:02:56","21",\N,\N,"20","25","BOI","Bank Of India","rbc.Bengaluru@bankofindia.co.in","4567894561","KG Road, Bangalore",\N,"2022-07-13 16:00:24","21",\N,\N,"18","2"
"336","RAJINR","25","Rajajinagar","rajajinagar.bengaluru@bankofindia.co.in"," 97316 95685","Rajajinagar","1558","17","101","","","29AAACB0472C1Z5","","AAACB0472C",\N,"UDYAM-KR-03-0106234",\N,\N,\N,\N,"2022-07-13 16:02:56","21",\N,\N,"20","25","BOI","Bank Of India","rbc.Bengaluru@bankofindia.co.in","4567894561","KG Road, Bangalore",\N,"2022-07-13 16:00:24","21",\N,\N,"18","2"
"337","RRAJNR","25","Rajarajeshwarinagar","rajarajeshwarinagar.bengaluru@bankofindia.co.in","76749 19948","Rajarajeshwarinagar","1558","17","101","","","29AAACB0472C1Z5","","AAACB0472C",\N,"UDYAM-KR-03-0106234",\N,\N,\N,\N,"2022-07-13 16:02:56","21",\N,\N,"20","25","BOI","Bank Of India","rbc.Bengaluru@bankofindia.co.in","4567894561","KG Road, Bangalore",\N,"2022-07-13 16:00:24","21",\N,\N,"18","2"
"338","RAMANR","25","Ramanagar","ramanagara.bengaluru@bankofindia.co.in","9886099733","Ramanagar","1558","17","101","","","29AAACB0472C1Z5","","AAACB0472C",\N,"UDYAM-KR-03-0106234",\N,\N,\N,\N,"2022-07-13 16:02:56","21",\N,\N,"20","25","BOI","Bank Of India","rbc.Bengaluru@bankofindia.co.in","4567894561","KG Road, Bangalore",\N,"2022-07-13 16:00:24","21",\N,\N,"18","2"
"339","RICHTN","25","Richmond Town","richmondtown.bengaluru@bankofindia.co.in","74025 19035","Richmond Town","1558","17","101","","","29AAACB0472C1Z5","","AAACB0472C",\N,"UDYAM-KR-03-0106234",\N,\N,\N,\N,"2022-07-13 16:02:56","21",\N,\N,"20","25","BOI","Bank Of India","rbc.Bengaluru@bankofindia.co.in","4567894561","KG Road, Bangalore",\N,"2022-07-13 16:00:24","21",\N,\N,"18","2"
"340","SANJNR","25","Sanjaynagar","sanjaynagar.bengaluru@bankofindia.co.in","99864 61536","Sanjaynagar","1558","17","101","","","29AAACB0472C1Z5","","AAACB0472C",\N,"UDYAM-KR-03-0106234",\N,\N,\N,\N,"2022-07-13 16:02:56","21",\N,\N,"20","25","BOI","Bank Of India","rbc.Bengaluru@bankofindia.co.in","4567894561","KG Road, Bangalore",\N,"2022-07-13 16:00:24","21",\N,\N,"18","2"
"341","SJPRRD","25","Sarjapura Road","sarjapuraroad.bengaluru@bankofindia.co.in"," 94342 22323","Sarjapura Road","1558","17","101","","","29AAACB0472C1Z5","","AAACB0472C",\N,"UDYAM-KR-03-0106234",\N,\N,\N,\N,"2022-07-13 16:02:56","21",\N,\N,"20","25","BOI","Bank Of India","rbc.Bengaluru@bankofindia.co.in","4567894561","KG Road, Bangalore",\N,"2022-07-13 16:00:24","21",\N,\N,"18","2"
"342","SICICO","25","Silicon City College","siliconcitycollege.bengaluru@bankofindia.co.in","080-25610519","Silicon City College","1558","17","101","","","29AAACB0472C1Z5","","AAACB0472C",\N,"UDYAM-KR-03-0106234",\N,\N,\N,\N,"2022-07-13 16:02:56","21",\N,\N,"20","25","BOI","Bank Of India","rbc.Bengaluru@bankofindia.co.in","4567894561","KG Road, Bangalore",\N,"2022-07-13 16:00:24","21",\N,\N,"18","2"
"343","SHKNGR","25","Sahakarnagar","sahakarnagar.bengaluru@bankofindia.co.in","95354 71143","Sahakaranagar","1558","17","101","","","29AAACB0472C1Z5","","AAACB0472C",\N,"UDYAM-KR-03-0106234",\N,\N,\N,\N,"2022-07-13 16:02:56","21",\N,\N,"20","25","BOI","Bank Of India","rbc.Bengaluru@bankofindia.co.in","4567894561","KG Road, Bangalore",\N,"2022-07-13 16:00:24","21",\N,\N,"18","2"
"344","TMKUUR","25","Tumkur","tumkur.bengaluru@bankofindia.co.in","89041 23473","Tumkur","1558","17","101","","","29AAACB0472C1Z5","","AAACB0472C",\N,"UDYAM-KR-03-0106234",\N,\N,\N,\N,"2022-07-13 16:02:56","21",\N,\N,"20","25","BOI","Bank Of India","rbc.Bengaluru@bankofindia.co.in","4567894561","KG Road, Bangalore",\N,"2022-07-13 16:00:24","21",\N,\N,"18","2"
"345","VVPURM","25","V V Puram","vvpuram.bengaluru@bankofindia.co.in","81529 45858","V V Puram","1558","17","101","","","29AAACB0472C1Z5","","AAACB0472C",\N,"UDYAM-KR-03-0106234",\N,\N,\N,\N,"2022-07-13 16:02:56","21",\N,\N,"20","25","BOI","Bank Of India","rbc.Bengaluru@bankofindia.co.in","4567894561","KG Road, Bangalore",\N,"2022-07-13 16:00:24","21",\N,\N,"18","2"
"346","VDYAPR","25","Vidyaranyapura","vidyaranyapura.bengaluru@bankofindia.co.in","73895 57309","Vidyaranyapura","1558","17","101","","","29AAACB0472C1Z5","","AAACB0472C",\N,"UDYAM-KR-03-0106234",\N,\N,\N,\N,"2022-07-13 16:02:56","21",\N,\N,"20","25","BOI","Bank Of India","rbc.Bengaluru@bankofindia.co.in","4567894561","KG Road, Bangalore",\N,"2022-07-13 16:00:24","21",\N,\N,"18","2"
"347","VIGNNR","25","Vignannagar","vignannagar.bengaluru@bankofindia.co.in","91764 52408","Vignannagar","1558","17","101","","","29AAACB0472C1Z5","","AAACB0472C",\N,"UDYAM-KR-03-0106234",\N,\N,\N,\N,"2022-07-13 16:02:56","21",\N,\N,"20","25","BOI","Bank Of India","rbc.Bengaluru@bankofindia.co.in","4567894561","KG Road, Bangalore",\N,"2022-07-13 16:00:24","21",\N,\N,"18","2"
"348","WHFILD","25","Whitefield","whitefield.bengaluru@bankofindia.co.in","96924 02008","Whitefield","1558","17","101","","","29AAACB0472C1Z5","","AAACB0472C",\N,"UDYAM-KR-03-0106234",\N,\N,\N,\N,"2022-07-13 16:02:56","21",\N,\N,"20","25","BOI","Bank Of India","rbc.Bengaluru@bankofindia.co.in","4567894561","KG Road, Bangalore",\N,"2022-07-13 16:00:24","21",\N,\N,"18","2"
"349","YELHNK","25","Yelahanka","yelahanka.bengaluru@bankofindia.co.in","88613 07071","Yelahanka","1558","17","101","","","29AAACB0472C1Z5","","AAACB0472C",\N,"UDYAM-KR-03-0106234",\N,\N,\N,\N,"2022-07-13 16:02:56","21",\N,\N,"20","25","BOI","Bank Of India","rbc.Bengaluru@bankofindia.co.in","4567894561","KG Road, Bangalore",\N,"2022-07-13 16:00:24","21",\N,\N,"18","2"
"350","YESHPR","25","Yeshwanthpura","yeshwantpursme.bengaluru@bankofindia.co.in","97394 83138","Yeshwanthpura","1558","17","101","","","29AAACB0472C1Z5","","AAACB0472C",\N,"UDYAM-KR-03-0106234",\N,\N,\N,\N,"2022-07-13 16:02:56","21",\N,\N,"20","25","BOI","Bank Of India","rbc.Bengaluru@bankofindia.co.in","4567894561","KG Road, Bangalore",\N,"2022-07-13 16:00:24","21",\N,\N,"18","2"
"351","HGTMRD","25","Hesarghatta Main Road ","hesaraghatta.bengaluru@bankofindia.co.in","97429 07623","Hesarghatta Main Road ","1558","17","101","","","29AAACB0472C1Z5","","AAACB0472C",\N,"UDYAM-KR-03-0106234",\N,\N,\N,\N,"2022-07-13 16:02:56","21",\N,\N,"20","25","BOI","Bank Of India","rbc.Bengaluru@bankofindia.co.in","4567894561","KG Road, Bangalore",\N,"2022-07-13 16:00:24","21",\N,\N,"18","2"
